Provincia,Cantón,Parroquia,Dirección,Código Institución,Nombre Institución,Sostenimiento,Régimen Escolar,Jurisdicción,Identificación Etnica,Nacionalidad Predominante,Pueblo Predominante,Número Alumnos,Número Docentes,Estudiantes por docente
AZUAY,CAMILO PONCE ENRIQUEZ,CAMILO PONCE ENRIQUEZ,   COMUNIDAD LA LIBERTAD,01B00059,ESCUELA DE EDUCACIÓN BÁSICA OSWALDO GUAYASAMIN,Fiscal,Costa,Intercultural Bilingüe,Mestiza,Mestiza,Mestiza,2.0,1.0,2.0
AZUAY,CAMILO PONCE ENRIQUEZ,CAMILO PONCE ENRIQUEZ,   COMUNIDAD PIJILÍ CHICO,01B00069,ESCUELA DE EDUCACIÓN BÁSICA 20 DE AGOSTO,Fiscal,Costa,Intercultural Bilingüe,Mestiza,Mestiza,Mestiza,4.0,1.0,4.0
AZUAY,CUENCA,CHAUCHA,   COMUNIDAD COCA,01B00021,ESCUELA DE EDUCACION BASICA SEIS DE JUNIO,Fiscal,Costa,Intercultural Bilingüe,Mestiza,Mestiza,Mestiza,10.0,1.0,10.0
BOLIVAR,ECHEANDIA,ECHEANDIA,   RECINTO CARIMARA,02B00097,30 DE ABRIL,Fiscal,Costa,Intercultural Bilingüe,Indígena,Kichwa,Waranka,8.0,1.0,8.0
BOLIVAR,ECHEANDIA,ECHEANDIA,   RECINTO EL CALVARIO,02B00096,MONTE ALEGRE,Fiscal,Costa,Intercultural Bilingüe,Indígena,Kichwa,Waranka,2.0,1.0,2.0
BOLIVAR,ECHEANDIA,ECHEANDIA,VIA GUARANDA 1 SIMON BOLIVAR ,02B00095,CENTRO EDUCATIVO COMUNITARIO INTERCULTURAL BILINGUE DE EDUCACION BASICA DR RAUL URBINA BERMEO,Fiscal,Costa,Intercultural Bilingüe,Indígena,Kichwa,Waranka,26.0,2.0,13.0
BOLIVAR,GUARANDA,FACUNDO VELA,   BARRIO  MIRA FLORES,02B00019,UNIDAD EDUCATIVA COMUNITARIA INTERCULTURAL BILINGÜE CHINIBI,Fiscal,Costa,Intercultural Bilingüe,Indígena,Kichwa,Waranka,166.0,11.0,15.09
BOLIVAR,GUARANDA,FACUNDO VELA,   RECINTO EL PORVENIR,02B00102,CECIB  DE EB  20 DE AGOSTO,Fiscal,Costa,Intercultural Bilingüe,Indígena,Kichwa,Waranka,19.0,1.0,19.0
BOLIVAR,GUARANDA,FACUNDO VELA,   RECINTO EL RECREO,02B00100,CENTRO EDUCATIVO COMUNITARIO INTERCULTURAL BILINGÜE EL DESCANSO,Fiscal,Costa,Intercultural Bilingüe,Indígena,Kichwa,Tomabela,8.0,1.0,8.0
BOLIVAR,GUARANDA,FACUNDO VELA,   RECINTO  LA FLORIDA,02B00103,CECIB DE EB 9 DE NOVIEMBRE DE 1988,Fiscal,Costa,Intercultural Bilingüe,Indígena,Kichwa,Tomabela,11.0,1.0,11.0
BOLIVAR,GUARANDA,FACUNDO VELA,   RECINTO SANTA TERESITA DE LA UNION,02B00104,CECIB DE EB MUSHUK  PAKARI,Fiscal,Costa,Intercultural Bilingüe,Indígena,Kichwa,Waranka,6.0,1.0,6.0
BOLIVAR,GUARANDA,GUANUJO,   COMUNIDAD  GUANTUC CRUZ,02B00025,CECIB DE EB NUEVA ESPERANZA,Fiscal,Costa,Intercultural Bilingüe,Indígena,Kichwa,Waranka,149.0,8.0,18.62
BOLIVAR,GUARANDA,JULIO E. MORENO (CATANAHUAN GRANDE),   COMUNIDAD MORASPAMBA,02B00106,9 DE MAYO,Fiscal,Costa,Intercultural Bilingüe,Indígena,Kichwa,Waranka,9.0,1.0,9.0
BOLIVAR,GUARANDA,SALINAS,   MONOLOMA,02B00101,CECIB DE EB PADRE MIGUEL MURILLO,Fiscal,Costa,Intercultural Bilingüe,Indígena,Kichwa,Waranka,8.0,1.0,8.0
BOLIVAR,GUARANDA,SALINAS,   RECINTO CHAUPI GUAYAMA,02B00059,CICEB DE EB  SAN FRANCISCO,Fiscal,Costa,Intercultural Bilingüe,Indígena,Kichwa,Waranka,8.0,1.0,8.0
BOLIVAR,GUARANDA,SALINAS,   RECINTO GRAMALOTE,02B00055,CECIB DE EB  HUALCOPO DUCHICELA,Fiscal,Costa,Intercultural Bilingüe,Indígena,Kichwa,Waranka,14.0,1.0,14.0
BOLIVAR,GUARANDA,SALINAS,   RECINTO LANZA URCO,02B00058,CECIB DE EB  RIO VERDE,Fiscal,Costa,Intercultural Bilingüe,Indígena,Kichwa,Waranka,21.0,1.0,21.0
BOLIVAR,GUARANDA,SIMIATUG,   COMUNIDAD MINDINA,02B00080,UNIDAD EDUCATIVA COMUNITARIA INTERCULTURAL BILINGÜE CACIQUE GUARANGA,Fiscal,Costa,Intercultural Bilingüe,Indígena,Kichwa,Waranka,146.0,11.0,13.27
BOLIVAR,GUARANDA,SIMIATUG,   RECINTO CASCARILLAS,02B00108,CECIB DE EB PRINCESA TOA,Fiscal,Costa,Intercultural Bilingüe,Indígena,Kichwa,Waranka,35.0,1.0,35.0
BOLIVAR,GUARANDA,SIMIATUG,   RECINTO LA CABAÑA,02B00084,CECIB DE EB ANDRES  LEMA CHIMBO,Fiscal,Costa,Intercultural Bilingüe,Indígena,Kichwa,Waranka,22.0,1.0,22.0
BOLIVAR,GUARANDA,SIMIATUG,   RECINTO SALALEO,02B00107,CECIB DE EB RUNA SHUNKU,Fiscal,Costa,Intercultural Bilingüe,Indígena,Kichwa,Waranka,44.0,3.0,14.67
BOLIVAR,GUARANDA,SIMIATUG,   RECINTO SANTA TERESA,02B00082,CENTRO EDUCATIVO COMUNITARIO INTERCULTURAL BILINGÜE 23 DE ABRIL,Fiscal,Costa,Intercultural Bilingüe,Indígena,Kichwa,Waranka,15.0,1.0,15.0
BOLIVAR,GUARANDA,SIMIATUG,   RECINTO YATALO,02B00133,CECIB DE EB GUARANGA,Fiscal,Costa,Intercultural Bilingüe,Indígena,Kichwa,Waranka,44.0,2.0,22.0
BOLIVAR,LAS NAVES,LAS NAVES,   RECINTO CERRO AZUL,02B00110,CORONEL MANUEL DE ECHEANDIA,Fiscal,Costa,Intercultural Bilingüe,Indígena,Kichwa,Waranka,2.0,1.0,2.0
CAÑAR,CAÑAR,CAÑAR,   COMUNIDAD  SANTA MARIA,03B00008,CECIB DE EDUCACION BASICA JOSE ANTONIO NEIRA,Fiscal,Costa,Intercultural Bilingüe,Indígena,Kichwa,Kañari,3.0,1.0,3.0
CAÑAR,CAÑAR,CHONTAMARCA,   COMUNIDAD EL ROSARIO,03B00121,CECIB DE EDUCACION BASICA EL ROSARIO,Fiscal,Costa,Intercultural Bilingüe,Indígena,Kichwa,Kañari,12.0,1.0,12.0
CAÑAR,CAÑAR,CHONTAMARCA,   COMUNIDAD LA ESPERANZA,03B00024,CECIB DE EDUCACION BASICA 24 DE JULIO,Fiscal,Costa,Intercultural Bilingüe,Indígena,Kichwa,Kañari,14.0,1.0,14.0
CAÑAR,CAÑAR,CHONTAMARCA,   COMUNIDAD SAN JUAN DE PAPAYAL,03B00021,CECIB DE EDUCACION BASICA JUAN MANUEL LEMA,Fiscal,Costa,Intercultural Bilingüe,Mestiza,Mestiza,Mestiza,9.0,1.0,9.0
CAÑAR,CAÑAR,CHONTAMARCA,   COMUNIDAD SURUPUNGO,03B00022,CECIB DE EDUCACION BASICA INTI RAYMI,Fiscal,Costa,Intercultural Bilingüe,Indígena,Kichwa,Kañari,4.0,1.0,4.0
CAÑAR,CAÑAR,CHONTAMARCA,   COMUNIDAD TIOPAMBA,03B00025,CECIB DE EDUCACION BASICA FERNANDO DAQUILEMA,Fiscal,Costa,Intercultural Bilingüe,Indígena,Kichwa,Kañari,3.0,1.0,3.0
CAÑAR,CAÑAR,CHONTAMARCA,   RAMOS URCU COMUNIDAD,03B00020,CECIB DE EDUCACION BASICA LORENZA ABIMAÑAY,Fiscal,Costa,Intercultural Bilingüe,Indígena,Kichwa,Kañari,6.0,1.0,6.0
CAÑAR,CAÑAR,GENERAL MORALES (SOCARTE),   COMUNIDAD CRUZ DE ANGAMARCA,03B00035,CECIB DE EDUCACION BASICA TUPAK KATARI,Fiscal,Costa,Intercultural Bilingüe,Indígena,Kichwa,Kañari,30.0,2.0,15.0
CAÑAR,CAÑAR,GENERAL MORALES (SOCARTE),   COMUNIDAD HIERBA BUENA,03B00031,CECIB DE EDUCACION BASICA JAIME ROLDOS AGUILERA,Fiscal,Costa,Intercultural Bilingüe,Indígena,Kichwa,Kañari,29.0,2.0,14.5
CAÑAR,CAÑAR,GENERAL MORALES (SOCARTE),   COMUNIDAD ILIN,03B00033,CECIB DE EDUCACION BASICA DOLORES CACUANGO,Fiscal,Costa,Intercultural Bilingüe,Indígena,Kichwa,Kañari,8.0,1.0,8.0
CAÑAR,CAÑAR,GENERAL MORALES (SOCARTE),   COMUNIDAD LA INDUSTRIA,03B00122,CECIB DE EDUCACION BASICA LA INDUSTRIA,Fiscal,Costa,Intercultural Bilingüe,Indígena,Kichwa,Kañari,10.0,1.0,10.0
CAÑAR,CAÑAR,GENERAL MORALES (SOCARTE),   COMUNIDAD LAS CRUCES,03B00039,CECIB DE EDUCACION BASICA NINA PAKARI,Fiscal,Costa,Intercultural Bilingüe,Indígena,Kichwa,Kañari,74.0,3.0,24.67
CAÑAR,CAÑAR,GENERAL MORALES (SOCARTE),   COMUNIDAD LAUREL,03B00032,UNIDAD EDUCATIVA COMUNITARIA INTERCULTURAL BILINGÜE PACHAKUTIK,Fiscal,Costa,Intercultural Bilingüe,Indígena,Kichwa,Kañari,100.0,7.0,14.29
CAÑAR,CAÑAR,GENERAL MORALES (SOCARTE),   COMUNIDAD LUGMA PAMBA,03B00042,CECIB DE EDUCACION BASICA 10 DE NOVIEMBRE,Fiscal,Costa,Intercultural Bilingüe,Indígena,Kichwa,Kañari,6.0,1.0,6.0
CAÑAR,CAÑAR,GENERAL MORALES (SOCARTE),   COMUNIDAD MOTILON,03B00030,CECIB DE EDUCACION BASICA INTI  PAKARI,Fiscal,Costa,Intercultural Bilingüe,Indígena,Kichwa,Kañari,12.0,1.0,12.0
CAÑAR,CAÑAR,GENERAL MORALES (SOCARTE),   COMUNIDAD POTRERILLOS,03B00041,CECIB DE EDUCACION BASICA ELOY ALFARO,Fiscal,Costa,Intercultural Bilingüe,Indígena,Kichwa,Kañari,28.0,2.0,14.0
CAÑAR,CAÑAR,GENERAL MORALES (SOCARTE),   COMUNIDAD RAMOS LOMA,03B00040,CECIB DE EDUCACION BASICA ELEUTERIO SIGUENCIA SIGUENCIA,Fiscal,Costa,Intercultural Bilingüe,Indígena,Kichwa,Kañari,8.0,1.0,8.0
CAÑAR,CAÑAR,GENERAL MORALES (SOCARTE),   COMUNIDAD SITINCAY,03B00036,CECIB DE EDUCACION BASICA TUPAK AMARU,Fiscal,Costa,Intercultural Bilingüe,Indígena,Kichwa,Kañari,8.0,1.0,8.0
CAÑAR,CAÑAR,GENERAL MORALES (SOCARTE),   COMUNIDAD SUICAY ALTO,03B00034,CECIB DE EDUCACION BASICA JOSE JOAQUIN DE OLMEDO,Fiscal,Costa,Intercultural Bilingüe,Indígena,Kichwa,Kañari,8.0,1.0,8.0
CAÑAR,CAÑAR,GENERAL MORALES (SOCARTE),   COMUNIDAD TOCTE PAMBA,03B00038,CECIB DE EDUCACION BASICA TOCTE PAMBA,Fiscal,Costa,Intercultural Bilingüe,Indígena,Kichwa,Kañari,11.0,1.0,11.0
CAÑAR,CAÑAR,GENERAL MORALES (SOCARTE),   COMUNIDAD ZAPALLO PAMBA,03B00037,CECIB DE EDUCACION BASICA FRAY VICENTE SOLANO,Fiscal,Costa,Intercultural Bilingüe,Indígena,Kichwa,Kañari,18.0,2.0,9.0
CAÑAR,CAÑAR,GUALLETURO,   COMUNIDAD BUQUIAR,03B00199,CECIB DE EDUCACION BASICA 15  DE ABRIL,Fiscal,Costa,Intercultural Bilingüe,Indígena,Kichwa,Kañari,26.0,2.0,13.0
CAÑAR,CAÑAR,GUALLETURO,   COMUNIDAD CAMPO ALEGRE,03B00001,CECIB DE EDUCACION BASICA CAMPO ALEGRE,Fiscal,Costa,Intercultural Bilingüe,Indígena,Kichwa,Kañari,5.0,1.0,5.0
CAÑAR,CAÑAR,GUALLETURO,   COMUNIDAD CHIGLEDEL,03B00047,CECIB DE EDUCACION BASICA SAGRADO CORAZON DE JESUS,Fiscal,Costa,Intercultural Bilingüe,Mestiza,Mestiza,Mestiza,11.0,1.0,11.0
CAÑAR,CAÑAR,GUALLETURO,   COMUNIDAD  DE PURUVIN,03B00045,UNIDAD EDUCATIVA COMUNITARIA INTERCULTURAL BILINGÜE ANGEL MARIA IGLESIAS,Fiscal,Costa,Intercultural Bilingüe,Indígena,Kichwa,Kañari,166.0,12.0,13.83
CAÑAR,CAÑAR,GUALLETURO,   COMUNIDAD GAZZA,03B00125,CECIB DE EDUCACION BASICA 24 DE MAYO,Fiscal,Costa,Intercultural Bilingüe,Indígena,Kichwa,Kañari,8.0,1.0,8.0
CAÑAR,CAÑAR,GUALLETURO,   COMUNIDAD GER,03B00123,CECIB DE EDUCACION BASICA GER,Fiscal,Costa,Intercultural Bilingüe,Indígena,Kichwa,Kañari,90.0,6.0,15.0
CAÑAR,CAÑAR,GUALLETURO,   COMUNIDAD GULAG ALTO,03B00124,CECIB DE EDUCACIÓN BÁSICA GULAG ALTO,Fiscal,Costa,Intercultural Bilingüe,Mestiza,Mestiza,Mestiza,45.0,2.0,22.5
CAÑAR,CAÑAR,GUALLETURO,   COMUNIDAD MALAL,03B00043,CECIB DE EDUCACION BASICA MINAS DE ORO,Fiscal,Costa,Intercultural Bilingüe,Indígena,Kichwa,Kañari,51.0,3.0,17.0
CAÑAR,CAÑAR,GUALLETURO,   COMUNIDAD SHIRIN,03B00046,CECIB DE EDUCACION BASICA 10 DE AGOSTO,Fiscal,Costa,Intercultural Bilingüe,Indígena,Kichwa,Kañari,22.0,1.0,22.0
CAÑAR,CAÑAR,JUNCAL,   COMUNIDAD DE WARAWIN-VIA DURAN TAMBO,03B00058,UNIDAD EDUCATIVA COMUNITARIA INTERCULTURAL BILINGÜE JUNCAL,Fiscal,Costa,Intercultural Bilingüe,Indígena,Kichwa,Kañari,55.0,9.0,6.11
CAÑAR,CAÑAR,VENTURA,   COMUNIDAD TOMEBAMBA,03B00061,CECIB DE EDUCACION BASICA LUZ DE AMERICA,Fiscal,Costa,Intercultural Bilingüe,Indígena,Kichwa,Kañari,11.0,1.0,11.0
CAÑAR,SUSCAL,SUSCAL,   COMUNIDAD CERCAPATA,03B00126,CECIB DE EDUCACION BASICA CERCAPATA,Fiscal,Costa,Intercultural Bilingüe,Indígena,Kichwa,Kañari,21.0,2.0,10.5
CAÑAR,SUSCAL,SUSCAL,   COMUNIDAD CULLA UCU,03B00127,CECIB DE EDUCACION BASICA JOSE ERNESTO SUMBA SAULA,Fiscal,Costa,Intercultural Bilingüe,Indígena,Kichwa,Kañari,2.0,1.0,2.0
CAÑAR,SUSCAL,SUSCAL,   COMUNIDAD DE ACHUPILLAS,03B00076,CECIB DE EDUCACION BASICA RUMIÑAHUI,Fiscal,Costa,Intercultural Bilingüe,Indígena,Kichwa,Kañari,8.0,1.0,8.0
CAÑAR,SUSCAL,SUSCAL,   COMUNIDAD PACHON,03B00077,UNIDAD EDUCATIVA COMUNITARIA INTERCULTURAL BILINGÜE SUSCAL,Fiscal,Costa,Intercultural Bilingüe,Indígena,Kichwa,Kañari,361.0,31.0,11.65
CHIMBORAZO,ALAUSI,MULTITUD,   LOCALIDAD LAS ROCAS,06B00600,15 DE OCTUBRE,Fiscal,Costa,Intercultural Bilingüe,Indígena,Kichwa,Puruhá,9.0,1.0,9.0
CHIMBORAZO,PALLATANGA,PALLATANGA,   GAHUIN CHICO,06B00545,CENTRO EDUCATIVO COMUNITARIO INTERCULTURAL BILINGÜE DE EDUCACIÓN BÁSICA 9 DE OCTUBRE,Fiscal,Costa,Intercultural Bilingüe,Indígena,Kichwa,Puruhá,64.0,7.0,9.14
CHIMBORAZO,PALLATANGA,PALLATANGA,   RECINTO YAGUARCOCHA,06B00546,ESCUELA DE EDUCACIÓN BÁSICA INTERCULTURAL BILINGÜE YAGUARCOCHA,Fiscal,Costa,Intercultural Bilingüe,Indígena,Kichwa,Puruhá,9.0,1.0,9.0
COTOPAXI,PANGUA,EL CORAZON,   COMUNA LA PLANCHA,05B00108,CENTRO EDUCATIVO COMUNITARIO INTERCULTURAL BILINGÜE DE EDUCACIÓN BÁSICA ANTONIO DE ALCEDO,Fiscal,Costa,Intercultural Bilingüe,Indígena,Kichwa,Panzaleo,54.0,5.0,10.8
COTOPAXI,PANGUA,EL CORAZON,   COMUNIDAD CATAZAN GRANDE,05B00119,CECIBEB BATALLA DE TAPI,Fiscal,Costa,Intercultural Bilingüe,Indígena,Kichwa,Panzaleo,7.0,1.0,7.0
COTOPAXI,PANGUA,EL CORAZON,   COMUNIDAD PUNTA URCO,05B00016,CENTRO EDUCATIVO COMUNITARIO INTERCULTURAL BILINGÜE DE EDUCACIÓN BÁSICA UNION Y PROGRESO,Fiscal,Costa,Intercultural Bilingüe,Indígena,Kichwa,Panzaleo,13.0,1.0,13.0
COTOPAXI,PANGUA,EL CORAZON,   RECINTO  CATAZAN CHICO,05B00107,CECIBEB EL CÓNDOR,Fiscal,Costa,Intercultural Bilingüe,Indígena,Kichwa,Panzaleo,16.0,1.0,16.0
COTOPAXI,PANGUA,EL CORAZON,   RECINTO PANYATUG ALTO,05B00135,CENTRO EDUCATIVO COMUNITARIO INTERCULTURAL BILINGÜE DE EDUCACIÓN BÁSICA 5 DE JUNIO,Fiscal,Costa,Intercultural Bilingüe,Indígena,Kichwa,Panzaleo,8.0,1.0,8.0
COTOPAXI,PANGUA,EL CORAZON,   RECINTO QUISHPE CENTRO,05B00109,UNIDAD EDUCATIVA COMUNITARIA INTERCULTURAL BILINGÜE ALEJANDRO HUMBOLTH,Fiscal,Costa,Intercultural Bilingüe,Indígena,Kichwa,Tomabela,86.0,11.0,7.82
COTOPAXI,PANGUA,MORASPUNGO,   COMUNIDAD COLINAS DE DIOS,05B00133,CENTRO EDUCATIVO COMUNITARIO INTERCULTURAL BILINGÜE DE EDUCACIÓN BÁSICA COLINAS DE DIOS,Fiscal,Costa,Intercultural Bilingüe,Indígena,Kichwa,Panzaleo,22.0,1.0,22.0
COTOPAXI,PANGUA,MORASPUNGO,   RECINTO TRES ESTEROS,05B00132,CENTRO EDUCATIVO COMUNITARIO INTERCULTURAL BILINGÜE DE EDUCACIÓN BÁSICA LOS LIMONES ,Fiscal,Costa,Intercultural Bilingüe,Indígena,Kichwa,Panzaleo,11.0,1.0,11.0
COTOPAXI,PANGUA,RAMON CAMPAÑA,   COMUNIDAD SAN NICOLAS DE EL PARAISO,05B00137,CENTRO EDUCATIVO COMUNITARIO INTERCULTURAL BILINGÜE DE EDUCACION BASICA EL PARAISO,Fiscal,Costa,Intercultural Bilingüe,Mestiza,Mestiza,Mestiza,9.0,1.0,9.0
COTOPAXI,PANGUA,RAMON CAMPAÑA,   RECINTO EL MIRADOR,05B00134,PAULO FREIRE,Fiscal,Costa,Intercultural Bilingüe,Indígena,Kichwa,Panzaleo,13.0,1.0,13.0
COTOPAXI,PANGUA,RAMON CAMPAÑA,   RECINTO PILANCON,05B00136,UNIDAD EDUCATIVA COMUNITARIA INTERCULTURAL BILINGÜE REPÚBLICA DOMINICANA ,Fiscal,Costa,Intercultural Bilingüe,Mestiza,Mestiza,Mestiza,79.0,7.0,11.29
COTOPAXI,PUJILI,ANGAMARCA,   COMUNIDAD DE CHUROLOZAN -  ANGAMARCA,05B00104,CENTRO EDUCATIVO COMUNITARIO INTERCULTURAL BILINGÜE DE EDUCACION BASICA RUNAPAC SHUNCU,Fiscal,Costa,Intercultural Bilingüe,Indígena,Kichwa,Panzaleo,58.0,2.0,29.0
COTOPAXI,PUJILI,TINGO,   TAGUALO,05B00105,CENTRO EDUCATIVO COMUNITARIO INTERCULTURAL BILINGÜE DE EDUCACION BASICA CARLOS VICENTE SIGCHA,Fiscal,Costa,Intercultural Bilingüe,Mestiza,Mestiza,Mestiza,53.0,3.0,17.67
COTOPAXI,SIGCHOS,CHUGCHILLAN,   COMUNIDAD GALAPAGOS,05B00092,CENTRO EDUCATIVO COMUNITARIA INTERCULTURAL BILLINGUE DE  EDUCACION BASICA ALEGRIA AYALA VACA,Fiscal,Costa,Intercultural Bilingüe,Indígena,Kichwa,Panzaleo,41.0,2.0,20.5
COTOPAXI,SIGCHOS,CHUGCHILLAN,   COMUNIDAD GUARUMAL,05B00110,UNIDAD EDUCATIVA COMUNITARIA INTERCULTURAL BILINGUE  CIUDAD DE BRASILIA,Fiscal,Costa,Intercultural Bilingüe,Indígena,Kichwa,Panzaleo,102.0,10.0,10.2
COTOPAXI,SIGCHOS,CHUGCHILLAN,   SAN FRANCISCO DE SARAHUASI,05B00111,UNIDAD EDUCATIVA COMUNITARIA INTERCULTURAL BILLINGUE  ANTONIO MILLINGALLI AYALA,Fiscal,Costa,Intercultural Bilingüe,Indígena,Kichwa,Panzaleo,183.0,15.0,12.2
COTOPAXI,SIGCHOS,SIGCHOS,   COMUNIDAD YACUCHAQUI,05B00118,CENTRO EDUCATIVO COMUNITARIA INTERCULTURAL BILLINGUE DE  EDUCACION BASICA CAUPOLICAN,Fiscal,Costa,Intercultural Bilingüe,Indígena,Kichwa,Panzaleo,5.0,1.0,5.0
EL ORO,MACHALA,MACHALA,CIRCUNVALACION NORTE Y PAEZ FRENTE A LA FERRETERIA JONNIFER CAMPOVERDEPOVERDE  CDLA LA UNION ,07B00006,CENTRO EDUCATIVO INTERCULTURAL BILINGÜE DE EDUCACION BASICA FUENTE DE VIDA,Fiscal,Costa,Intercultural Bilingüe,Mestiza,Mestiza,Mestiza,179.0,9.0,19.89
EL ORO,MACHALA,MACHALA,MARCEL LANEADO  LAS PALMERAS Y SEXTA OESTE ,07B00005,UNIDAD EDUCATIVA COMUNITARIA INTERCULTURAL BILINGÜE KICHWAKUNAPAK AMAUTA YACHAY,Fiscal,Costa,Intercultural Bilingüe,Mestiza,Mestiza,Mestiza,499.0,23.0,21.7
ESMERALDAS,ELOY ALFARO,ATAHUALPA (CAB. EN CAMARONES),   DE BORBON A 3 HORAS EN LANCHA - EL ENCANTO,08B00003,CECIB PANAMERICANA PIÑAL,Fiscal,Costa,Intercultural Bilingüe,Indígena,Chachi,Chachi,25.0,1.0,25.0
ESMERALDAS,ELOY ALFARO,ATAHUALPA (CAB. EN CAMARONES),   RIO CAYAPAS - RIO CAMARONES - RAMPIDAL,08B00022,CECIB 10 DE AGOSTO,Fiscal,Costa,Intercultural Bilingüe,Indígena,Chachi,Chachi,89.0,7.0,12.71
ESMERALDAS,ELOY ALFARO,ATAHUALPA (CAB. EN CAMARONES),   RIO CAYAPAS - SANTA MARIA,08B00021,UNIDAD EDUCATIVA INTERCULTURAL BILINGUE JOSE DONATO ACERO,Fiscal,Costa,Intercultural Bilingüe,Indígena,Chachi,Chachi,150.0,11.0,13.64
ESMERALDAS,ELOY ALFARO,BORBON,   API,08B00023,CECIB JAIME ROLDOS AGUILERA,Fiscal,Costa,Intercultural Bilingüe,Indígena,Chachi,Chachi,92.0,5.0,18.4
ESMERALDAS,ELOY ALFARO,BORBON,   SANTA ROSA,08B00059,CECIB EPERARA SIA PIADAARADE,Fiscal,Costa,Intercultural Bilingüe,Indígena,Épera,Waranka,129.0,8.0,16.12
ESMERALDAS,ELOY ALFARO,SAN FRANCISCO DE ONZOLE,   ENTRADA A RECINTO SAN FRANCISCO DE ONZOLE,08B00024,CECIB EL SALVADOR,Fiscal,Costa,Intercultural Bilingüe,Indígena,Chachi,Chachi,18.0,1.0,18.0
ESMERALDAS,ELOY ALFARO,SAN JOSE DE CAYAPAS,   PICHIYACU GRANDE,08B00039,HERCILIO PIANCHICHE OREJUELA,Fiscal,Costa,Intercultural Bilingüe,Indígena,Chachi,Waranka,278.0,16.0,17.38
ESMERALDAS,ELOY ALFARO,SAN JOSE DE CAYAPAS,   PLAYA GRANDE CHACHI,08B00040,CECIB CHIHUATILLO,Fiscal,Costa,Intercultural Bilingüe,Indígena,Chachi,Chachi,16.0,1.0,16.0
ESMERALDAS,ELOY ALFARO,SAN JOSE DE CAYAPAS,   RIO CAYAPAS,08B00106,CECIB ROBERTO AÑAPA,Fiscal,Costa,Intercultural Bilingüe,Indígena,Chachi,Chachi,32.0,2.0,16.0
ESMERALDAS,ELOY ALFARO,SANTO DOMINGO DE ONZOLE,   COMUNIDAD CAPULÍ,08B00025,CECIB GONZALO PIZARRO,Fiscal,Costa,Intercultural Bilingüe,Indígena,Chachi,Chachi,55.0,2.0,27.5
ESMERALDAS,ELOY ALFARO,SANTO DOMINGO DE ONZOLE,   GUALPI,08B00019,CENTRO DE EDUCACION COMUNITARIO INTERCULTURAL BILINGUE ROSENDO ORTIZ,Fiscal,Costa,Intercultural Bilingüe,Indígena,Chachi,Chachi,79.0,3.0,26.33
ESMERALDAS,ELOY ALFARO,TELEMBI,   AGUA BLANCA,08B00027,AGUA BLANCA,Fiscal,Costa,Intercultural Bilingüe,Indígena,Chachi,Chachi,54.0,2.0,27.0
ESMERALDAS,ELOY ALFARO,TELEMBI,   ARENAL,08B00033,CECIB DUCHICELA,Fiscal,Costa,Intercultural Bilingüe,Indígena,Chachi,Chachi,24.0,1.0,24.0
ESMERALDAS,ELOY ALFARO,TELEMBI,   CAFETAL,08B00029,KUUNGA PI,Fiscal,Costa,Intercultural Bilingüe,Indígena,Chachi,Chachi,68.0,2.0,34.0
ESMERALDAS,ELOY ALFARO,TELEMBI,   CALLE LARGA,08B00061,AABAADYALLA,Fiscal,Costa,Intercultural Bilingüe,Indígena,Chachi,Waranka,13.0,1.0,13.0
ESMERALDAS,ELOY ALFARO,TELEMBI,   COOPERATIVA,08B00065,TEPUINBI,Fiscal,Costa,Intercultural Bilingüe,Indígena,Chachi,Chachi,36.0,1.0,36.0
ESMERALDAS,ELOY ALFARO,TELEMBI,   corriente grande,08B00035,CECIB JOSE ZAPATA,Fiscal,Costa,Intercultural Bilingüe,Indígena,Chachi,Chachi,159.0,8.0,19.88
ESMERALDAS,ELOY ALFARO,TELEMBI,   CORRIENTE SECO,08B00063,PITYASHPI,Fiscal,Costa,Intercultural Bilingüe,Indígena,Chachi,Waranka,40.0,2.0,20.0
ESMERALDAS,ELOY ALFARO,TELEMBI,   GALLINAZO,08B00053,AATYAIPI,Fiscal,Costa,Intercultural Bilingüe,Indígena,Chachi,Chachi,26.0,1.0,26.0
ESMERALDAS,ELOY ALFARO,TELEMBI,   GUADUAL,08B00026,CECIB LA AUXILIADORA,Fiscal,Costa,Intercultural Bilingüe,Indígena,Chachi,Chachi,37.0,2.0,18.5
ESMERALDAS,ELOY ALFARO,TELEMBI,   JEYAMBI,08B00054,CECIB RIO ZAPALLO,Fiscal,Costa,Intercultural Bilingüe,Indígena,Chachi,Waranka,64.0,2.0,32.0
ESMERALDAS,ELOY ALFARO,TELEMBI,   KM 18 DE HOJA BLANCA A CHONTA,08B00006,UNIDAD EDUCATIVA FIBA JAKI,Fiscal,Costa,Intercultural Bilingüe,Indígena,Chachi,Chachi,340.0,15.0,22.67
ESMERALDAS,ELOY ALFARO,TELEMBI,   LOMA LINDA,08B00034,UNIDAD EDUCATIVA COMUNITARIA INTERCULTURAL BILINGUE ATALAYA,Fiscal,Costa,Intercultural Bilingüe,Indígena,Chachi,Chachi,397.0,18.0,22.06
ESMERALDAS,ELOY ALFARO,TELEMBI,   RECINTO BALZAR,08B00062,CECIB JOSE RAMON,Fiscal,Costa,Intercultural Bilingüe,Indígena,Chachi,Chibuleo,31.0,1.0,31.0
ESMERALDAS,ELOY ALFARO,TELEMBI,   RECINTO CALLE MANZA,08B00031,CECIB BATALLA DE AYACUCHO,Fiscal,Costa,Intercultural Bilingüe,Indígena,Chachi,Waranka,50.0,2.0,25.0
ESMERALDAS,ELOY ALFARO,TELEMBI,   RECINTO EL PROGRESO,08B00036,24 DE MAYO,Fiscal,Costa,Intercultural Bilingüe,Indígena,Chachi,Waranka,42.0,1.0,42.0
ESMERALDAS,ELOY ALFARO,TELEMBI,   RECINTO ZAPALLO GRANDE,08B00004,UNIDAD EDUCATIVA INTERCULTURAL BILINGUE ORIENTE ECUATORIANO,Fiscal,Costa,Intercultural Bilingüe,Indígena,Chachi,Chachi,500.0,21.0,23.81
ESMERALDAS,ELOY ALFARO,TELEMBI,   RIO-CAYAPAS- EL TIGRE,08B00037,CECIB TSUPAPITYALLU,Fiscal,Costa,Intercultural Bilingüe,Indígena,Chachi,Chachi,43.0,2.0,21.5
ESMERALDAS,ELOY ALFARO,TELEMBI,   RIO CAYAPAS - GUALPI,08B00005,CENTRO EDUCATIVO COMUNITARIO INTERCULTURAL BILINGÜE  TEEKALI,Fiscal,Costa,Intercultural Bilingüe,Indígena,Chachi,Chachi,89.0,2.0,44.5
ESMERALDAS,ELOY ALFARO,TELEMBI,   RIO CAYAPAS - RIO ZAPALLO - AGUA SALADA,08B00052,CECIB TYAIPI,Fiscal,Costa,Intercultural Bilingüe,Indígena,Chachi,Waranka,59.0,2.0,29.5
ESMERALDAS,ELOY ALFARO,TELEMBI,   RIO SAN MIGUEL - ESTERO VICENTE,08B00038,CECIB BUSHPITYALLU,Fiscal,Costa,Intercultural Bilingüe,Indígena,Chachi,Chachi,26.0,1.0,26.0
ESMERALDAS,ELOY ALFARO,TELEMBI,   SABALITO,08B00057,CECIB PASHPI,Fiscal,Costa,Intercultural Bilingüe,Indígena,Chachi,No Aplica,87.0,2.0,43.5
ESMERALDAS,ELOY ALFARO,TELEMBI,   TIGUANERO,08B00032,TIGUANERO,Fiscal,Costa,Intercultural Bilingüe,Indígena,Chachi,Waranka,52.0,2.0,26.0
ESMERALDAS,ELOY ALFARO,TELEMBI,   TSEJPI,08B00028,EUGENIO ESPEJO,Fiscal,Costa,Intercultural Bilingüe,Indígena,Chachi,Chachi,67.0,2.0,33.5
ESMERALDAS,ELOY ALFARO,TELEMBI,   VIA HOJA BLANCA - CHONTADURO SUBIDA DE RIO A MARGEN  DERECHO - PIEDRA BLANCA,08B00056,CECIB FIBA SHUPUKA,Fiscal,Costa,Intercultural Bilingüe,Indígena,Chachi,Chachi,21.0,1.0,21.0
ESMERALDAS,ELOY ALFARO,TELEMBI,   ZAPALLITO,08B00030,SAANBI,Fiscal,Costa,Intercultural Bilingüe,Indígena,Chachi,Chachi,16.0,1.0,16.0
ESMERALDAS,ESMERALDAS,5 DE AGOSTO,OLMEDO 3-18 DELGADILLO ,08B00002,CENTRO EDUCATVO COMUNITARIO INTERCULTURAL BILINGÜE CECIB JOSE ESPÍRITU SANTO CIMARRÓN AÑAPA,Fiscal,Costa,Intercultural Bilingüe,Indígena,Chachi,Chachi,131.0,7.0,18.71
ESMERALDAS,ESMERALDAS,5 DE AGOSTO,SIN NOMBRE 703 SECTOR UNIDOS SOMOS MAS ,08H00080,UNIDAD EDUCATIVA  FAUSTO MOLINA,Fiscal,Costa,Intercultural,Negra,Negra,Negra,1440.0,62.0,23.23
ESMERALDAS,ESMERALDAS,SIMON PLATA TORRES,CALLE  G 40 CALLE C ,08H00369,UNIDAD EDUCATIVA ALFONSO QUIÑONEZ GEORGE,Fiscal,Costa,Intercultural,Negra,Negra,Negra,1565.0,61.0,25.66
ESMERALDAS,MUISNE,SAN GREGORIO,   COMUNIDAD SAN SALVADOR DE LOS CHACHI,08B00041,UNIDAD EDUCATIVA COMUNITARIA INTERCULTURAL BILINGUE JUAN LORENZO AÑAPA,Fiscal,Costa,Intercultural Bilingüe,Indígena,Chachi,Chachi,283.0,16.0,17.69
ESMERALDAS,MUISNE,SAN GREGORIO,   RIO SUCIO  - MONO MANSO,08B00105,CENTRO EDUCATIVO COMUNITARIO INTERCULTURAL BILINGÜE  JOSE TAPUYO DE LA CRUZ,Fiscal,Costa,Intercultural Bilingüe,Indígena,Chachi,Chachi,22.0,2.0,11.0
ESMERALDAS,MUISNE,SAN GREGORIO,   SAN JOSE,08B00007,CENTRO ED COMUNITARIO INTERCULTURAL  BILINGUE ED BASICA SAN SALVADOR,Fiscal,Costa,Intercultural Bilingüe,Indígena,Chachi,Chachi,27.0,2.0,13.5
ESMERALDAS,MUISNE,SAN JOSE DE CHAMANGA,   CHAMANGA,08B00050,CENTRO DE EDUCACION INTERCULTURAL BILINGÜE DOMINGO PERDOMO MELCHOR,Fiscal,Costa,Intercultural Bilingüe,Indígena,Chachi,Chachi,199.0,11.0,18.09
ESMERALDAS,MUISNE,SAN JOSE DE CHAMANGA,   COMUNIDAD BALZAR,08B00043,CENTRO EDUCATIVO INTERCULTURAL BILINGÜE FE Y ALEGRIA,Fiscal,Costa,Intercultural Bilingüe,Indígena,Chachi,Chachi,25.0,1.0,25.0
ESMERALDAS,QUININDE,CUBE,   RECINTO CHORRERA GARNDE,08B00058,ESCUELA EGB FISCAL RUMIÑAHUI,Fiscal,Costa,Intercultural Bilingüe,Indígena,Chachi,Chachi,85.0,2.0,42.5
ESMERALDAS,QUININDE,MALIMPIA,   ALADO DEL RIO CANANDE FRENTE A LA IGLESIA  COMUNIDAD ÑAMPI,08B00009,ESCUELA EGB FISCAL TSUTA,Fiscal,Costa,Intercultural Bilingüe,Indígena,Chachi,Chachi,54.0,2.0,27.0
ESMERALDAS,QUININDE,MALIMPIA,   COMUNIDAD AGUA CLARA,08B00020,CENTRO EDUCATIVO COMUNITARIO ISABEL DE SANTIAGO,Fiscal,Costa,Intercultural Bilingüe,Indígena,Chachi,Chachi,224.0,15.0,14.93
ESMERALDAS,QUININDE,MALIMPIA,   GUAYACANA-MALIMPIA-QUININDÉ-ESMERALDAS,08B00047,UNIDAD EDUCATIVA COMUNITARIA INTERCULTURAL BILINGÜE BATALLA DE TARQUI,Fiscal,Costa,Intercultural Bilingüe,Indígena,Chachi,Chachi,294.0,19.0,15.47
ESMERALDAS,QUININDE,MALIMPIA,   RECINTO NARANJAL DE LOS CHACHIS,08B00044,UECIB FISCOMISIONAL MARIA REINA DEL MUNDO,Fiscomisional,Costa,Intercultural Bilingüe,Indígena,Chachi,Chachi,355.0,17.0,20.88
ESMERALDAS,QUININDE,MALIMPIA,   RECINTO NARANJAL DE LOS CHACHIS,08B00046,CENTRO EDUCATIVO COMUNITARIO INTERCULTURAL BILINGÜE RIO CANANDE,Fiscal,Costa,Intercultural Bilingüe,Indígena,Chachi,Chachi,37.0,7.0,5.29
ESMERALDAS,QUININDE,MALIMPIA,   ZAPALLO A 4 KILOMETRO A LAS PAVAS,08B00045,UNIDAD EDUCATIVA COMUNITARIA INTERCULTURAL BILIGÜE LUZ Y VIDA,Fiscal,Costa,Intercultural Bilingüe,Indígena,Chachi,Chachi,354.0,19.0,18.63
ESMERALDAS,RIOVERDE,CHUMUNDE,   RECINTO MEDIANIA MARGEN DERECHO,08B00049,ESCUELA EGB FISCAL FRANCISCO ELIZALDE,Fiscal,Costa,Intercultural Bilingüe,Indígena,Chachi,Cotacachi,109.0,8.0,13.62
ESMERALDAS,RIOVERDE,RIOVERDE,LA RENACER UNO VIA A ESMERALDAS MARGEN IZQUIERDO ENTRADA DE EMPACADORA DE CAMARON PALESTINA ,08B00109,GUILLERMO DE LA CRUZ AÑAPA,Fiscal,Costa,Intercultural Bilingüe,Indígena,Chachi,Chachi,134.0,4.0,33.5
ESMERALDAS,SAN LORENZO,ALTO TAMBO (CAB EN GUADUAL),   SAN VICENTE,08B00013,CENTRO EDUCATIVO COMUNITARIO INTERCULTURAL BILINGÜE DE EDUCACION BASICA 24 DE MAYO,Fiscal,Costa,Intercultural Bilingüe,Indígena,Awá,Awa,9.0,1.0,9.0
ESMERALDAS,SAN LORENZO,ALTO TAMBO (CAB EN GUADUAL),   VIA SAN LORENZO,08B00060,CENTRO EDUCATIVO COMUNITARIO INTERCULTURAL BILINGÜE DE EDUCACION BASICA BENANCIO TAICUZ,Fiscal,Costa,Intercultural Bilingüe,Indígena,Awá,Awa,13.0,1.0,13.0
ESMERALDAS,SAN LORENZO,MATAJE (CAB. EN SANTANDER),"   COMUNIDAD MATAJE ALTO, MATAJE",08B00014,UNIDAD EDUCATIVA COMUNITARIA  INTERCULTURAL BILINGÜE LUCIANO GERMAN NASTACUAZ,Fiscal,Costa,Intercultural Bilingüe,Indígena,Awá,Awa,168.0,11.0,15.27
ESMERALDAS,SAN LORENZO,SAN LORENZO,KM  DOS Y MEDIO VIA A ESMERALDAS  BARRIO EL PEDREGAL  SIN NOMBRE ,08H01433,UNIDAD EDUCATIVA  DEL MILENIO PROFESORA CONSUELO BENAVIDES,Fiscal,Costa,Intercultural,Negra,Negra,Negra,1222.0,50.0,24.44
ESMERALDAS,SAN LORENZO,SANTA RITA,   COMUNIDAD DE LA UNION,08B00012,"CENTRO EDUCATIVO COMUNITARIO INTERCULTURAL BILINGÜE DE EDUCACION BASICA ""MISAEL NASTACUAS""",Fiscal,Costa,Intercultural Bilingüe,Indígena,Awá,Awa,48.0,2.0,24.0
ESMERALDAS,SAN LORENZO,TULULBI (CAB. EN RICAURTE),   COMUNIDAD BALSAREÑO,08B00015,CENTRO EDUCATIVO COMUNITARIO INTERCULTURAL BILINGÜE DE EDUCACION BASICA VUELTA MICO,Fiscal,Costa,Intercultural Bilingüe,Indígena,Awá,Awa,78.0,2.0,39.0
ESMERALDAS,SAN LORENZO,TULULBI (CAB. EN RICAURTE),   COMUNIDAD GUADUALITO VIA  EL PAN Y MATAJE ALTO,08B00017,CENTRO EDUCATIVO COMUNITARIO INTERCULTURAL BILINGÜE DE EDUCACION BASICA SANTA ROSA,Fiscal,Costa,Intercultural Bilingüe,Indígena,Awá,Awa,25.0,1.0,25.0
ESMERALDAS,SAN LORENZO,TULULBI (CAB. EN RICAURTE),   COMUNIDAD LA CEIBA,08B00018,UNIDAD EDUCATIVA COMUNITARIA  INTERCULTURAL BILINGÜE COZOPANGUI,Fiscal,Costa,Intercultural Bilingüe,Indígena,Chachi,Chachi,215.0,14.0,15.36
ESMERALDAS,SAN LORENZO,TULULBI (CAB. EN RICAURTE),   COMUNIDAD PAMBILAR,08B00016,CENTRO EDUCATIVO COMUNITARIO INTERCULTURAL BILINGÜE DE EDUCACION BASICA MOISES CANTINCUZ,Fiscal,Costa,Intercultural Bilingüe,Indígena,Awá,Awa,69.0,2.0,34.5
GALAPAGOS,SANTA CRUZ,PUERTO AYORA,   BARRIO CENTRAL REUBICADOS EN HORARIO VESPERTINO ESCUELA GALO PLAZA,20B00001,CENTRO EDUCATIVO COMUNITARIO INTERCULTURAL BILINGUE RUNAKUNAPAK YACHAY,Fiscal,Costa,Intercultural Bilingüe,Indígena,Kichwa,Salasaca,171.0,10.0,17.1
GUAYAS,DURAN,ELOY ALFARO (DURAN),CDLA BRISAS DE LOS ESTEROS  ARQ SARMIENTO Y CATORCE DE SEPTIEMBRE MZ8S5 CATORCE DE SEPTIEMBRE ,09B00035,UNIDAD EDUCATIVA INTERCULTURAL BILINGUE ATAHUALPA,Fiscal,Costa,Intercultural Bilingüe,Indígena,Kichwa,Puruhá,404.0,15.0,26.93
GUAYAS,DURAN,ELOY ALFARO (DURAN),   COOPERATIVA DE VIVIENDA CINCO DE JUNIO   SECTOR        D-2,09B00020,UNIDAD EDUCATIVA INTERCULTURAL BILINGUE TRANSITO AMAGUAÑA,Fiscal,Costa,Intercultural Bilingüe,Indígena,Kichwa,Puruhá,622.0,21.0,29.62
GUAYAS,DURAN,ELOY ALFARO (DURAN),EL RECREO    COOP FRENTE LUCHA POPULAR  SECTOR CERRO REDONDO 00 PEATONAL ,09B00019,UNIDAD EDUCATIVA INTERCULTURAL BILINGUE DOLORES CACUANGO,Fiscal,Costa,Intercultural Bilingüe,Indígena,Kichwa,Puruhá,308.0,10.0,30.8
GUAYAS,GENERAL ANTONIO ELIZALDE,GENERAL ANTONIO ELIZALDE (BUCAY),   RCTO RIO LIMON DE STA CLARA VIA A LA ESPERANZA,09B00015,CENTRO DE EDUCACIÓN INTERCULTURAL BILINGUE  JUAN LOPEZ TIBIRAM,Fiscal,Costa,Intercultural Bilingüe,Indígena,Shuar,Waranka,18.0,1.0,18.0
GUAYAS,GUAYAQUIL,TARQUI,   AV CASUARINA - COOPERATIVA LOS GUAYACANEZ  - MONTE SINAI,09B00042,UNIDAD EDUCATIVA INTERCULTURAL BILINGUE FISCAL   FERNANDO DAQUILEMA,Fiscal,Costa,Intercultural Bilingüe,Mestiza,Mestiza,Mestiza,1190.0,33.0,36.06
GUAYAS,GUAYAQUIL,TARQUI,BASTION POPULAR  BLOQUE 1B MZ DOSCIENTOS CINCUENTA  SOLAR DOS ,09B00024,UNIDAD EDUCATIVA COMUNITARIA INTERCULTURAL BILINGÜE SANTIAGO DE GUAYAQUIL,Fiscal,Costa,Intercultural Bilingüe,Indígena,Kichwa,Puruhá,661.0,26.0,25.42
GUAYAS,GUAYAQUIL,TARQUI,COOP EL FORTIN 23B-23C NOROESTE ,09B00043,NUEVA UNIDAD EDUCATIVA COMUNITARIA INTERCULTURAL BILINGÜE RUMIÑAHUI,Fiscal,Costa,Intercultural Bilingüe,Indígena,Kichwa,Puruhá,2660.0,68.0,39.12
GUAYAS,GUAYAQUIL,TARQUI,COPERATIVA SULTANA DE LOS ANDES MZ2710 CALLE  SN ,09B00022,UNIDAD EDUCATIVA FISCAL INTERCULTURAL BILINGÜE JAIME ROLDOS AGUILERA,Fiscal,Costa,Intercultural Bilingüe,Mestiza,Mestiza,Mestiza,571.0,21.0,27.19
GUAYAS,NARANJAL,NARANJAL,   COMUNIDAD SHUAR BAÑO DE AGUAS TERMALES TSUER ENTSA,09B00017,CENTRO EDUCATIVO COMUNITARIA INTERCULTURAL BILINGÜE DE EDUCACION BASICA FRANCISCO WAJAI,Fiscal,Costa,Intercultural Bilingüe,Indígena,Shuar,Waranka,8.0,1.0,8.0
GUAYAS,PLAYAS,GENERAL VILLAMIL (PLAYAS),   COMUNA ENGABAO,09B00038,UNIDAD EDUCATIVA COMUNITARIA INTERCULTURAL BILINGUE CACIQUE TUMBALA,Fiscal,Costa,Intercultural Bilingüe,Mestiza,Mestiza,Mestiza,529.0,24.0,22.04
GUAYAS,SAMBORONDON,SAMBORONDON,   31 DE OCTUBRE Y EL ORO,09B00037,UNIDAD EDUCATIVA INTERCULTURAL BILINGUE MONSEÑOR LEONIDAS PROAÑO,Fiscal,Costa,Intercultural Bilingüe,Indígena,Kichwa,Puruhá,216.0,8.0,27.0
LOS RIOS,QUEVEDO,SAN CAMILO,   LOTIZACION LAS LAGUNAS   GUSTAVO CAMPI VALERO,12B00017,MUSHUK PAKARI,Fiscal,Costa,Intercultural Bilingüe,Mestiza,Mestiza,Mestiza,231.0,9.0,25.67
LOS RIOS,VENTANAS,10 DE NOVIEMBRE,ADDON CALDERON  ALFONSO BORJA ,12B00013,CENTRO EDUCATIVO COMUNITARIO INTERCULTURAL BILINGUE DE EDUCACION BASICA RUMIÑAHUI,Fiscal,Costa,Intercultural Bilingüe,Indígena,Kichwa,Puruhá,167.0,8.0,20.88
MANABI,PUERTO LOPEZ,MACHALILLA,   COMUNA AGUA BLANCA 5KM CARRETERA ADENTRO MARGEN IZQUIERDO VIA PUERTO LOPEZ,13H04159,GUARDIANA DE LOS SABERES SEÑORIO DE SALANGOME,Fiscal,Costa,Intercultural,Mestiza,Mestiza,Mestiza,45.0,3.0,15.0
SANTO DOMINGO DE LOS TSACHILAS,SANTO DOMINGO,LUZ DE AMERICA,   VIA A QUEVEDO KM 14 Y MEDIO MARG DERECHO MAS 10 KM COMUNA CONGOMA GRANDE,23B00014,TSACHILA,Fiscal,Costa,Intercultural Bilingüe,Indígena,Tsáchila,Tsachila,71.0,3.0,23.67
SANTO DOMINGO DE LOS TSACHILAS,SANTO DOMINGO,PUERTO LIMON,   VÍA A QUEVEDO KM 7 MAS 2 MAS 2 MARGEN DERECHO COMUNA PERIPA,23B00015,RAUL ANDRADE,Fiscal,Costa,Intercultural Bilingüe,Indígena,Tsáchila,No Aplica,34.0,2.0,17.0
SANTO DOMINGO DE LOS TSACHILAS,SANTO DOMINGO,PUERTO LIMON,   VIA CHONE KM 21 MG IZQ MAS 10 KM COMUNA LOS NARANJOS CERCA DEL ESTADIO DE LA COMUNIDAD,23B00012,MADRE LAURA,Fiscal,Costa,Intercultural Bilingüe,Indígena,Tsáchila,Tsachila,74.0,5.0,14.8
SANTO DOMINGO DE LOS TSACHILAS,SANTO DOMINGO,PUERTO LIMON,   VIA PUERTO LIMON  KM 13 MARGEN IZQUIERDO-COMUNA CONGOMA -SECTOR  CONGOMITA,23B00011,CONADU,Fiscal,Costa,Intercultural Bilingüe,Indígena,Tsáchila,Tsachila,13.0,1.0,13.0
SANTO DOMINGO DE LOS TSACHILAS,SANTO DOMINGO,PUERTO LIMON,   VIA QUEVEDO KM CUATRO Y MEDIO MARGEN DERECHO MAS NUEVE KM COMUNA EL POSTE,23B00010,UNIDAD EDUCATIVA TOMAS RIVADENEIRA,Fiscal,Costa,Intercultural Bilingüe,Indígena,Tsáchila,Waranka,47.0,3.0,15.67
SANTO DOMINGO DE LOS TSACHILAS,SANTO DOMINGO,RIO TOACHI,   VIA A LAS MERCEDES KM 2 M IZQ COMITE PROMEJORAS VALLE DEL TOACHI,23B00003,PURUHA,Fiscal,Costa,Intercultural Bilingüe,Mestiza,Mestiza,Mestiza,177.0,10.0,17.7
SANTO DOMINGO DE LOS TSACHILAS,SANTO DOMINGO,RIO VERDE,CARTAGENA S/N AV EL SALTO ,23B00004,TUTSA KEESHA ESCUELA,Fiscal,Costa,Intercultural Bilingüe,Indígena,Chachi,Chachi,142.0,9.0,15.78
SANTO DOMINGO DE LOS TSACHILAS,SANTO DOMINGO,RIO VERDE,   VIA JULIO MORENO KM 14 MAS 1 MD - COMUNA OTONGO MAPALI,23B00009,PATRICIO ROMERO BARBERIS,Fiscal,Costa,Intercultural Bilingüe,Indígena,Tsáchila,Tsachila,17.0,1.0,17.0
SANTO DOMINGO DE LOS TSACHILAS,SANTO DOMINGO,SANTO DOMINGO DE LOS COLORADOS,   KM 07  VIA QUEVEDO MARGEN IZ MAS  KM 03  AV ABRAHAM CALAZACON COMUNUA CHIGUILPE,23B00013,CECIB ALEJANDRO CALAZACON,Fiscal,Costa,Intercultural Bilingüe,Indígena,Tsáchila,Tsachila,92.0,4.0,23.0
SANTO DOMINGO DE LOS TSACHILAS,SANTO DOMINGO,SANTO DOMINGO DE LOS COLORADOS,VIA A LA COMUNA COLORADOS DEL BUA 15 NINGUNA ,23B00016,UNIDAD EDUCATIVA COMUNITARIA INTERCULTURAL BILINGÜE GUARDIANA DE LA LENGUA ABRAHAM CALAZACON,Fiscal,Costa,Intercultural Bilingüe,Mestiza,Mestiza,Mestiza,435.0,20.0,21.75
AZUAY,CUENCA,MOLLETURO,   RECINTO PAUJI,01B00065,CECIB DE EDUCACIÓN BÁSICA MARIO LEÓN,Fiscal,Sierra,Intercultural Bilingüe,Mestiza,Mestiza,Mestiza,5.0,1.0,5.0
AZUAY,CUENCA,QUINGEO,   COMUNIDAD MONJAS CENTRO,01B00027,CECIB DE EDUCACIÓN BÁSICA MONSEÑOR LEONIDAS PROAÑO II,Fiscal,Sierra,Intercultural Bilingüe,Indígena,Kichwa,Kañari,168.0,13.0,12.92
AZUAY,CUENCA,QUINGEO,COMUNIDAD NONADEL ROSAS SN VIA RUMIPAMBA ,01B00072,ESCUELA DE EDUCACIÓN BÁSICA MARÍA AYORA PINEDA,Fiscal,Sierra,Intercultural Bilingüe,Mestiza,Mestiza,Mestiza,42.0,2.0,21.0
AZUAY,CUENCA,QUINGEO,   EL TEJAR,01B00029,CECIB DE EDUCACIÓN BÁSICA EL TEJAR,Fiscal,Sierra,Intercultural Bilingüe,Indígena,Kichwa,Kañari,36.0,3.0,12.0
AZUAY,CUENCA,QUINGEO,   PILLACHIQUIR CENTRO,01B00060,CECIB DE EDUCACIÓN BÁSICA JOSE PUZHI,Fiscal,Sierra,Intercultural Bilingüe,Indígena,Kichwa,Kañari,41.0,3.0,13.67
AZUAY,CUENCA,QUINGEO,   SAN VICENTE,01B00066,CECIB DE EDUCACIÓN BÁSICA SAN VICENTE,Fiscal,Sierra,Intercultural Bilingüe,Indígena,Kichwa,Kañari,19.0,2.0,9.5
AZUAY,CUENCA,SANTA ANA,   COMUNIDAD PUCA CRUZ ALTO,01B00036,CECIB DE EDUCACIÓN BÁSICA  JUAN PEÑAFIEL,Fiscal,Sierra,Intercultural Bilingüe,Indígena,Kichwa,Kañari,93.0,7.0,13.29
AZUAY,CUENCA,SANTA ANA,   COMUNIDAD SIGSICOCHA,01B00031,CECIB DE EDUCACION BASICA MONTE SINAÍ,Fiscal,Sierra,Intercultural Bilingüe,Indígena,Kichwa,Kañari,45.0,4.0,11.25
AZUAY,CUENCA,TURI,   COMUNIDAD EL VERDE VIA TARQUI  - TURI   MARGEN DERECHO,01B00032,CECIB DE EDUCACIÓN BÁSICA XAVIER MUÑOZ CHAVEZ,Fiscal,Sierra,Intercultural Bilingüe,Indígena,Kichwa,Kañari,18.0,2.0,9.0
AZUAY,CUENCA,TURI,   COMUNIDAD  PATAPAMBA,01B00035,CECIB DE EDUCACIÓN BÁSICA MARCO MARTINEZ,Fiscal,Sierra,Intercultural Bilingüe,Indígena,Kichwa,Kañari,25.0,2.0,12.5
AZUAY,CUENCA,TURI,   COMUNIDAD TRES CLAVELES,01B00034,CECIB DE EDUCACIÓN BÁSICA CESAR VICTORIANO MARTINEZ VERDUGO,Fiscal,Sierra,Intercultural Bilingüe,Indígena,Kichwa,Kañari,24.0,3.0,8.0
AZUAY,GUALACEO,GUALACEO,   CAHUAZHUN GRANDE,01B00037,CECIB DE EDUCACIÓN BÁSICA MIGUEL IGNACIO CORDERO MONCAYO,Fiscal,Sierra,Intercultural Bilingüe,Indígena,Kichwa,Kañari,98.0,8.0,12.25
AZUAY,GUALACEO,SAN JUAN,   COMUNIDAD DE BACPANCEL A 10 MINUTOS DEL CENTRO DE SAN JUAN EN CARRO VEHICULO,01B00041,CECIB DE EDUCACIÓN BÁSICA LA DOLOROSA,Fiscal,Sierra,Intercultural Bilingüe,Indígena,Kichwa,Kañari,55.0,4.0,13.75
AZUAY,GUALACEO,ZHIDMAD,   CASERIO  LALCOTE MONJAS,01B00043,CECIB DE EDUCACIÓN BÁSICA RUMIÑAHUI,Fiscal,Sierra,Intercultural Bilingüe,Indígena,Kichwa,Kañari,7.0,1.0,7.0
AZUAY,NABON,NABON,   CASERIO SHIÑA - LADO LA VIA A SHIÑAPAMBA DETRAS DE LA IGLESIA,01B00051,UNIDAD EDUCATIVA COMUNITARIA INTERCULTURAL BILINGÜE SAN JOSE,Fiscal,Sierra,Intercultural Bilingüe,Indígena,Kichwa,Kañari,35.0,7.0,5.0
AZUAY,NABON,NABON,   COMUNIDAD LA RAMADA,01B00053,CECIB DE EDUCACIÓN BÁSICA FERNANDO DAQUILEMA,Fiscal,Sierra,Intercultural Bilingüe,Indígena,Kichwa,Kañari,13.0,1.0,13.0
AZUAY,NABON,NABON,   COMUNIDAD PUCALLPA,01B00047,CECIB DE EDUCACION BÁSICA  MONSEÑOR LEONIDAS PROAÑO 1,Fiscal,Sierra,Intercultural Bilingüe,Indígena,Kichwa,Kañari,88.0,8.0,11.0
AZUAY,NABON,NABON,   COMUNIDAD QUILLUSISA,01B00067,CECIB DE EDUCACIÓN BÁSICA QUILLUSISAPA RICCHARIMUI,Fiscal,Sierra,Intercultural Bilingüe,Indígena,Kichwa,Kañari,18.0,2.0,9.0
AZUAY,NABON,NABON,   COMUNIDAD ROSAS - SHIÑA - NABON,01B00050,CECIB DE EDUCACIÓN BÁSICA JOSÉ ALBERTO MOROCHO,Fiscal,Sierra,Intercultural Bilingüe,Indígena,Kichwa,Kañari,6.0,1.0,6.0
AZUAY,NABON,NABON,   COMUNIDAD SAN MIGUEL DE RAÑAS PANAMERICANA SUR ENTRADA A RAÑAS,01B00054,UNIDAD EDUCATIVA  COMUNITARIA INTERCULTURAL BILINGUE SHIÑA,Fiscal,Sierra,Intercultural Bilingüe,Indígena,Kichwa,Kañari,231.0,19.0,12.16
AZUAY,NABON,NABON,   LOCALIDAD DE HUANTUCLOMA,01B00045,CECIB DE EDUCACIÓN BÁSICA  EFRAÍN NAULA,Fiscal,Sierra,Intercultural Bilingüe,Indígena,Kichwa,Kañari,64.0,7.0,9.14
AZUAY,NABON,NABON,   RECINTO AYALOMA VIA A NABON,01B00046,CECIB DE EDUCACIÓN BÁSICA ARTURO QUESADA MENDIETA,Fiscal,Sierra,Intercultural Bilingüe,Indígena,Kichwa,Kañari,121.0,10.0,12.1
AZUAY,NABON,NABON,VIA PRINCIPAL DE ENTRADA A LA COMUNIDAD DE PAVAN SN VIA DE ENTRADA A LA COMUNIDAD DE QUILLUSISA ,01B00048,CECIB DE EDUCACIÓN BÁSICA SAN JOSE,Fiscal,Sierra,Intercultural Bilingüe,Indígena,Kichwa,Kañari,63.0,6.0,10.5
AZUAY,OÑA,SUSUDEL,   CUCHUDEL,01B00057,CECIB DE EDUCACIÓN BÁSICA NUEVO SUSUDEL,Fiscal,Sierra,Intercultural Bilingüe,Mestiza,Mestiza,Mestiza,102.0,8.0,12.75
AZUAY,SIGSIG,LUDO,   TUCTO,01B00056,CECIB DE EDUCACIÓN BÁSICA JAIME ROLDOS AGUILERA,Fiscal,Sierra,Intercultural Bilingüe,Indígena,Kichwa,Kañari,67.0,3.0,22.33
BOLIVAR,GUARANDA,ANGEL POLIBIO CHAVES,CONVENCION DE MIL OCHOCIENTOS OCHENTA Y CUATRO 106 ISIDRO AYORA ,02B00001,UNIDAD EDUCATIVA COMUNITARIA INTERCULTURAL BILINGÜE SAN JUAN BOSCO,Fiscal,Sierra,Intercultural Bilingüe,Indígena,Kichwa,Waranka,538.0,25.0,21.52
BOLIVAR,GUARANDA,GABRIEL IGNACIO VEINTIMILLA,   CASAICHI  CENTRAL,02B00007,UNIDAD EDUCATIVA COMUNITARIA INTERCULTURAL BILINGUE INTI CHURI,Fiscal,Sierra,Intercultural Bilingüe,Indígena,Kichwa,Waranka,163.0,13.0,12.54
BOLIVAR,GUARANDA,GABRIEL IGNACIO VEINTIMILLA,   CASERIO QUIVILLUNGO,02B00009,CENTRO EDUCATIVO COMUNITARIO INTERCULTURAL BILINGUE CLUB DE LEONES,Fiscal,Sierra,Intercultural Bilingüe,Indígena,Kichwa,Waranka,14.0,1.0,14.0
BOLIVAR,GUARANDA,GABRIEL IGNACIO VEINTIMILLA,   EL CASTILLO BAJO,02B00005,U E COMUNITARIA INTERCULTURAL BILINGUE ANGEL MIGUEL ARREGUI SALTOS,Fiscal,Sierra,Intercultural Bilingüe,Indígena,Kichwa,Waranka,40.0,3.0,13.33
BOLIVAR,GUARANDA,GABRIEL IGNACIO VEINTIMILLA,   LAS QUESERAS,02B00114,CECIB  REPUBLICA DEL ECUADOR,Fiscal,Sierra,Intercultural Bilingüe,Indígena,Kichwa,Waranka,108.0,9.0,12.0
BOLIVAR,GUARANDA,GUANUJO,BARRIO LA MANTILLA  A LADO DEL ESTADIO DE GUANUJO 1 BARRIO LA MANTILLA ,02B00142,UNIDAD EDUCATIVA COMUNITARIA INTERCULTURAL BILINGÜE LA PAZ,Fiscal,Sierra,Intercultural Bilingüe,Indígena,Kichwa,Waranka,40.0,8.0,5.0
BOLIVAR,GUARANDA,GUANUJO,   CALLANA YACU (RECINTO),02B00022,CECIB EB FERNANDO DAQUILEMA,Fiscal,Sierra,Intercultural Bilingüe,Indígena,Kichwa,Waranka,34.0,2.0,17.0
BOLIVAR,GUARANDA,GUANUJO,CARRETERA LAS COCHAS  Y EL CORRAZON 2 CARRETERA LARKALOMA Y CULEBRILLAS ,02B00167,UNIDAD EDUCATIVA COMUNITARIA INTERCULTURAL BILINGÜE COCDIAG,Fiscal,Sierra,Intercultural Bilingüe,Indígena,Kichwa,Waranka,331.0,21.0,15.76
BOLIVAR,GUARANDA,GUANUJO,   COMUNIDAD: BRAMADERO CHICO,02B00027,U E COMUNITARIA INTERCULTURAL BILINGÜE HONORATO VASQUEZ,Fiscal,Sierra,Intercultural Bilingüe,Indígena,Kichwa,Waranka,39.0,2.0,19.5
BOLIVAR,GUARANDA,GUANUJO,   COMUNIDAD - COCHAPAMBA,02B00113,U E COMUNITARIA INTERCULTURAL BILINGÜE ALEJANDRO ANDRADE COELLO,Fiscal,Sierra,Intercultural Bilingüe,Indígena,Kichwa,Waranka,153.0,13.0,11.77
BOLIVAR,GUARANDA,GUANUJO,   COMUNIDAD KILITAWA,02B00115,CECIB DE EB ABYA YALA,Fiscal,Sierra,Intercultural Bilingüe,Indígena,Kichwa,Waranka,33.0,2.0,16.5
BOLIVAR,GUARANDA,GUANUJO,   COMUNIDAD QUINDIGUA ALTO,02B00038,U E COMUNITARIA INTERCULTURAL BILINGÜE LORENZA ABIMAÑAY,Fiscal,Sierra,Intercultural Bilingüe,Indígena,Kichwa,Waranka,28.0,2.0,14.0
BOLIVAR,GUARANDA,GUANUJO,   COMUNIDAD QUINDIGUA CENTRAL,02B00023,U E COMUNITARIA INTERCULTURAL BILINGUE TELMO JIMENEZ,Fiscal,Sierra,Intercultural Bilingüe,Indígena,Kichwa,Waranka,82.0,9.0,9.11
BOLIVAR,GUARANDA,GUANUJO,   PANGUA CHAUPI YACU CUMUNIDAD,02B00035,CECIB DE EB ATI II PILLAHUASU,Fiscal,Sierra,Intercultural Bilingüe,Indígena,Kichwa,Waranka,16.0,1.0,16.0
BOLIVAR,GUARANDA,GUANUJO,   RAYO BAJO RECINTO,02B00021,CECIB EB NUEVO AMANECER,Fiscal,Sierra,Intercultural Bilingüe,Indígena,Kichwa,Waranka,4.0,1.0,4.0
BOLIVAR,GUARANDA,GUANUJO,   RCTO. BRAMADERO GRANDE,02B00026,U E COMUNITARIA INTERCULTURAL BILINGÜE MANUELA DE SANTA CRUZ Y ESPEJO,Fiscal,Sierra,Intercultural Bilingüe,Indígena,Kichwa,Waranka,33.0,2.0,16.5
BOLIVAR,GUARANDA,GUANUJO,   RCTO TINGOPAMBA,02B00036,CENTRO EDUCATIVO COMUNITARIO INTERCULTURAL BILINGÜE ARTURO YUMAY ILIJAMA,Fiscal,Sierra,Intercultural Bilingüe,Indígena,Kichwa,Waranka,37.0,2.0,18.5
BOLIVAR,GUARANDA,GUANUJO,   RECINTO ASHPA CORRAL,02B00052,CECIB DE EB CORDILLERA DE CAPADIA,Fiscal,Sierra,Intercultural Bilingüe,Indígena,Kichwa,Waranka,8.0,1.0,8.0
BOLIVAR,GUARANDA,GUANUJO,   RECINTO CHALATA BAJO,02B00112,ALEJO SAES,Fiscal,Sierra,Intercultural Bilingüe,Indígena,Kichwa,Waranka,26.0,2.0,13.0
BOLIVAR,GUARANDA,GUANUJO,   RECINTO CRUZ DEL ARENAL,02B00034,CECIB DE EB NEVADO CHIMBORAZO,Fiscal,Sierra,Intercultural Bilingüe,Indígena,Kichwa,Waranka,9.0,1.0,9.0
BOLIVAR,GUARANDA,GUANUJO,   RECINTO SURUPUKYU  KM 13 VÍA GUARANDA - AMBATO SECTOR SAN ISIDROMARGEN DERECHO,02B00120,UNIDAD EDUCATIVA COMUNITARIA INTERCULTURAL BILINGÜE SURUPUCYU,Fiscal,Sierra,Intercultural Bilingüe,Indígena,Kichwa,Waranka,259.0,23.0,11.26
BOLIVAR,GUARANDA,JULIO E. MORENO (CATANAHUAN GRANDE),   COMUNIDAD RODEOPAMBA,02B00048,UNIDAD EDUCATIVA COMUNITARIA INTERCULTURAL BILINGUE SIETE DE MAYO,Fiscal,Sierra,Intercultural Bilingüe,Indígena,Kichwa,Waranka,315.0,16.0,19.69
BOLIVAR,GUARANDA,JULIO E. MORENO (CATANAHUAN GRANDE),   RECINTO CORRALPAMBA,02B00049,CECIB DE EB ULPIANO PAEZ,Fiscal,Sierra,Intercultural Bilingüe,Indígena,Kichwa,Waranka,8.0,1.0,8.0
BOLIVAR,GUARANDA,JULIO E. MORENO (CATANAHUAN GRANDE),   RECINTO GUANTOG  COTO,02B00047,MONSEÑOR LEONIDAS PROAÑO,Fiscal,Sierra,Intercultural Bilingüe,Indígena,Kichwa,Waranka,45.0,2.0,22.5
BOLIVAR,GUARANDA,SALINAS,   COMUNIDAD SAN JOSE DE  NATAWA,02B00062,CECIB DE EB VALLE DE SAN FRANCISCO,Fiscal,Sierra,Intercultural Bilingüe,Indígena,Kichwa,Waranka,29.0,2.0,14.5
BOLIVAR,GUARANDA,SALINAS,   PACHANCHO,02B00053,CECIB DE EB CONVENCION DE 1884,Fiscal,Sierra,Intercultural Bilingüe,Indígena,Kichwa,Waranka,29.0,1.0,29.0
BOLIVAR,GUARANDA,SALINAS,   RECINTO YURAK UKSHA,02B00054,CECIB DE EB MUNICIPIO DE GUARANDA,Fiscal,Sierra,Intercultural Bilingüe,Indígena,Kichwa,Waranka,30.0,1.0,30.0
BOLIVAR,GUARANDA,SAN SIMON (YACOTO),   COMUNIDAD CACHISAGUA,02B00065,UNIDAD EDUCATIVA COMUNITARIA INTERCULTURAL BILINGÜE GENERAL PINTAG,Fiscal,Sierra,Intercultural Bilingüe,Indígena,Kichwa,Waranka,120.0,11.0,10.91
BOLIVAR,GUARANDA,SAN SIMON (YACOTO),   COMUNIDAD DE GRADAS GRANDE,02B00121,UNIDAD EDUCATIVA COMUNITARIA INTERCULTURAL BILINGÜE RUMIÑAHUI,Fiscal,Sierra,Intercultural Bilingüe,Indígena,Kichwa,Waranka,198.0,20.0,9.9
BOLIVAR,GUARANDA,SAN SIMON (YACOTO),   COMUNIDAD PUNGUL - VIA GUARANDA RIOBAMBA KM 17,06B00108,CENTRO EDUCATIVO COMUNITARIO INTERCULTURAL BILINGÜE PEDRO CELESTINO PAUCAR,Fiscal,Sierra,Intercultural Bilingüe,Indígena,Kichwa,Puruhá,5.0,1.0,5.0
BOLIVAR,GUARANDA,SAN SIMON (YACOTO),   RECINTO SHULALA,02B00067,CECIB DE EB CELSO VIRGILIO ESPINOZA,Fiscal,Sierra,Intercultural Bilingüe,Indígena,Kichwa,Waranka,4.0,1.0,4.0
BOLIVAR,GUARANDA,SIMIATUG,   BARRIO MONSEÑOR LEONIDAS PROAÑO CALLE ELOY ALFARO,02B00078,UNIDAD EDUCATIVA DEL MILENIO INTERCULTURAL BILINGÜE SIMIATUG,Fiscal,Sierra,Intercultural Bilingüe,Indígena,Kichwa,Waranka,785.0,48.0,16.35
BOLIVAR,GUARANDA,SIMIATUG,   COMUNIDAD -EL TINGO,02B00092,U E COMUNITARIA INTERCULTURAL BILINGÜE VICENTE RAMON ROCA,Fiscal,Sierra,Intercultural Bilingüe,Indígena,Kichwa,Waranka,45.0,3.0,15.0
BOLIVAR,GUARANDA,SIMIATUG,   COMUNIDAD LAIHUA CHIQUIZUNGO,02B00077,U E COMUNITARIA INTERCULTURAL BILINGÜE GALLO RUMI,Fiscal,Sierra,Intercultural Bilingüe,Indígena,Kichwa,Waranka,91.0,5.0,18.2
BOLIVAR,GUARANDA,SIMIATUG,   RECINTO BOLICHE,02B00116,CECIB DE EB JATUN RUMI,Fiscal,Sierra,Intercultural Bilingüe,Indígena,Kichwa,Waranka,13.0,1.0,13.0
BOLIVAR,GUARANDA,SIMIATUG,   RECINTO COCHA COLORADA,02B00071,CECIB DE EB PROVINCIA DE GALAPAGOS,Fiscal,Sierra,Intercultural Bilingüe,Indígena,Kichwa,Waranka,27.0,2.0,13.5
BOLIVAR,GUARANDA,SIMIATUG,   RECINTO CUTAHUA,02B00109,CECIB DE EB MUSHUK KAWSAY,Fiscal,Sierra,Intercultural Bilingüe,Indígena,Kichwa,Waranka,60.0,3.0,20.0
BOLIVAR,GUARANDA,SIMIATUG,   RECINTO LLULLIMULLO,02B00111,CECIB EB SANTA CARMEN,Fiscal,Sierra,Intercultural Bilingüe,Indígena,Kichwa,Waranka,50.0,3.0,16.67
BOLIVAR,GUARANDA,SIMIATUG,   RECINTO PAPALOMA,02B00085,U E COMUNITARIA INTERCULTURAL BILINGÜE MAYTA CAPAC,Fiscal,Sierra,Intercultural Bilingüe,Indígena,Kichwa,Waranka,52.0,3.0,17.33
BOLIVAR,GUARANDA,SIMIATUG,   RECINTO PIMPALO,02B00079,UNIDAD EDUCATIVA COMUNITARIA INTERCULTURAL BILINGÜE TUPAK YUPANKI,Fiscal,Sierra,Intercultural Bilingüe,Indígena,Kichwa,Waranka,153.0,12.0,12.75
BOLIVAR,GUARANDA,SIMIATUG,   RECINTO QUIALO,02B00070,CECIB DE EB CORAZON DE JESUS,Fiscal,Sierra,Intercultural Bilingüe,Indígena,Kichwa,Waranka,49.0,2.0,24.5
BOLIVAR,GUARANDA,SIMIATUG,   RECINTO SANTO DOMINGO DE TALAHUA,02B00074,UNIDAD EDUCATIVA COMUNITARIA INTERCULTURAL BILINGÜE SARGENTO SEGUNDO CHIMBORAZO TALAHUA,Fiscal,Sierra,Intercultural Bilingüe,Indígena,Kichwa,Waranka,39.0,2.0,19.5
BOLIVAR,SAN MIGUEL,SAN PABLO (SAN PABLO DE ATENAS),   COMUNIDAD SANTIAGOPAMBA,02B00118,UNIDAD EDUCATIVA MONSEÑOR LEONIDAS PROAÑO,Fiscal,Sierra,Intercultural Bilingüe,Mestiza,Mestiza,Mestiza,132.0,11.0,12.0
CAÑAR,BIBLIAN,BIBLIAN,   AGUARONGO CHICO,03B00004,CENTRO EDUCATIVO COMUNITARIO INTERCULTURAL BILINGÜE DE EDUCACIÓN BÁSICA JOSE BENIGNO IGLESIAS,Fiscal,Sierra,Intercultural Bilingüe,Indígena,Kichwa,Kañari,11.0,1.0,11.0
CAÑAR,BIBLIAN,JERUSALEN,   CHICA DESPENSA-PADRE RUMI,03B00005,CENTRO EDUCATIVO COMUNITARIO INTERCULTURAL BILINGÜE JOSE BENIGNO CASTRO,Fiscal,Sierra,Intercultural Bilingüe,Indígena,Kichwa,Kañari,8.0,1.0,8.0
CAÑAR,CAÑAR,CAÑAR,   COMUNIDAD CUCHUCUN,03B00009,CECIB DE EDUCACION BASICA JOSE ANTONIO CAIZAN MAINATO,Fiscal,Sierra,Intercultural Bilingüe,Indígena,Kichwa,Kañari,39.0,5.0,7.8
CAÑAR,CAÑAR,CAÑAR,   COMUNIDAD LA POSTA,03B00010,CECIB DE EDUCACION BASICA LA POSTA,Fiscal,Sierra,Intercultural Bilingüe,Indígena,Kichwa,Kañari,10.0,1.0,10.0
CAÑAR,CAÑAR,CAÑAR,   COMUNIDAD QUILLOAC,03B00133,UNIDAD EDUCATIVA COMUNITARIA INTERCULTURAL BILINGÜE QUILLOAC,Fiscal,Sierra,Intercultural Bilingüe,Indígena,Kichwa,Kañari,412.0,29.0,14.21
CAÑAR,CAÑAR,CAÑAR,   COMUNIDAD QUILLOAC-SECTOR JUNDU CUCHU,03B00016,CECIB DE EDUCACION BASICA SAN ANTONIO,Fiscal,Sierra,Intercultural Bilingüe,Indígena,Kichwa,Kañari,16.0,2.0,8.0
CAÑAR,CAÑAR,CAÑAR,   COMUNIDAD SAN RAFAEL,03B00007,CECIB DE EDUCACION BASICA ANTONIO GUAMAN ZHININ,Fiscal,Sierra,Intercultural Bilingüe,Indígena,Kichwa,Kañari,1.0,1.0,1.0
CAÑAR,CAÑAR,HONORATO VASQUEZ (TAMBO VIEJO),   COMUNIDAD  SIGSI HUAYCO,03B00134,CECIB DE EDUCACION BASICA JUAN JOSE BUÑAY BUÑAY,Fiscal,Sierra,Intercultural Bilingüe,Indígena,Kichwa,Kañari,12.0,2.0,6.0
CAÑAR,CAÑAR,INGAPIRCA,   COMUNIDAD  CAGUANA PAMBA,03B00135,CECIB DE EDUCACION BASICA SANTIAGO VASQUEZ,Fiscal,Sierra,Intercultural Bilingüe,Indígena,Kichwa,Kañari,40.0,3.0,13.33
CAÑAR,CAÑAR,INGAPIRCA,   COMUNIDAD DE CEBADAS,03B00048,CECIB DE EDUCACION BASICA DANIEL CLAVIJO IGLESIAS,Fiscal,Sierra,Intercultural Bilingüe,Indígena,Kichwa,Kañari,62.0,3.0,20.67
CAÑAR,CAÑAR,INGAPIRCA,   COMUNIDAD SAN JOSE DE CAJON TAMBO,03B00050,CECIB DE EDUCACION BASICA SAN JOSE DE CULEBRILLAS,Fiscal,Sierra,Intercultural Bilingüe,Indígena,Kichwa,Kañari,22.0,1.0,22.0
CAÑAR,CAÑAR,INGAPIRCA,   COMUNIDAD SISID-VIA INGAPIRCA,03B00054,UNIDAD EDUCATIVA COMUNITARIA INTERCULTURAL BILINGÜE SISID,Fiscal,Sierra,Intercultural Bilingüe,Indígena,Kichwa,Kañari,162.0,15.0,10.8
CAÑAR,EL TAMBO,EL TAMBO,CALLE PRINCIPAL  VIA A LA COMUNIDAD MOLINO HUAYCO SN CALLE SECUNDARIA VIA A LA CDLA MUNICIPAL ,03B00069,UNIDAD EDUCATIVA COMUNITARIA INTERCULTURAL BILINGÜE UE FISCOMISIONAL MUSHUK KAWSAY,Fiscomisional,Sierra,Intercultural Bilingüe,Indígena,Kichwa,Kañari,238.0,20.0,11.9
CAÑAR,EL TAMBO,EL TAMBO,   COMUNIDAD DE  ABSUL,03B00066,CECIB DE EDUCACION BASICA CULEBRILLAS,Fiscal,Sierra,Intercultural Bilingüe,Indígena,Kichwa,Kañari,35.0,2.0,17.5
CAÑAR,EL TAMBO,EL TAMBO,   COMUNIDAD  MOLINO HUAICO,03B00071,CECIB DE EDUCACION BASICA 20 DE AGOSTO,Fiscal,Sierra,Intercultural Bilingüe,Indígena,Kichwa,Kañari,5.0,1.0,5.0
CAÑAR,EL TAMBO,EL TAMBO,   COMUNIDAD SAN JOSE DE ROMERILLO,03B00065,CECIB DE EDUCACION BASICA SAN JOSE DE ROMERILLO,Fiscal,Sierra,Intercultural Bilingüe,Indígena,Kichwa,Kañari,21.0,2.0,10.5
CAÑAR,EL TAMBO,EL TAMBO,   COMUNIDAD TUNASPAMBA,03B00067,CECIB DE EDUCACION BASICA LAZARO CONDO,Fiscal,Sierra,Intercultural Bilingüe,Indígena,Kichwa,Kañari,29.0,2.0,14.5
CARCHI,BOLIVAR,LOS ANDES,   COMUNIDAD DE PIQUIUCHO,04H00504,UNIDAD EDUCATIVA DEL MILENIO SAN GABRIEL DE PIQUIUCHO. ,Fiscal,Sierra,Intercultural,Negra,Negra,Negra,492.0,33.0,14.91
CARCHI,MIRA,CONCEPCION,   BARRIO ALFONSO HERRERA CONCEPCION,04H00272,UNIDAD EDUCATIVA 19 DE NOVIEMBRE,Fiscal,Sierra,Intercultural,Negra,Negra,Negra,295.0,19.0,15.53
CARCHI,TULCAN,EL CHICAL,"   CENTRO AWA, EL PAILON",04B00006,CIUDAD DEL ANGEL,Fiscal,Sierra,Intercultural Bilingüe,Indígena,Awá,Awa,32.0,2.0,16.0
CARCHI,TULCAN,EL CHICAL,   CENTRO AWA GUALPI ALTO,04B00013,RIO TRONQUERIA,Fiscal,Sierra,Intercultural Bilingüe,Indígena,Awá,Awa,7.0,1.0,7.0
CARCHI,TULCAN,EL CHICAL,   CENTRO AWA GUALPI MEDIO,04B00007,RUFINO TAICUZ,Fiscal,Sierra,Intercultural Bilingüe,Indígena,Awá,Awa,104.0,4.0,26.0
CARCHI,TULCAN,EL CHICAL,   CENTRO AWA- LA GUAÑA,04B00009,EDUARDO FIERRO,Fiscal,Sierra,Intercultural Bilingüe,Indígena,Awá,Awa,17.0,1.0,17.0
CARCHI,TULCAN,EL CHICAL,   CENTRO AWA- RIO TIGRE,04B00010,10 DE NOVIEMBRE,Fiscal,Sierra,Intercultural Bilingüe,Indígena,Awá,Awa,7.0,1.0,7.0
CARCHI,TULCAN,EL CHICAL,   COMUNIDAD GUALPI BAJO,04B00011,PLAYA GRANDE,Fiscal,Sierra,Intercultural Bilingüe,Indígena,Awá,Awa,54.0,2.0,27.0
CARCHI,TULCAN,EL CHICAL,   COMUNIDAD GUARE,04B00012,JUAN PAY,Fiscal,Sierra,Intercultural Bilingüe,Indígena,Awá,Awa,49.0,4.0,12.25
CARCHI,TULCAN,EL CHICAL,   COMUNIDAD SAN MARCOS,04B00014,JUAN BAUTISTA AGUIRRE,Fiscal,Sierra,Intercultural Bilingüe,Indígena,Awá,Awa,316.0,16.0,19.75
CARCHI,TULCAN,EL CHICAL,   GUALPI ALTO,04B00008,MEDARDO ANGEL SILVA,Fiscal,Sierra,Intercultural Bilingüe,Indígena,Awá,Awa,41.0,2.0,20.5
CARCHI,TULCAN,TOBAR DONOSO (LA BOCANA DE CAMUMBI),   COMUNIDAD DEL BABOSO,04B00004,HUMBERTO VALENZUELA VERA,Fiscal,Sierra,Intercultural Bilingüe,Indígena,Awá,Awa,56.0,4.0,14.0
CARCHI,TULCAN,TOBAR DONOSO (LA BOCANA DE CAMUMBI),   COMUNIDAD ISHPI,04B00003,JUAN ALEGRIA,Fiscal,Sierra,Intercultural Bilingüe,Indígena,Awá,Awa,37.0,1.0,37.0
CARCHI,TULCAN,TOBAR DONOSO (LA BOCANA DE CAMUMBI),   COMUNIDAD OJALA,04B00002,EL ORO AMARILLO,Fiscal,Sierra,Intercultural Bilingüe,Indígena,Awá,Awa,46.0,3.0,15.33
CARCHI,TULCAN,TOBAR DONOSO (LA BOCANA DE CAMUMBI),   COMUNIDAD SABALERA,04B00005,PEÑA NEGRA,Fiscal,Sierra,Intercultural Bilingüe,Indígena,Awá,Awa,5.0,1.0,5.0
CARCHI,TULCAN,TOBAR DONOSO (LA BOCANA DE CAMUMBI),   ESTERO COROSALA,04B00001,LA COROZALA,Fiscal,Sierra,Intercultural Bilingüe,Indígena,Awá,Awa,24.0,1.0,24.0
CARCHI,TULCAN,TUFIÑO,   AVENIDA GRAN COLOMBIA,04H00110,UNIDAD EDUCATIVA TUFIÑO,Fiscal,Sierra,Intercultural,Mestiza,Mestiza,Mestiza,454.0,29.0,15.66
CHIMBORAZO,ALAUSI,ACHUPALLAS,   AJOS PUCARA,06B00145,AJOS PUCARA,Fiscal,Sierra,Intercultural Bilingüe,Indígena,Kichwa,Puruhá,16.0,3.0,5.33
CHIMBORAZO,ALAUSI,ACHUPALLAS,   CASERIO SANTA ROSA DE CHICHO ALTO,06B00119,CHARLES DARWIN,Fiscal,Sierra,Intercultural Bilingüe,Indígena,Kichwa,Puruhá,35.0,2.0,17.5
CHIMBORAZO,ALAUSI,ACHUPALLAS,   COMINUDAD LA DOLOROSA ZULA,06B00120,PROVINCIA DE SUCUMBIOS,Fiscal,Sierra,Intercultural Bilingüe,Indígena,Kichwa,Puruhá,55.0,5.0,11.0
CHIMBORAZO,ALAUSI,ACHUPALLAS,   COMUNIDAD COBSHE ALTO,06B00153,CECIB DE EDUCACIÓN BÁSICA MORONA SANTIAGO,Fiscal,Sierra,Intercultural Bilingüe,Indígena,Kichwa,Puruhá,72.0,7.0,10.29
CHIMBORAZO,ALAUSI,ACHUPALLAS,   COMUNIDAD GUANGRA,06B00118,CANTÓN  ALAUSI,Fiscal,Sierra,Intercultural Bilingüe,Indígena,Kichwa,Puruhá,86.0,9.0,9.56
CHIMBORAZO,ALAUSI,ACHUPALLAS,   COMUNIDAD HUANCA PALLAGUCHI,06B00114,UNIDAD EDUCATIVA INTERCULTURAL BILINGUE HUANCA PALLAGUCHI,Fiscal,Sierra,Intercultural Bilingüe,Indígena,Kichwa,Puruhá,196.0,17.0,11.53
CHIMBORAZO,ALAUSI,ACHUPALLAS,   COMUNIDAD JUBAL CENTRO,06B00140,RIO JUBAL,Fiscal,Sierra,Intercultural Bilingüe,Indígena,Kichwa,Puruhá,191.0,14.0,13.64
CHIMBORAZO,ALAUSI,ACHUPALLAS,   COMUNIDAD OZOGOCHE ALTO,06B00123,CENTRO DE EDUCACION COMUNITARIA INTERCULTURAL BILINGÜE PLUTARCO CEVALLOS GUERRA,Fiscal,Sierra,Intercultural Bilingüe,Indígena,Kichwa,Puruhá,25.0,2.0,12.5
CHIMBORAZO,ALAUSI,ACHUPALLAS,   COMUNIDAD POMACOCHO,06B00139,ARTURO BORJA LEÓN,Fiscal,Sierra,Intercultural Bilingüe,Indígena,Kichwa,Puruhá,45.0,4.0,11.25
CHIMBORAZO,ALAUSI,ACHUPALLAS,   COMUNIDAD SAN JOSE DE LLILLA,06B00151,CECIBEB LLILLA,Fiscal,Sierra,Intercultural Bilingüe,Indígena,Kichwa,Puruhá,25.0,5.0,5.0
CHIMBORAZO,ALAUSI,ACHUPALLAS,   COMUNIDAD SHUMID CENTRO,06B00135,CENTRO DE EDUCACION COMUNITARIA INTERCULTURAL BILINGÜE ABRAHAM LICOLN,Fiscal,Sierra,Intercultural Bilingüe,Indígena,Kichwa,Puruhá,46.0,7.0,6.57
CHIMBORAZO,ALAUSI,ACHUPALLAS,   GUAYLLA GRANDE,06B00146,CECIB DE EDUCACIÓN BÁSICA DIEGO DE IBARRA,Fiscal,Sierra,Intercultural Bilingüe,Indígena,Kichwa,Puruhá,79.0,7.0,11.29
CHIMBORAZO,ALAUSI,ACHUPALLAS,   JUBAL CHICHOLOMA,06B00142,CORDILLERA DE LOS ANDES,Fiscal,Sierra,Intercultural Bilingüe,Indígena,Kichwa,Puruhá,11.0,1.0,11.0
CHIMBORAZO,ALAUSI,ACHUPALLAS,   OZOGOCHE BAJO,06B00134,RIO  OZOGOCHE,Fiscal,Sierra,Intercultural Bilingüe,Indígena,Kichwa,Puruhá,46.0,3.0,15.33
CHIMBORAZO,ALAUSI,ACHUPALLAS,   RECINTO CHICHO BAJO,06B00129,CENTRO DE EDUCACION COMUNITARIA INTERCULTURAL BILINGÜE LUIS FELIPE TORRES,Fiscal,Sierra,Intercultural Bilingüe,Indígena,Kichwa,Puruhá,36.0,4.0,9.0
CHIMBORAZO,ALAUSI,ACHUPALLAS,   RECINTO CHINIGUAICO,06B00630,CENTRO DE EDUCACION COMUNITARIA INTERCULTURAL BILINGÜE DR. SEGUNDO TIMOTEO MACHADO BONILLA,Fiscal,Sierra,Intercultural Bilingüe,Indígena,Kichwa,Puruhá,153.0,10.0,15.3
CHIMBORAZO,ALAUSI,ACHUPALLAS,   RECINTO TOTORAS,06B00137,UNIDAD EDUCATIVA INTERCULTURAL BILINGUE TOTORAS,Fiscal,Sierra,Intercultural Bilingüe,Indígena,Kichwa,Puruhá,369.0,28.0,13.18
CHIMBORAZO,ALAUSI,ALAUSI,   CACERIO NIZAG,06B00112,UNIDAD EDUCATIVA NIZAG INDIGENA,Fiscal,Sierra,Intercultural Bilingüe,Indígena,Kichwa,Puruhá,487.0,25.0,19.48
CHIMBORAZO,ALAUSI,ALAUSI,   COMUNIDAD LLACTAPAMBA,06B00185,ANGEL ERMINIO SILVA OLIVO,Fiscal,Sierra,Intercultural Bilingüe,Indígena,Kichwa,Puruhá,236.0,17.0,13.88
CHIMBORAZO,ALAUSI,ALAUSI,   SHUSHILCON,06B00111,JOSÉ ANTONIO PONTÓN,Fiscal,Sierra,Intercultural Bilingüe,Indígena,Kichwa,Puruhá,54.0,4.0,13.5
CHIMBORAZO,ALAUSI,GUASUNTOS,   COMUNIDAD SHUID,06H00571,UNIDAD EDUCATIVA COMUNITARIA INTERCULTURAL BILINGÜE SOCTA URCO,Fiscal,Sierra,Intercultural Bilingüe,Indígena,Kichwa,Puruhá,372.0,20.0,18.6
CHIMBORAZO,ALAUSI,TIXAN,   COCÁN,06B00158,UNIDAD EDUCATIVA COCAN,Fiscal,Sierra,Intercultural Bilingüe,Indígena,Kichwa,Puruhá,204.0,21.0,9.71
CHIMBORAZO,ALAUSI,TIXAN,   COMUNIDAD DE PACHAMAMA GRANDE,06B00180,BENIGNO BRITO ZUÑIGA,Fiscal,Sierra,Intercultural Bilingüe,Indígena,Kichwa,Puruhá,41.0,3.0,13.67
CHIMBORAZO,ALAUSI,TIXAN,   COMUNIDAD PACHAGSI,06B00188,ANTONIO ELIZALDE,Fiscal,Sierra,Intercultural Bilingüe,Indígena,Kichwa,Puruhá,51.0,2.0,25.5
CHIMBORAZO,ALAUSI,TIXAN,   COMUNIDAD  PUEBLO VIEJO,06B00176,JUAN FRANCISCO YEROVI,Fiscal,Sierra,Intercultural Bilingüe,Indígena,Kichwa,Puruhá,160.0,13.0,12.31
CHIMBORAZO,ALAUSI,TIXAN,   COMUNIDAD SAN ALFONSO YUYAUTE ALTO,06B00157,CENTRO EDUCATIVO COMUNITARIO ALFONSO BRITO HIDALGO,Fiscal,Sierra,Intercultural Bilingüe,Indígena,Kichwa,Puruhá,18.0,2.0,9.0
CHIMBORAZO,ALAUSI,TIXAN,   GULAGHUAYCO,06B00173,JOSE MARIA FALCONI,Fiscal,Sierra,Intercultural Bilingüe,Indígena,Kichwa,Puruhá,40.0,3.0,13.33
CHIMBORAZO,ALAUSI,TIXAN,   LA MERCED,06B00184,GRAL JOSE MARIA SAENZ,Fiscal,Sierra,Intercultural Bilingüe,Indígena,Kichwa,Puruhá,50.0,4.0,12.5
CHIMBORAZO,ALAUSI,TIXAN,   LA PACIFICA,06B00183,LA PACIFICA,Fiscal,Sierra,Intercultural Bilingüe,Indígena,Kichwa,Puruhá,42.0,3.0,14.0
CHIMBORAZO,ALAUSI,TIXAN,   PACHAMAMA CHICO,06B00174,DIEGO MENDEZ,Fiscal,Sierra,Intercultural Bilingüe,Indígena,Kichwa,Puruhá,95.0,11.0,8.64
CHIMBORAZO,ALAUSI,TIXAN,   SANGANAO,06B00181,NACIONES UNIDAS,Fiscal,Sierra,Intercultural Bilingüe,Indígena,Kichwa,Puruhá,25.0,3.0,8.33
CHIMBORAZO,ALAUSI,TIXAN,   SANTA LUCIA,06B00182,PEDRO MONCAYO,Fiscal,Sierra,Intercultural Bilingüe,Indígena,Kichwa,Puruhá,124.0,13.0,9.54
CHIMBORAZO,ALAUSI,TIXAN,   SILVERIA - SANTA CECILIA,06B00163,CENTRO DE EDUCACION COMUNITARIA INTERCULTURAL BILINGÜE JUAN MONTALVO,Fiscal,Sierra,Intercultural Bilingüe,Indígena,Kichwa,Puruhá,76.0,8.0,9.5
CHIMBORAZO,COLTA,CAÑI,   COMUNIDAD AMBROCIO LASO,06B00334,ABOGADO JAIME HURTADO GONZALEZ,Fiscal,Sierra,Intercultural Bilingüe,Indígena,Kichwa,Puruhá,22.0,2.0,11.0
CHIMBORAZO,COLTA,COLUMBE,   COLUMBE GRANDE LOTE 1-2,06B00291,CECIBEB  ESTANISLAO ZAMBRANO,Fiscal,Sierra,Intercultural Bilingüe,Indígena,Kichwa,Puruhá,70.0,10.0,7.0
CHIMBORAZO,COLTA,COLUMBE,   COMUNIDAD,06B00270,CENTRO EDUCATIVO COMUNITARIO INTERCULTURAL BILINGÜE DE EDUCACION BASICA MANUEL CORO,Fiscal,Sierra,Intercultural Bilingüe,Indígena,Kichwa,Puruhá,67.0,4.0,16.75
CHIMBORAZO,COLTA,COLUMBE,   COMUNIDAD EL TROJE COLUMBE COLTA,06B00308,UNIDAD EDUCATIVA COMUNITARIA INTERCULTURAL BILINGÜE ABYA YALA,Fiscal,Sierra,Intercultural Bilingüe,Indígena,Kichwa,Puruhá,49.0,10.0,4.9
CHIMBORAZO,COLTA,COLUMBE,   COMUNIDAD LA MERCED,06B00293,CENTRO EDUCATIVO COMUNITARIO INTERCULTURAL BILINGÜE DE EDUCACION BASICA PAMPITE,Fiscal,Sierra,Intercultural Bilingüe,Indígena,Kichwa,Puruhá,16.0,2.0,8.0
CHIMBORAZO,COLTA,COLUMBE,   COMUNIDAD LLINLLIN,06B00285,UNIDAD EDUCATIVA COMUNITARIA INTERCULTURAL BILINGÜE DUCHICELA SHIRY XII,Fiscal,Sierra,Intercultural Bilingüe,Indígena,Kichwa,Puruhá,181.0,19.0,9.53
CHIMBORAZO,COLTA,COLUMBE,   COMUNIDAD LLINLLIN SECTOR PUCARA,06B00298,CECIBEB PACIFICO CHIRIBOGA,Fiscal,Sierra,Intercultural Bilingüe,Indígena,Kichwa,Puruhá,81.0,8.0,10.12
CHIMBORAZO,COLTA,COLUMBE,   COMUNIDAD PULUCATE SECTOR COLEGIO,06B00311,UNIDAD EDUCATIVA COMUNITARIA INTERCULTURAL BILINGUE DR. MANUEL NAULA SAGÑAY,Fiscal,Sierra,Intercultural Bilingüe,Indígena,Kichwa,Puruhá,137.0,15.0,9.13
CHIMBORAZO,COLTA,COLUMBE,   COMUNIDAD SAN BARTOLO GRANDE,06B00328,UNIDAD EDUCATIVA COMUNITARIA INTERCULTURAL BILINGÜE MARIANO VALLA SAGÑAY,Fiscal,Sierra,Intercultural Bilingüe,Indígena,Kichwa,Puruhá,42.0,10.0,4.2
CHIMBORAZO,COLTA,COLUMBE,   COMUNIDAD SAN BERNARDO,06B00318,CENTRO EDUCATIVO COMUNITARIO INTERCULTURAL BILINGUE DE EDUCACION BASICA GONZALO DIAZ DE PINEDA,Fiscal,Sierra,Intercultural Bilingüe,Indígena,Kichwa,Puruhá,28.0,3.0,9.33
CHIMBORAZO,COLTA,COLUMBE,   COMUNIDAD SAN GUISEL ALTO,06B00322,UNIDAD EDUCATIVA COMUNITARIA INTERCULTURAL BILINGÜE SAN GUISEL ALTO,Fiscal,Sierra,Intercultural Bilingüe,Indígena,Kichwa,Puruhá,55.0,10.0,5.5
CHIMBORAZO,COLTA,COLUMBE,   COMUNIDAD SAN JOSE DE COLOMBA LOTE 3 Y 4,06B00304,CECIBEB CARLOS ARTURO LEON,Fiscal,Sierra,Intercultural Bilingüe,Indígena,Kichwa,Puruhá,27.0,3.0,9.0
CHIMBORAZO,COLTA,COLUMBE,   COMUNIDAD SECAO SAN JOSE,06B00324,UNIDAD EDUCATIVA COMUNITARIA INTERCULTURAL BILINGÜE MAESTRO OSWALDO GUAYASAMIN CALERO,Fiscal,Sierra,Intercultural Bilingüe,Indígena,Kichwa,Puruhá,147.0,14.0,10.5
CHIMBORAZO,COLTA,COLUMBE,   COMUNIDAD ZAZAPUD (ZONA COLUMBE A),06B00612,UNIDAD EDUCATIVA COMUNITARIA INTERCULTURAL BILINGÜE PEDRO IGNACIO LIZARZABURU,Fiscal,Sierra,Intercultural Bilingüe,Indígena,Kichwa,Puruhá,87.0,12.0,7.25
CHIMBORAZO,COLTA,COLUMBE,   KM38 VIA CUENCA - COMUNIDAD CALANCHA,06B00292,UNIDAD EDUCATIVA COMUNITARIA INTERCULTURAL BILINGÜE CALANCHA,Fiscal,Sierra,Intercultural Bilingüe,Indígena,Kichwa,Puruhá,57.0,12.0,4.75
CHIMBORAZO,COLTA,COLUMBE,   LLINLLIN CENTRO CIVICO,06B00306,CENTRO EDUCATIVO COMUNITARIO INTERCULTURAL BILINGÜE DE EDUCACION BASICA JUAN BERNARDO DÁVALOS,Fiscal,Sierra,Intercultural Bilingüe,Indígena,Kichwa,Puruhá,14.0,2.0,7.0
CHIMBORAZO,COLTA,COLUMBE,   PARROQUIA COLUMBE,06B00289,UNIDAD EDUCATIVA COMUNITARIA INTERCULTURAL BILINGÜE HUALCOPO DUCHICELA,Fiscal,Sierra,Intercultural Bilingüe,Indígena,Kichwa,Puruhá,762.0,54.0,14.11
CHIMBORAZO,COLTA,COLUMBE,   ZONA COLUMBE A.  COMUNIDAD RODEOPAMBA,06B00319,CECIBEB PAISES ANDINOS,Fiscal,Sierra,Intercultural Bilingüe,Indígena,Kichwa,Puruhá,39.0,6.0,6.5
CHIMBORAZO,COLTA,JUAN DE VELASCO (PANGOR),   COMUNIDAD GUANGOPUD,06B00288,CECIBEB COMANDANTE COSME RENELLA BARBATO,Fiscal,Sierra,Intercultural Bilingüe,Indígena,Kichwa,Puruhá,6.0,1.0,6.0
CHIMBORAZO,COLTA,JUAN DE VELASCO (PANGOR),   COMUNIDAD TEPEYAC GATAZO,06B00332,UNIDAD EDUCATIVA COMUNITARIA INTERCULTURAL BILINGÜE MONSEÑOR LEONIDAS PROAÑO,Fiscal,Sierra,Intercultural Bilingüe,Indígena,Kichwa,Puruhá,101.0,11.0,9.18
CHIMBORAZO,COLTA,JUAN DE VELASCO (PANGOR),   COMUNIDAD VARASPAMBA,06B00333,CENTRO EDUCATIVO COMUNITARIO INTERCULTURAL BILINGÜE DE EDUCACIÓN BÁSICA ANGEL ARMIJOS VASCO,Fiscal,Sierra,Intercultural Bilingüe,Indígena,Kichwa,Puruhá,17.0,2.0,8.5
CHIMBORAZO,COLTA,SANTIAGO DE QUITO (CAB. EN SAN ANTONIO DE QUITO),   SANTIAGO DE QUITO JUNTO A CENTRO DE SALUD,06B00351,UNIDAD EDUCATIVA COMUNITARIA INTERCULTURAL BILINGÛE SANTIAGO DE QUITO,Fiscal,Sierra,Intercultural Bilingüe,Indígena,Kichwa,Puruhá,332.0,19.0,17.47
CHIMBORAZO,COLTA,SICALPA,   COMPAÑÍA OBRAJE (COOPERATIVA),06B00211,CECIBEB JOSÉ MARÍA VILLAVICENCIO,Fiscal,Sierra,Intercultural Bilingüe,Indígena,Kichwa,Puruhá,46.0,5.0,9.2
CHIMBORAZO,COLTA,SICALPA,   COMUINIDAD GUACONA CHICO,06B00214,UNIDAD EDUCATIVA COMUNITARIA INTERCULTURAL BILINGÜE SEGUNDO JACOBO YEPEZ,Fiscal,Sierra,Intercultural Bilingüe,Indígena,Kichwa,Puruhá,122.0,17.0,7.18
CHIMBORAZO,COLTA,SICALPA,   COMUNIDAD CEBOLLAR ALTO,06B00201,CECIBEB JUAN BAUTISTA  AGUIRRE,Fiscal,Sierra,Intercultural Bilingüe,Indígena,Kichwa,Puruhá,12.0,2.0,6.0
CHIMBORAZO,COLTA,SICALPA,   COMUNIDAD CHACABAMBA CHICO CAGRIN,06B00237,6 DE MARZO,Fiscal,Sierra,Intercultural Bilingüe,Indígena,Kichwa,Puruhá,13.0,2.0,6.5
CHIMBORAZO,COLTA,SICALPA,   COMUNIDAD EL LIRIO,06B00235,UNIDAD EDUCATIVA COMUNITARIA INTERCULTURAL BILINGÜE GENERAL RUMIÑAHUI,Fiscal,Sierra,Intercultural Bilingüe,Indígena,Kichwa,Puruhá,78.0,12.0,6.5
CHIMBORAZO,COLTA,SICALPA,   COMUNIDAD LA ESPERANZA,06B00244,CECIBEB TNTE  CARLOS DIAZ TERAN,Fiscal,Sierra,Intercultural Bilingüe,Indígena,Kichwa,Puruhá,30.0,4.0,7.5
CHIMBORAZO,COLTA,SICALPA,   COMUNIDAD LIGLIG,06B00216,UNIDAD EDUCATIVA COMUNITARIA INTERCULTURAL BILINGÜE HERMEL TAYUPANDA,Fiscal,Sierra,Intercultural Bilingüe,Indígena,Kichwa,Puruhá,151.0,17.0,8.88
CHIMBORAZO,COLTA,SICALPA,   COMUNIDAD MAJIPAMBA A LADO DE LA RADIO COLTA,06B00619,UNIDAD EDUCATIVA COMUNITARIA INTERCULTURAL BILINGÜE ESPECIAL LOUIS BRAILLE,Fiscal,Sierra,Intercultural Bilingüe,Indígena,Kichwa,Puruhá,32.0,8.0,4.0
CHIMBORAZO,COLTA,SICALPA,   COMUNIDAD VALLE COLTA MONJAS - PANAMERICANA SUR FRENTE A LA LAGUNA DE COLTA,06B00233,UNIDAD EDUCATIVA COMUNITARIA INTERCULTURAL BILINGÜE JAIME ROLDOS AGUILERA,Fiscal,Sierra,Intercultural Bilingüe,Indígena,Kichwa,Puruhá,293.0,22.0,13.32
CHIMBORAZO,COLTA,SICALPA,   ESTA EN LA COMUNIDAD DE MAJIPAMBA,06B00245,UNIDAD EDUCATIVA COMUNITARIA INTERCULTURAL BILINGÜE CIENCIA Y BIBLIA ,Particular Laico,Sierra,Intercultural Bilingüe,Indígena,Kichwa,Puruhá,13.0,4.0,3.25
CHIMBORAZO,COLTA,SICALPA,   MAUCA CORRAL,06B00670,CECIBEB SABIDURIA ANDINA MAUCA CORRAL,Fiscal,Sierra,Intercultural Bilingüe,Indígena,Kichwa,Puruhá,10.0,1.0,10.0
CHIMBORAZO,GUAMOTE,CEBADAS,   BARRIO CENTRAL CEBADAS,06B00447,UNIDAD EDUCATIVA COMUNITARIA INTERCULTURAL BILINGUE ÑUKANCHIK YACHAY ,Fiscomisional,Sierra,Intercultural Bilingüe,Indígena,Kichwa,Puruhá,130.0,13.0,10.0
CHIMBORAZO,GUAMOTE,CEBADAS,   COMUNIDAD BASAN GRANDE,06B00462,LUIS NAPOLEON DILLON,Fiscal,Sierra,Intercultural Bilingüe,Indígena,Kichwa,Puruhá,17.0,2.0,8.5
CHIMBORAZO,GUAMOTE,CEBADAS,   COMUNIDAD GOZOY SAN LUIS,06B00477,CECIBEB ROBERTO ANDRADE,Fiscal,Sierra,Intercultural Bilingüe,Mestiza,Mestiza,Mestiza,18.0,2.0,9.0
CHIMBORAZO,GUAMOTE,CEBADAS,   COMUNIDAD GUANINCHE ALTO,06B00510,ING. FERNANDO BEDOYA VACA,Fiscal,Sierra,Intercultural Bilingüe,Indígena,Kichwa,Puruhá,17.0,2.0,8.5
CHIMBORAZO,GUAMOTE,CEBADAS,   COMUNIDAD  GUARGUALLA GRANDE,06B00473,CECIBEB RIO SANTIAGO,Fiscal,Sierra,Intercultural Bilingüe,Indígena,Kichwa,Puruhá,62.0,7.0,8.86
CHIMBORAZO,GUAMOTE,CEBADAS,   COMUNIDAD ICHUBAMBA,06B00446,CECIBEB PRESIDENTE URBINA,Fiscal,Sierra,Intercultural Bilingüe,Indígena,Kichwa,Puruhá,7.0,2.0,3.5
CHIMBORAZO,GUAMOTE,CEBADAS,   COMUNIDAD ISHBUG UTUCÚN,06B00444,CECIBEB LUIS ALFONSO MINACHO PADILLA,Fiscal,Sierra,Intercultural Bilingüe,Indígena,Kichwa,Puruhá,57.0,4.0,14.25
CHIMBORAZO,GUAMOTE,CEBADAS,   COMUNIDAD  LA TRANCA SAN LUIS,06B00479,UNIDAD EDUCATIVA COMUNITARIA INTERCULTURAL BILINGÜE MARTHA BUCARAM DE ROLDOS,Fiscal,Sierra,Intercultural Bilingüe,Indígena,Kichwa,Puruhá,151.0,11.0,13.73
CHIMBORAZO,GUAMOTE,CEBADAS,   COMUNIDAD PANCUN ICHUBAMBA,06B00460,CARLOS ANDRADE MARÍN,Fiscal,Sierra,Intercultural Bilingüe,Indígena,Kichwa,Puruhá,23.0,3.0,7.67
CHIMBORAZO,GUAMOTE,CEBADAS,   COMUNIDAD PANCUN ICHUBAMBA       SECTOR TABIAL PAMBA,06B00621,TABIAL PAMBA,Fiscal,Sierra,Intercultural Bilingüe,Indígena,Kichwa,Puruhá,45.0,4.0,11.25
CHIMBORAZO,GUAMOTE,CEBADAS,   COMUNIDAD PUCA TOTORAS,06B00478,FRANCISCO MANCERO,Fiscal,Sierra,Intercultural Bilingüe,Indígena,Kichwa,Puruhá,25.0,1.0,25.0
CHIMBORAZO,GUAMOTE,CEBADAS,   COMUNIDAD      RETEN  ICHUBAMBA,06B00445,HUMBERTO GARCIA ORTIZ,Fiscal,Sierra,Intercultural Bilingüe,Indígena,Kichwa,Puruhá,36.0,3.0,12.0
CHIMBORAZO,GUAMOTE,CEBADAS,   COMUNIDAD RETÉN ICHUBAMBA  - SECTOR GUALIÑAG,06B00480,UNIDAD EDUCATIVA COMUNITARIA INTERCULTURAL BILINGÜE 23 DE JULIO,Fiscal,Sierra,Intercultural Bilingüe,Indígena,Kichwa,Puruhá,134.0,12.0,11.17
CHIMBORAZO,GUAMOTE,CEBADAS,   COMUNIDAD SAN ANTONIO DE CEBADAS,06B00471,ANTONIO NEUMANE,Fiscal,Sierra,Intercultural Bilingüe,Indígena,Kichwa,Puruhá,21.0,2.0,10.5
CHIMBORAZO,GUAMOTE,CEBADAS,   COMUNIDAD SAN VICENTE DE TABLILLAS,06B00474,GONZALO DAVALOS VALDIVIEZO,Fiscal,Sierra,Intercultural Bilingüe,Indígena,Kichwa,Puruhá,26.0,2.0,13.0
CHIMBORAZO,GUAMOTE,CEBADAS,   SECTOR RETEN MACALETE,06B00472,INTI RAYMI,Fiscal,Sierra,Intercultural Bilingüe,Indígena,Kichwa,Puruhá,12.0,2.0,6.0
CHIMBORAZO,GUAMOTE,GUAMOTE,"   CHANCHAN TIOCAJAS ""PUERTO BAQUERIZO MORENO""",06B00391,PUERTO BAQUERIZO MORENO,Fiscal,Sierra,Intercultural Bilingüe,Indígena,Kichwa,Puruhá,17.0,2.0,8.5
CHIMBORAZO,GUAMOTE,GUAMOTE,   COMUNIDAD ACHULLAY SAN AGUSTIN,06B00404,UNIDAD EDUCATIVA COMUNITARIA INTERCULTURAL BILINGÜE ACHULLAY,Fiscal,Sierra,Intercultural Bilingüe,Indígena,Kichwa,Puruhá,144.0,12.0,12.0
CHIMBORAZO,GUAMOTE,GUAMOTE,   COMUNIDAD CHAUZÁN TOTORILLAS,06B00361,UNIDAD EDUCATIVA COMUNITARIA INTERCULTURAL BILINGÜE ATAHUALPA,Fiscal,Sierra,Intercultural Bilingüe,Indígena,Kichwa,Puruhá,260.0,18.0,14.44
CHIMBORAZO,GUAMOTE,GUAMOTE,   COMUNIDAD CHISMAUTE ALTO,06B00431,UNIDAD EDUCATIVA COMUNITARIA INTERCULTURAL BILINGÜE DR. POMPEYO MONTALVO MONTERO,Fiscal,Sierra,Intercultural Bilingüe,Indígena,Kichwa,Puruhá,266.0,18.0,14.78
CHIMBORAZO,GUAMOTE,GUAMOTE,   COMUNIDAD CHISMAUTE TELAN,06B00379,CECIBEB JOSE IGNACIO PAREJA,Fiscal,Sierra,Intercultural Bilingüe,Indígena,Kichwa,Puruhá,21.0,2.0,10.5
CHIMBORAZO,GUAMOTE,GUAMOTE,   COMUNIDAD COCHALOMA TOTORILLAS,06B00373,RAFAEL BRITO MENDOZA,Fiscal,Sierra,Intercultural Bilingüe,Indígena,Kichwa,Puruhá,26.0,3.0,8.67
CHIMBORAZO,GUAMOTE,GUAMOTE,   COMUNIDAD GUAZAN SANTA CLARITA,06B00437,GUAZAN SANTA CLARITA,Fiscal,Sierra,Intercultural Bilingüe,Indígena,Kichwa,Puruhá,80.0,7.0,11.43
CHIMBORAZO,GUAMOTE,GUAMOTE,   COMUNIDAD LAIME CAPULISPUNGO,06B00382,UNIDAD EDUCATIVA COMUNITARIA INTERCULTURAL BILINGÜE AMAWTA FERNANDO DAQUILEMA,Fiscal,Sierra,Intercultural Bilingüe,Indígena,Kichwa,Puruhá,132.0,11.0,12.0
CHIMBORAZO,GUAMOTE,GUAMOTE,   COMUNIDAD LAIME SAN CARLOS,06B00374,UNIDAD EDUCATIVA COMUNITARIA INTERCULTURAL BILINGUE RUMIÑAHUI,Fiscal,Sierra,Intercultural Bilingüe,Indígena,Kichwa,Puruhá,161.0,15.0,10.73
CHIMBORAZO,GUAMOTE,GUAMOTE,   COMUNIDAD LIRIO SAN GONZALO,06B00380,ANTONIO JOSE DE SUCRE,Fiscal,Sierra,Intercultural Bilingüe,Indígena,Kichwa,Puruhá,27.0,2.0,13.5
CHIMBORAZO,GUAMOTE,GUAMOTE,   COMUNIDAD LIRIO SAN JOSE,06B00377,OTTO AROSEMENA GOMEZ,Fiscal,Sierra,Intercultural Bilingüe,Indígena,Kichwa,Puruhá,27.0,2.0,13.5
CHIMBORAZO,GUAMOTE,GUAMOTE,   COMUNIDAD MERCEDES CADENA,06B00366,JHON F. KENNEDY,Fiscal,Sierra,Intercultural Bilingüe,Indígena,Kichwa,Puruhá,90.0,7.0,12.86
CHIMBORAZO,GUAMOTE,GUAMOTE,   COMUNIDAD PULL CHICO,06B00385,UNIDAD EDUCATIVA COMUNITARIA INTERCULTURAL BILINGÜE ELOY ALFARO DELGADO,Fiscal,Sierra,Intercultural Bilingüe,Indígena,Kichwa,Puruhá,265.0,18.0,14.72
CHIMBORAZO,GUAMOTE,GUAMOTE,   COMUNIDAD PULL QUISHUAR,06B00375,MANUEL LASSO GUZÑAY,Fiscal,Sierra,Intercultural Bilingüe,Indígena,Kichwa,Puruhá,86.0,8.0,10.75
CHIMBORAZO,GUAMOTE,GUAMOTE,   COMUNIDAD PULL SAN JOSE,06B00622,16 DE MARZO,Fiscal,Sierra,Intercultural Bilingüe,Indígena,Kichwa,Puruhá,70.0,6.0,11.67
CHIMBORAZO,GUAMOTE,GUAMOTE,   COMUNIDAD SAN ALFONSO DE TIO CAJAS,06B00389,UNIDAD EDUCATIVA COMUNITARIA INTERCULTURAL BILINGÛE BATALLA DE TIOCAJAS,Fiscal,Sierra,Intercultural Bilingüe,Indígena,Kichwa,Puruhá,66.0,11.0,6.0
CHIMBORAZO,GUAMOTE,GUAMOTE,   COMUNIDAD SAN JOSE DE CECEL,06B00424,CECIBEB HECTOR BURBANO,Fiscal,Sierra,Intercultural Bilingüe,Indígena,Kichwa,Puruhá,26.0,2.0,13.0
CHIMBORAZO,GUAMOTE,GUAMOTE,   COMUNIDAD SAN MIGUEL DE CHACAZA,06B00384,PABLO PALACIOS,Fiscal,Sierra,Intercultural Bilingüe,Indígena,Kichwa,Puruhá,6.0,2.0,3.0
CHIMBORAZO,GUAMOTE,GUAMOTE,   COMUNIDAD SAN PABLO DE GRAMAPAMBA,06B00395,SALVADOR BUSTAMANTE CELI,Fiscal,Sierra,Intercultural Bilingüe,Indígena,Kichwa,Puruhá,181.0,14.0,12.93
CHIMBORAZO,GUAMOTE,GUAMOTE,   COMUNIDAD SAN PEDRO DE YACUPAMBA,06B00370,CECIBEB JOSE DE LA CUADRA,Fiscal,Sierra,Intercultural Bilingüe,Indígena,Kichwa,Puruhá,43.0,4.0,10.75
CHIMBORAZO,GUAMOTE,GUAMOTE,   COMUNIDAD SANTA CRUZ DE GUAMOTE,06B00406,CENTRO EDUCATIVO COMUNITARIO INTERCULTURAL BILINGÜE DE EDUCACIÓN BÁSICA USUBUG FE Y ALEGRIA,Fiscomisional,Sierra,Intercultural Bilingüe,Indígena,Kichwa,Puruhá,12.0,1.0,12.0
CHIMBORAZO,GUAMOTE,GUAMOTE,   COMUNIDAD SANTA TERESITA,06B00363,CECIBEB PEDRO MONTERO,Fiscal,Sierra,Intercultural Bilingüe,Indígena,Kichwa,Puruhá,76.0,6.0,12.67
CHIMBORAZO,GUAMOTE,GUAMOTE,   COMUNIDAD SAN VICENTE DE NANZAG,06B00409,CECIBEB PEDRO JOSE ARTETA,Fiscal,Sierra,Intercultural Bilingüe,Indígena,Kichwa,Puruhá,99.0,9.0,11.0
CHIMBORAZO,GUAMOTE,GUAMOTE,   COMUNIDAD TEJAR BALBANEDA,06B00413,CECIBEB FEDERICO HERBART,Fiscal,Sierra,Intercultural Bilingüe,Indígena,Kichwa,Puruhá,32.0,4.0,8.0
CHIMBORAZO,GUAMOTE,GUAMOTE,   CORPORACION DE COMUNIDADES DE SABLOG COCISA,06B00388,UNIDAD EDUCATIVA COMUNITARIA INTERCULTURAL BILINGÜE COCISA,Fiscal,Sierra,Intercultural Bilingüe,Indígena,Kichwa,Puruhá,124.0,14.0,8.86
CHIMBORAZO,GUAMOTE,GUAMOTE,   PULL GRANDE,06B00381,SILVIA GUEVARA PEREZ,Fiscal,Sierra,Intercultural Bilingüe,Indígena,Kichwa,Puruhá,81.0,9.0,9.0
CHIMBORAZO,GUAMOTE,GUAMOTE,   VÍA ANTIGUA A MACAS  COMUNIDAD CHISMAUTE YURAC RUMI,06B00371,CENTRO EDUCATIVO COMUNITARIO INTERCULTURAL BILINGÜE DE EDUCACIÓN BÁSICA MANUEL DEL PINO,Fiscal,Sierra,Intercultural Bilingüe,Indígena,Kichwa,Puruhá,130.0,10.0,13.0
CHIMBORAZO,GUAMOTE,PALMIRA,   COMITE DE DESARROLLO SANTA MONICA DE MAGUAZO,06B00517,UECIB GALO ATIAGA BUSTILLOS,Fiscomisional,Sierra,Intercultural Bilingüe,Indígena,Kichwa,Puruhá,98.0,8.0,12.25
CHIMBORAZO,GUAMOTE,PALMIRA,   COMUNIDAD  ATAPO EL CARMEN,06B00484,CECIBEB  LUIS CORDERO CRESPO,Fiscal,Sierra,Intercultural Bilingüe,Indígena,Kichwa,Puruhá,113.0,9.0,12.56
CHIMBORAZO,GUAMOTE,PALMIRA,   COMUNIDAD ATAPO QUICHALAN,06B00485,CECIBEB MOVIMIENTO 3 DE MAYO FE Y ALEGRIA,Fiscomisional,Sierra,Intercultural Bilingüe,Indígena,Kichwa,Puruhá,6.0,1.0,6.0
CHIMBORAZO,GUAMOTE,PALMIRA,   COMUNIDAD ATAPO  QUILLUTORO,06B00495,UNIDAD EDUCATIVA COMUNITARIA INTERCULTURAL BILINGÜE DANIEL EVAS GUARACA,Fiscal,Sierra,Intercultural Bilingüe,Indígena,Kichwa,Puruhá,115.0,13.0,8.85
CHIMBORAZO,GUAMOTE,PALMIRA,   COMUNIDAD ATAPO SANTA CRUZ,06B00498,UNIDAD EDUCATIVA COMUNITARIA INTERCULTURAL BILINGÜE HEROES DEL CENEPA,Fiscal,Sierra,Intercultural Bilingüe,Indígena,Kichwa,Puruhá,311.0,19.0,16.37
CHIMBORAZO,GUAMOTE,PALMIRA,   COMUNIDAD: ATAPO SANTA ELENA,06B00492,CECIBEB ATAPO SANTA ELENA,Fiscal,Sierra,Intercultural Bilingüe,Indígena,Kichwa,Puruhá,152.0,10.0,15.2
CHIMBORAZO,GUAMOTE,PALMIRA,   COMUNIDAD CALTE LAIME,06B00507,UNIDAD EDUCATIVA COMUNITARIA INTERCULTURAL BILINGÜE NACION PURUHA,Fiscal,Sierra,Intercultural Bilingüe,Indígena,Kichwa,Puruhá,233.0,15.0,15.53
CHIMBORAZO,GUAMOTE,PALMIRA,   COMUNIDAD CHAUZAN SAN ALFONSO,06B00490,CECIBEB 14 DE ABRIL,Fiscal,Sierra,Intercultural Bilingüe,Indígena,Kichwa,Puruhá,131.0,12.0,10.92
CHIMBORAZO,GUAMOTE,PALMIRA,   COMUNIDAD GALTE BISÑAG,06B00483,CENTRO EDUCATIVO COMUNITARIO INTERCULTURAL BILINGÜE DE EDUCACIÓN BÁSICA JOSÉ MANUEL NAULA LEMA,Fiscal,Sierra,Intercultural Bilingüe,Indígena,Kichwa,Puruhá,21.0,2.0,10.5
CHIMBORAZO,GUAMOTE,PALMIRA,   COMUNIDAD GALTE CACHIPATA,06B00512,CECIBEB GALTE CACHIPATA,Fiscal,Sierra,Intercultural Bilingüe,Indígena,Kichwa,Puruhá,22.0,2.0,11.0
CHIMBORAZO,GUAMOTE,PALMIRA,   COMUNIDAD GALTE CENTRO CIVICO,06B00506,UNIDAD EDUCATIVA COMUNITARIA INTERCULTURAL BILINGÜE AMBROSIO LASSO,Fiscal,Sierra,Intercultural Bilingüe,Indígena,Kichwa,Puruhá,250.0,15.0,16.67
CHIMBORAZO,GUAMOTE,PALMIRA,   COMUNIDAD GALTE JATUN LOMA,06B00505,UNIDAD EDUCATIVA COMUNITARIA INTERCULTURAL BILINGÜE 16 DE NOVIEMBRE,Fiscal,Sierra,Intercultural Bilingüe,Indígena,Kichwa,Puruhá,240.0,17.0,14.12
CHIMBORAZO,GUAMOTE,PALMIRA,   COMUNIDAD LAS GRANJA DE SUTIPUD,06B00532,CENTRO EDUCATIVO COMUNITARIO INTERCULTURAL BILINGÜE DE EDUCACIÓN BÁSICA SUTIPUD,Fiscal,Sierra,Intercultural Bilingüe,Indígena,Kichwa,Puruhá,30.0,2.0,15.0
CHIMBORAZO,GUAMOTE,PALMIRA,   COMUNIDAD PALMIRA CENTRO,06H01004,UNIDAD EDUCATIVA DEL MILENIO GUARDIANA DE LA LENGUA 27 DE FEBRERO,Fiscal,Sierra,Intercultural,Indígena,Kichwa,Puruhá,611.0,32.0,19.09
CHIMBORAZO,GUAMOTE,PALMIRA,   COMUNIDAD RODEO VAQUERIA,06B00511,CAPITAN GEOVANNY CALLES LASCANO,Fiscal,Sierra,Intercultural Bilingüe,Indígena,Kichwa,Puruhá,49.0,3.0,16.33
CHIMBORAZO,GUAMOTE,PALMIRA,   COMUNIDAD SAN CARLOS DE TIPIN,06B00521,UNIDAD EDUCATIVA COMUNITARIA INTERCULTURAL BILINGÜE LOS TIPINES,Fiscal,Sierra,Intercultural Bilingüe,Indígena,Kichwa,Puruhá,221.0,16.0,13.81
CHIMBORAZO,GUAMOTE,PALMIRA,   COMUNIDAD SAN FRANCISCO DE BISHUD,06B00489,CENTRO EDUCATIVO COMUNITARIO INTERCULTURAL BILINGÜE DE EDUCACIÓN BÁSICA JUAN A COMENIO,Fiscal,Sierra,Intercultural Bilingüe,Indígena,Kichwa,Puruhá,95.0,10.0,9.5
CHIMBORAZO,GUAMOTE,PALMIRA,   COMUNIDAD   SAN JUAN DE GALTE,06B00503,CENTRO EDUCATIVO COMUNITARIO INTERCULTURAL BILINGÜE DE EDUCACIÓN BÁSICA 7 DE ABRIL,Fiscal,Sierra,Intercultural Bilingüe,Indígena,Kichwa,Puruhá,31.0,2.0,15.5
CHIMBORAZO,GUAMOTE,PALMIRA,   COMUNIDAD SAN VICENTE DE TIPÍN,06B00513,CECIBEB LUIS ALBERTO CASTILLO,Fiscal,Sierra,Intercultural Bilingüe,Indígena,Kichwa,Puruhá,101.0,7.0,14.43
CHIMBORAZO,GUAMOTE,PALMIRA,   COMUNIDAD SARA CHUPA,06B00482,DOLORES CACUANGO,Fiscal,Sierra,Intercultural Bilingüe,Indígena,Kichwa,Puruhá,30.0,3.0,10.0
CHIMBORAZO,GUAMOTE,PALMIRA,   COMUNIDAD TIPIN CHACALLO,06B00515,CECIBEB TIPIN CHACALLO,Fiscal,Sierra,Intercultural Bilingüe,Indígena,Kichwa,Puruhá,24.0,2.0,12.0
CHIMBORAZO,GUAMOTE,PALMIRA,   GALTE YAGUACHI,06B00500,GALTE YAGUACHI,Fiscal,Sierra,Intercultural Bilingüe,Indígena,Kichwa,Puruhá,104.0,7.0,14.86
CHIMBORAZO,RIOBAMBA,CACHA (CAB. EN MACHANGARA),   CACHA OBRAJE,06B00020,UNIDAD EDUCATIVA  INTERCULTURAL BILINGUE SHIRY CACHA,Fiscal,Sierra,Intercultural Bilingüe,Indígena,Kichwa,Puruhá,135.0,13.0,10.38
CHIMBORAZO,RIOBAMBA,CACHA (CAB. EN MACHANGARA),   CACHATON SAN FRANCISCO,06B00017,ESCUELA DE EDUCACION BASICA INTERCULTURAL BILINGUE CACHA DUCHICELA,Fiscal,Sierra,Intercultural Bilingüe,Indígena,Kichwa,Puruhá,2.0,1.0,2.0
CHIMBORAZO,RIOBAMBA,CACHA (CAB. EN MACHANGARA),   COMUNIDAD CRUZADA GUALIQUIS,06B00018,ESCUELA DE EDUCACION BASICA INTERCULTURAL BILINGUE MANUEL CHILI,Fiscal,Sierra,Intercultural Bilingüe,Indígena,Kichwa,Puruhá,16.0,2.0,8.0
CHIMBORAZO,RIOBAMBA,CACHA (CAB. EN MACHANGARA),   COMUNIDAD SAN MIGUEL DE QUERA,06B00603,ESCUELA DE EDUCACION BASICA INTERCULTURAL BILINGUE BARTOLOME RUIZ,Fiscal,Sierra,Intercultural Bilingüe,Indígena,Kichwa,Puruhá,6.0,1.0,6.0
CHIMBORAZO,RIOBAMBA,CACHA (CAB. EN MACHANGARA),   COMUNIDAD SHILPALA,06B00004,CENTRO EDUCATIVO INTERCULTURAL BILINGUE FERNANDO DAQUILEMA,Fiscal,Sierra,Intercultural Bilingüe,Indígena,Kichwa,Puruhá,28.0,6.0,4.67
CHIMBORAZO,RIOBAMBA,CALPI,   COMUNIDAD SAN JOSE DE GAUSHI,06B00032,ESCUELA DE EDUCACION BASICA INTERCULTURAL BILINGÜE SAN JOSE DE GAUSHI,Fiscal,Sierra,Intercultural Bilingüe,Indígena,Kichwa,Puruhá,61.0,4.0,15.25
CHIMBORAZO,RIOBAMBA,CALPI,   JATARI CAMPESINO,06B00022,UNIDAD EDUCATIVA INTERCULTURAL BILINGUE CAPITAN GIOVANNI CALLES LASCAN,Fiscal,Sierra,Intercultural Bilingüe,Indígena,Kichwa,Puruhá,130.0,15.0,8.67
CHIMBORAZO,RIOBAMBA,FLORES,   COMUNIDAD GUANTUL GRANDE CENTRAL,06B00046,UNIDAD EDUCATIVA INTERCULTURAL BILINGÜE OSCAR EFREN REYES,Fiscal,Sierra,Intercultural Bilingüe,Indígena,Kichwa,Puruhá,74.0,12.0,6.17
CHIMBORAZO,RIOBAMBA,FLORES,   COMUNIDAD NAUBUG,06B00047,CECIBEB LIZARDO GARCIA,Fiscal,Sierra,Intercultural Bilingüe,Indígena,Kichwa,Puruhá,53.0,6.0,8.83
CHIMBORAZO,RIOBAMBA,FLORES,   PUESETUS GRANDE,06B00606,ESCUELA DE EDUCACION INTERCULTURAL BILINGUE GENERAL ALEJO SAES,Fiscal,Sierra,Intercultural Bilingüe,Indígena,Kichwa,Puruhá,9.0,1.0,9.0
CHIMBORAZO,RIOBAMBA,LICTO,   A LADO DE FLORES VIA A CEBADAS,06B00050,ESCUELA DE EDUCACION BASICA INTERCULTURAL BILINGÜE MUSHUK PAKARI,Fiscal,Sierra,Intercultural Bilingüe,Indígena,Kichwa,Puruhá,17.0,2.0,8.5
CHIMBORAZO,RIOBAMBA,LICTO,   COMUNIDAD TUSHI SAN JAVIER,06B00056,ESCUELA DE EDUCACION BASICA INTERCULTURAL BILINGUE SAN XAVIER,Fiscal,Sierra,Intercultural Bilingüe,Indígena,Kichwa,Puruhá,41.0,2.0,20.5
CHIMBORAZO,RIOBAMBA,LICTO,   COMUNIDAD TZIMBUTO QUINCAHUAN,06B00052,ESCUELA DE EDUCACION BASICA INTERCULTURAL BILINGUE MANUEL ELICIO FLOR,Fiscal,Sierra,Intercultural Bilingüe,Indígena,Kichwa,Puruhá,36.0,4.0,9.0
CHIMBORAZO,RIOBAMBA,LICTO,   POLITECNICA CAMPO-TUNSHI,06B00607,COLEGIO DE BACHILLERATO INTERCULTURAL BILINGUE POLITECNICA DE CHIMBORAZO,Fiscal,Sierra,Intercultural Bilingüe,Indígena,Kichwa,Puruhá,27.0,8.0,3.38
CHIMBORAZO,RIOBAMBA,LICTO,   SAN ANTONIO DE GUAGÑAG,06B00058,ESCUELA DE EDUCACION BASICA INTERCULTURAL BILINGUE 13 DE JUNIO,Fiscal,Sierra,Intercultural Bilingüe,Indígena,Kichwa,Puruhá,11.0,1.0,11.0
CHIMBORAZO,RIOBAMBA,LIZARZABURU,AV ATAHUALPA 28-37 NUEVE DE OCTUBRE ,06B00360,UNIDAD EDUCATIVA  INTERCULTURAL BILINGÜE PCEI PACHAYACHACHIK,Fiscomisional,Sierra,Intercultural Bilingüe,Indígena,Kichwa,Puruhá,56.0,2.0,28.0
CHIMBORAZO,RIOBAMBA,LIZARZABURU,CIUDADELA  LA PAZ  MATRIZ S-N Y  PANAMERICA SUR   BARRIO  TIERRA NUEVA JOSE PERALTA Y ALCOCER ,06B00002,UNIDAD EDUCATIVA INTERCULTURAL BILINGUE MONSEÑOR LEONIDAS PROAÑO,Fiscal,Sierra,Intercultural Bilingüe,Indígena,Kichwa,Puruhá,570.0,54.0,10.56
CHIMBORAZO,RIOBAMBA,PUNGALA,   CASERIO ANGUIÑAY,06B00059,ESCUELA DE EDUCACION BASICA INTERCULTURAL BILINGUE PROCER ASCÁZUBI,Fiscal,Sierra,Intercultural Bilingüe,Indígena,Kichwa,Puruhá,5.0,1.0,5.0
CHIMBORAZO,RIOBAMBA,PUNGALA,   COMUNIDAD EL ETEN,06B00076,ESCUELA DE EDUCACION BASICA INTERCULTURAL BILINGÜE REY DE LOS ANDES,Fiscal,Sierra,Intercultural Bilingüe,Indígena,Kichwa,Puruhá,6.0,1.0,6.0
CHIMBORAZO,RIOBAMBA,PUNGALA,   COMUNIDAD NIÑO LOMA,06B00063,ESCUELA DE EDUCACION BASICA INTERCULTURAL BILINGÜE AGUSTIN PROAÑO RECALDE,Fiscal,Sierra,Intercultural Bilingüe,Indígena,Kichwa,Puruhá,5.0,1.0,5.0
CHIMBORAZO,RIOBAMBA,PUNGALA,   COMUNIDAD PURUHUAY SAN GERARDO,06B00072,UNIDAD EDUCATIVA  INTERCULTURAL BILINGUE SANGAY,Fiscal,Sierra,Intercultural Bilingüe,Indígena,Kichwa,Puruhá,77.0,11.0,7.0
CHIMBORAZO,RIOBAMBA,PUNGALA,   COMUNIDAD SAN FRANCISCO DE APUÑAG,06B00065,CENTRO EDUCATIVO COMUNITARIO INTERCULTURAL BILINGUE TNTE. GUSTAVO LEDESMA VASQUEZ,Fiscal,Sierra,Intercultural Bilingüe,Indígena,Kichwa,Puruhá,7.0,1.0,7.0
CHIMBORAZO,RIOBAMBA,PUNGALA,   PELTETEC,06B00071,ESCUELA DE EDUCACION BASICA INTERCULTURAL BILINGÜE JOSE FELIX TIXI,Fiscal,Sierra,Intercultural Bilingüe,Indígena,Kichwa,Puruhá,3.0,1.0,3.0
CHIMBORAZO,RIOBAMBA,PUNGALA,   SAN ANTONIO DE ALAO,06B00079,UNIDAD EDUCATIVA INTERCULTURAL BILINGUE RIO GUAMBOYA,Fiscal,Sierra,Intercultural Bilingüe,Indígena,Kichwa,Puruhá,91.0,13.0,7.0
CHIMBORAZO,RIOBAMBA,PUNGALA,   SHANAYCUN,06B00061,ESCUELA DE EDUCACION BASICA INTERCULTURAL BILINGÜE ANGEL MANUEL VALENCIA NORIEGA,Fiscal,Sierra,Intercultural Bilingüe,Indígena,Kichwa,Puruhá,26.0,5.0,5.2
CHIMBORAZO,RIOBAMBA,PUNGALA,   SHULLIDIS,06B00631,CENTRO EDUCATIVO COMUNITARIO INTERCULTURAL BILINGUE BENJAMIN CARRION,Fiscal,Sierra,Intercultural Bilingüe,Indígena,Kichwa,Puruhá,8.0,1.0,8.0
CHIMBORAZO,RIOBAMBA,PUNIN,   CASERIO MIRALOMA,06B00083,CONSOLATA 92,Fiscal,Sierra,Intercultural Bilingüe,Indígena,Kichwa,Puruhá,12.0,2.0,6.0
CHIMBORAZO,RIOBAMBA,PUNIN,   CUMUNIDAD SAN ANTONIO DE BASHALAN,06B00087,UNIDAD EDUCATIVA INTERCULTURAL BILINGUE BASHALAN,Fiscal,Sierra,Intercultural Bilingüe,Indígena,Kichwa,Puruhá,108.0,14.0,7.71
CHIMBORAZO,RIOBAMBA,SAN JUAN,   COMUNIDAD  BALLAGAN,06B00610,ESCUELA DE EDUCACION BASICA INTERCULTURAL BILINGUE VENTURA GUAMÁN CHAGÑAY,Fiscal,Sierra,Intercultural Bilingüe,Indígena,Kichwa,Puruhá,5.0,1.0,5.0
CHIMBORAZO,RIOBAMBA,SAN JUAN,   COMUNIDAD CHIMBORAZO,06B00106,UNIDAD EDUCATIVA  INTERCULTURAL BILINGUE CHIMBORAZO,Fiscal,Sierra,Intercultural Bilingüe,Indígena,Kichwa,Puruhá,147.0,17.0,8.65
CHIMBORAZO,RIOBAMBA,SAN JUAN,   COMUNIDAD GUABUG,06B00096,UNIDAD EDUCATIVA  INTERCULTURAL BILINGUE INTERANDINA,Fiscal,Sierra,Intercultural Bilingüe,Indígena,Kichwa,Puruhá,113.0,15.0,7.53
CHIMBORAZO,RIOBAMBA,SAN JUAN,   COMUNIDAD SHOBOL LLINLLIN,06B00092,ESCUELA DE EDUCACION BASICA  INTERCULTURAL BILINGUE CIUDAD DE TULCAN,Fiscal,Sierra,Intercultural Bilingüe,Indígena,Kichwa,Puruhá,42.0,4.0,10.5
CHIMBORAZO,RIOBAMBA,SAN JUAN,   GANQUIS CUIQUILOMA,06B00609,ESCUELA DE EDUCACION BASICA I B GANQUIS CUIQUILOMA INDIGENA,Fiscal,Sierra,Intercultural Bilingüe,Indígena,Kichwa,Puruhá,5.0,1.0,5.0
COTOPAXI,LATACUNGA,IGNACIO FLORES (PARQUE FLORES),   BARRIO PALOPO,05B00117,UNIDAD EDUCATIVA COMUNITARIA  INTERCULTURAL BILINGÜE SUMAK KAWSAY,Fiscal,Sierra,Intercultural Bilingüe,Indígena,Kichwa,Panzaleo,85.0,8.0,10.62
COTOPAXI,LATACUNGA,POALO,   ACCHI VAQUERIA,05B00009,CENTRO EDUCATIVO COMUNITARIO INTERCULTURAL BILINGÜE DE EDUCACION BASICA JOSE CRUZ CHOLOQUINGA,Fiscal,Sierra,Intercultural Bilingüe,Indígena,Kichwa,Panzaleo,16.0,3.0,5.33
COTOPAXI,LATACUNGA,POALO,   MACA ATAPULO,05B00003,UNIDAD EDUCATIVA COMUNITARIA INTERCULTURAL BILINGÜE KAWSAYPA YACHAY DE PUEBLO MACA,Fiscal,Sierra,Intercultural Bilingüe,Indígena,Kichwa,Panzaleo,81.0,10.0,8.1
COTOPAXI,LATACUNGA,POALO,   MACA CHUQUIRALOMA,05B00007,CENTRO EDUCATIVO COMUNITARIO INTERCULTURAL BILINGÜE DE EDUCACION BASICA ANDRES CHOLOQUINGA,Fiscal,Sierra,Intercultural Bilingüe,Indígena,Kichwa,Panzaleo,8.0,1.0,8.0
COTOPAXI,LATACUNGA,POALO,   MACA GRANDE,05B00006,CENTRO EDUCATIVO COMUNITARIO INTERCULTURAL BILINGUE DE EDUCACION BASICA CACIQUE TUCUMANGO,Fiscal,Sierra,Intercultural Bilingüe,Indígena,Kichwa,Panzaleo,3.0,1.0,3.0
COTOPAXI,LATACUNGA,POALO,   MACA LAIGUA,05B00116,C E C I B DE EDUCACION BASICA JOSE CRUZ CHANGOLUISA,Fiscal,Sierra,Intercultural Bilingüe,Indígena,Kichwa,Panzaleo,8.0,1.0,8.0
COTOPAXI,LATACUNGA,POALO,   MACA MILINPUNKU,05B00005,CENTRO EDUCATIVO COMUNITARIO INTERCULTURAL BILINGÜE MILINPUNKU,Fiscal,Sierra,Intercultural Bilingüe,Indígena,Kichwa,Panzaleo,16.0,1.0,16.0
COTOPAXI,LATACUNGA,POALO,   SANTA MARIA DE UGSHALOMA,05B00008,UNIDAD EDUCATIVA COMUNITARIA INTERCULTURAL BILINGÜE PUEBLO MACA GRANDE,Fiscal,Sierra,Intercultural Bilingüe,Indígena,Kichwa,Panzaleo,74.0,9.0,8.22
COTOPAXI,LATACUNGA,SAN JUAN DE PASTOCALLE,   9 DE OCTUBRE  Y 24   DE JUNIO,05B00011,CENTRO EDUCATIVO COMUNITARIO INTERCULTURAL BILINGÜE DE EDUCACION BASICA EL SEMBRADOR,Fiscomisional,Sierra,Intercultural Bilingüe,Mestiza,Mestiza,Mestiza,122.0,10.0,12.2
COTOPAXI,LATACUNGA,TOACASO,   BARRIO CHILCHE,05B00015,CENTRO EDUCATIVO COMUNITARIO INTERCULTURAL BILINGÜE DE EDUCACION BASICA ANTONIO FRIAS,Fiscal,Sierra,Intercultural Bilingüe,Indígena,Kichwa,Panzaleo,26.0,2.0,13.0
COTOPAXI,LATACUNGA,TOACASO,   CASERIO YANAURQUITO SAN ANTONIO,05B00012,CENTRO EDUCATIVO COMUNITARIO INTERCULTURAL BILINGÜE DE EDUCACION BASICA JOSE ANTONIO TOAPANTA,Fiscal,Sierra,Intercultural Bilingüe,Indígena,Kichwa,Panzaleo,6.0,1.0,6.0
COTOPAXI,LATACUNGA,TOACASO,   COMUNIDAD PLANCHALOMA,05B00013,UNIDAD EDUCATIVA COMUNITARIA INTERCULTURAL BILINGÜE EL CHAQUIÑAN,Fiscal,Sierra,Intercultural Bilingüe,Indígena,Kichwa,Panzaleo,125.0,16.0,7.81
COTOPAXI,LATACUNGA,TOACASO,   DALILA RIVERA,05B00014,CENTRO EDUCATIVO COMUNITARIO INTERCULTURAL BILINGÜE DE EDUCACION BASICA BELISARIO CONDOR TRAVEZ,Fiscal,Sierra,Intercultural Bilingüe,Indígena,Kichwa,Panzaleo,16.0,1.0,16.0
COTOPAXI,PUJILI,ANGAMARCA,   CHINE ALTO,05B00027,CENTRO EDUCATIVO COMUNITARIO INTERCULTURAL BILINGÜE DE EDUCACION BASICA TUNGURAHUA,Fiscal,Sierra,Intercultural Bilingüe,Indígena,Kichwa,Panzaleo,82.0,8.0,10.25
COTOPAXI,PUJILI,ANGAMARCA,   CHINE-PAMBA,05B00122,CENTRO EDUCATIVO COMUNITARIO INTERCULTURAL BILINGÜE DE EDUCACION BASICA LUISA GOMEZ DE LA TORRE,Fiscal,Sierra,Intercultural Bilingüe,Mestiza,Mestiza,Mestiza,26.0,1.0,26.0
COTOPAXI,PUJILI,ANGAMARCA,   COMUNA PIGUA QUINDIGUA,05B00026,UNIDAD EDUCATIVA COMUNITARIA INTERCULTURAL BILINGÜE CHONE,Fiscal,Sierra,Intercultural Bilingüe,Indígena,Kichwa,Panzaleo,132.0,14.0,9.43
COTOPAXI,PUJILI,ANGAMARCA,   COMUNA SUNIKILAK,05B00121,CENTRO EDUCATIVO COMUNITARIO INTERCULTURAL BILINGÜE DE EDUCACION BASICA LAUTARO,Fiscal,Sierra,Intercultural Bilingüe,Indígena,Kichwa,Panzaleo,14.0,1.0,14.0
COTOPAXI,PUJILI,GUANGAJE,   CANDELA FASSO,05B00123,CENTRO EDUCATIVO COMUNITARIO INTERCULTURAL BILINGÜE DE EDUCACION BASICA MARIA MAGDALENA ALAJO,Fiscal,Sierra,Intercultural Bilingüe,Indígena,Kichwa,Panzaleo,18.0,1.0,18.0
COTOPAXI,PUJILI,GUANGAJE,   CASERIO CURINGUE,05B00039,CENTRO EDUCATIVO COMUNITARIO INTERCULTURAL BILINGÜE DE EDUCACION BASICA BELISARIO TOAQUIZA,Fiscal,Sierra,Intercultural Bilingüe,Indígena,Kichwa,Panzaleo,9.0,1.0,9.0
COTOPAXI,PUJILI,GUANGAJE,   COMUNA GUANGUAJE,05B00037,CENTRO EDUCATIVO COMUNITARIO INTERCULTURAL BILINGÜE DE EDUCACION BASICA MONSEÑOR LEONIDAS PROAÑO,Fiscal,Sierra,Intercultural Bilingüe,Indígena,Kichwa,Panzaleo,45.0,3.0,15.0
COTOPAXI,PUJILI,GUANGAJE,   COMUNIDAD CASA QUEMADA,05B00035,CENTRO EDUCATIVO COMUNITARIO INTERCULTURAL BILINGÜE DE EDUCACION BASICA EUGENIO DE SANTA CRUZ Y ESPEJO,Fiscal,Sierra,Intercultural Bilingüe,Indígena,Kichwa,Panzaleo,26.0,2.0,13.0
COTOPAXI,PUJILI,GUANGAJE,   COMUNIDAD CASHAPATA,05B00055,CENTRO EDUCATIVO COMUNITARIO INTERCULTURAL BILINGÜE DE EDUCACION BASICA ANDRES TOAQUIZA,Fiscal,Sierra,Intercultural Bilingüe,Indígena,Kichwa,Panzaleo,6.0,1.0,6.0
COTOPAXI,PUJILI,GUANGAJE,   COMUNIDAD TIGUA YAGUARTOA,05B00103,CENTRO EDUCATIVO COMUNITARIO INTERCULTURAL BILINGÜE DE EDUCACION BASICA CARLOS GUEVARA MORENO,Fiscal,Sierra,Intercultural Bilingüe,Indígena,Kichwa,Panzaleo,9.0,1.0,9.0
COTOPAXI,PUJILI,GUANGAJE,   EL HOSPITAL,05B00034,CENTRO EDUCATIVO COMUNITARIO INTERCULTURAL BILINGÜE DE EDUCACION BASICA JAIME ROLDOS AGUILERA,Fiscal,Sierra,Intercultural Bilingüe,Indígena,Kichwa,Panzaleo,6.0,1.0,6.0
COTOPAXI,PUJILI,GUANGAJE,   GUAYAMA GRANDE,05B00032,CENTRO EDUCATIVO COMUNITARIO INTERCULTURAL BILINGÜE DE EDUCACION BASICA JOSE MANUEL CHUGCHILAN,Fiscal,Sierra,Intercultural Bilingüe,Indígena,Kichwa,Panzaleo,18.0,1.0,18.0
COTOPAXI,PUJILI,GUANGAJE,   HUAIRAPUNGO CHICO,05B00028,CENTRO EDUCATIVO COMUNITARIO INTERCULTURAL BILINGÜE DE EDUCACION BASICA TRANSITO AMAGUAÑA,Fiscal,Sierra,Intercultural Bilingüe,Indígena,Kichwa,Panzaleo,9.0,1.0,9.0
COTOPAXI,PUJILI,GUANGAJE,   NIÑO LOMA,05B00030,CENTRO EDUCATIVO COMUNITARIO INTERCULTURAL BILINGÜE DE EDUCACION BASICA AGUSTIN VEGA DE LORENZO,Fiscal,Sierra,Intercultural Bilingüe,Indígena,Kichwa,Panzaleo,3.0,1.0,3.0
COTOPAXI,PUJILI,GUANGAJE,   RUMIPAMBA,05B00033,CENTRO EDUCATIVO COMUNITARIO INTERCULTURAL BILINGÜE DE EDUCACION BASICA PACHA QUILOTOA,Fiscal,Sierra,Intercultural Bilingüe,Indígena,Kichwa,Panzaleo,15.0,1.0,15.0
COTOPAXI,PUJILI,GUANGAJE,   SAN JOSE DE CUADRAPAMBA,05B00102,CENTRO EDUCATIVO COMUNITARIO INTERCULTURAL BILINGÜE DE EDUCACION BASICA 8 DE DICIEMBRE,Fiscal,Sierra,Intercultural Bilingüe,Indígena,Kichwa,Panzaleo,14.0,1.0,14.0
COTOPAXI,PUJILI,GUANGAJE,   TIGUA QUILOA,05B00038,CENTRO EDUCATIVO COMUNITARIO INTERCULTURAL BILINGÜE DE EDUCACION BASICA ANTONIO CUYO RAMON,Fiscal,Sierra,Intercultural Bilingüe,Indígena,Kichwa,Panzaleo,4.0,1.0,4.0
COTOPAXI,PUJILI,PILALO,   APAHUA,05B00042,UNIDAD EDUCATIVA COMUNITARIA INTERCULTURAL BILINGÜE GENERAL CONDORAZO,Fiscal,Sierra,Intercultural Bilingüe,Indígena,Kichwa,Panzaleo,95.0,10.0,9.5
COTOPAXI,PUJILI,PILALO,   COMUNA CHILCA,05B00041,CENTRO EDUCATIVO COMUNITARIO INTERCULTURAL BILINGÜE DE EDUCACION BASICA ANDRES PILATASIG,Fiscal,Sierra,Intercultural Bilingüe,Indígena,Kichwa,Panzaleo,9.0,1.0,9.0
COTOPAXI,PUJILI,PILALO,   CORRALPUNGO,05B00138,CENTRO EDUCATIVO COMUNITARIO INTERCULTURAL BILINGÜE DE EDUCACION BASICA JUAN MANUEL AYALA,Fiscal,Sierra,Intercultural Bilingüe,Indígena,Kichwa,Panzaleo,126.0,10.0,12.6
COTOPAXI,PUJILI,PILALO,   REDROVAN PILALO,05B00112,CENTRO EDUCATIVO COMUNITARIO INTERCULTURAL BILINGÜE DE EDUCACION BASICA MIGUEL VALVERDE,Fiscal,Sierra,Intercultural Bilingüe,Indígena,Kichwa,Panzaleo,7.0,1.0,7.0
COTOPAXI,PUJILI,PILALO,   VIA ANGAMARCA,05B00040,CENTRO EDUCATIVO COMUNITARIO INTERCULTURAL BILINGÜE DE EDUCACION BASICA INKAPIRKA MILIN DE APAGUA,Fiscal,Sierra,Intercultural Bilingüe,Indígena,Kichwa,Panzaleo,11.0,1.0,11.0
COTOPAXI,PUJILI,PUJILI,   BARRIO RUMIPUNGO,05B00120,CENTRO EDUCATIVO COMUNITARIO INTERCULTURAL BILINGÜE DE EDUCACION BASICA CABO CESAR VILLACIS MADRID,Fiscal,Sierra,Intercultural Bilingüe,Indígena,Kichwa,Panzaleo,35.0,2.0,17.5
COTOPAXI,PUJILI,PUJILI,   COMUNIDAD CACHI ALTO,05B00021,UNIDAD EDUCATIVA COMUNITARIA INTERCULTURAL BILINGÜE REMIGIO CRESPO TORAL,Fiscal,Sierra,Intercultural Bilingüe,Indígena,Kichwa,Panzaleo,115.0,18.0,6.39
COTOPAXI,PUJILI,PUJILI,   COMUNIDAD YACUBAMBA,05B00113,UNIDAD EDUCATIVA COMUNITARIA INTERCULTURAL BILINGÜE JATUN JUIGUA,Fiscal,Sierra,Intercultural Bilingüe,Indígena,Kichwa,Panzaleo,31.0,8.0,3.88
COTOPAXI,PUJILI,PUJILI,   CUTURIVI CHICO,05B00020,CENTRO EDUCATIVO COMUNITARIO INTERCULTURAL BILINGÜE DE EDUCACION BASICA HUMBERTO VACAS GOMEZ,Fiscal,Sierra,Intercultural Bilingüe,Indígena,Kichwa,Panzaleo,80.0,10.0,8.0
COTOPAXI,PUJILI,ZUMBAHUA,   CALLE QUILOTOA - PLAZA CENTRAL,05H00574,UNIDAD EDUCATIVA DEL MILENIO CACIQUE TUMBALA,Fiscal,Sierra,Intercultural,Mestiza,Mestiza,Mestiza,734.0,43.0,17.07
COTOPAXI,PUJILI,ZUMBAHUA,   CHICHO,05B00060,CENTRO EDUCATIVO COMUNITARIO INTERCULTURAL BILINGÜE DE EDUCACION BASICA NELSON TORRES ARROYO,Fiscal,Sierra,Intercultural Bilingüe,Indígena,Kichwa,Panzaleo,24.0,2.0,12.0
COTOPAXI,PUJILI,ZUMBAHUA,   COMUNA  COCHA  SECTOR VAQUERIA,05B00057,CENTRO EDUCATIVO COMUNITARIO INTERCULTURAL BILINGÜE DE EDUCACION BASICA DOLORES CACUANGO,Fiscal,Sierra,Intercultural Bilingüe,Indígena,Kichwa,Panzaleo,16.0,2.0,8.0
COTOPAXI,PUJILI,ZUMBAHUA,   COMUNA CUSHCA,05B00052,CENTRO EDUCATIVO COMUNITARIO INTERCULTURAL BILINGÜE DE EDUCACION BASICA RAFAEL VINCES,Fiscal,Sierra,Intercultural Bilingüe,Indígena,Kichwa,Panzaleo,22.0,1.0,22.0
COTOPAXI,PUJILI,ZUMBAHUA,   COMUNA SARAUGSHA,05B00050,UNIDAD EDUCATIVA COMUNITARIA INTERCULTURAL BILINGÜE SARAUGSHA,Fiscal,Sierra,Intercultural Bilingüe,Indígena,Kichwa,Panzaleo,108.0,19.0,5.68
COTOPAXI,PUJILI,ZUMBAHUA,   COMUNA TIGUA CHIMBACUCHO,05B00046,CENTRO EDUCATIVO COMUNITARIO INTERCULTURAL BILINGÜE DE EDUCACION BASICA ATAHUALPA,Fiscal,Sierra,Intercultural Bilingüe,Indígena,Kichwa,Panzaleo,4.0,1.0,4.0
COTOPAXI,PUJILI,ZUMBAHUA,   COMUNIDAD EL CAUCHO,05B00058,CENTRO EDUCATIVO COMUNITARIO INTERCULTURAL BILINGÜE DE EDUCACION BASICA BENJAMIN CARRION,Fiscal,Sierra,Intercultural Bilingüe,Indígena,Kichwa,Panzaleo,11.0,1.0,11.0
COTOPAXI,PUJILI,ZUMBAHUA,   COMUNIDAD  NIÑO RUMI,05B00061,CENTRO EDUCATIVO COMUNITARIO INTERCULTURAL BILINGÜE DE EDUCACION BASICA SAN JAVIER,Fiscal,Sierra,Intercultural Bilingüe,Indígena,Kichwa,Panzaleo,5.0,1.0,5.0
COTOPAXI,PUJILI,ZUMBAHUA,   IRACUNGA,05B00051,CENTRO EDUCATIVO COMUNITARIO INTERCULTURAL BILINGÜE DE EDUCACION BASICA FERNANDO DAQUILEMA,Fiscal,Sierra,Intercultural Bilingüe,Indígena,Kichwa,Panzaleo,13.0,1.0,13.0
COTOPAXI,PUJILI,ZUMBAHUA,   LA COCHA,05B00047,UNIDAD EDUCATIVA COMUNITARIA INTERCULTURAL BILINGÜE 24 DE OCTUBRE,Fiscal,Sierra,Intercultural Bilingüe,Indígena,Kichwa,Panzaleo,150.0,16.0,9.38
COTOPAXI,PUJILI,ZUMBAHUA,   MICHACALA,05B00045,CENTRO EDUCATIVO COMUNITARIO INTERCULTURAL BILINGÜE DE EDUCACION BASICA SERGIO NUÑEZ,Fiscal,Sierra,Intercultural Bilingüe,Indígena,Kichwa,Panzaleo,105.0,10.0,10.5
COTOPAXI,PUJILI,ZUMBAHUA,   PADRE TONI BRESSIANI Y MOSEÑOR LEONIDAS PROAÑO,05B00114,UNIDAD EDUCATIVA COMUNITARIA INTERCULTURAL BILINGÜE JATARI UNANCHA,Fiscal,Sierra,Intercultural Bilingüe,Indígena,Kichwa,Panzaleo,1298.0,70.0,18.54
COTOPAXI,PUJILI,ZUMBAHUA,   ZUMBAHUA CENTRO,05B00064,UNIDAD EDUCATIVA COMUNITARIA INTERCULTURAL BILINGÜE DON BOSCO,Particular Laico,Sierra,Intercultural Bilingüe,Mestiza,Mestiza,Mestiza,191.0,20.0,9.55
COTOPAXI,SALCEDO,CUSUBAMBA,   BARRIO COMPANIA BAJA,05B00124,UNIDAD EDUCATIVA INTERCULTURAL BILINGUE ALICIA MARCUATH DE YEROVI,Fiscal,Sierra,Intercultural Bilingüe,Indígena,Kichwa,Panzaleo,101.0,14.0,7.21
COTOPAXI,SALCEDO,CUSUBAMBA,   COMPANIA ALTA,05B00069,UNIDAD EDUCATIVA INTERCULTURAL BILINGUE GENERAL LUIS TELMO PAZ Y MIÑO,Fiscal,Sierra,Intercultural Bilingüe,Indígena,Kichwa,Panzaleo,75.0,11.0,6.82
COTOPAXI,SALCEDO,CUSUBAMBA,   COMPAÑIA CHICA  JUNTO A LA IGLESIA,05B00068,UNIDAD EDUCATIVA INTERCULTURAL BILINGUE OSWALDO BONILLA,Fiscal,Sierra,Intercultural Bilingüe,Indígena,Kichwa,Panzaleo,27.0,4.0,6.75
COTOPAXI,SALCEDO,MULALILLO,   BARRIO SAN DIEGO,05B00070,UNIDAD EDUCATIVA INTERCULTURAL BILINGUE PANZALEO,Fiscal,Sierra,Intercultural Bilingüe,Indígena,Kichwa,Panzaleo,20.0,2.0,10.0
COTOPAXI,SALCEDO,MULALILLO,   COMUNIDAD UNION Y TRABAJO,05B00071,UNIDAD EDUCATIVA INTERCULTURAL BILINGUE CALDERON DE LA BARCA,Fiscal,Sierra,Intercultural Bilingüe,Indígena,Kichwa,Chibuleo,108.0,8.0,13.5
COTOPAXI,SAQUISILI,COCHAPAMBA,   BARRIO YANA HURCO GRANDE,05B00078,UNIDAD EDUCATIVA COMUNITARIA INTERCULTURAL BILINGUE  CHARLES DARWIN,Fiscal,Sierra,Intercultural Bilingüe,Indígena,Kichwa,Panzaleo,168.0,18.0,9.33
COTOPAXI,SAQUISILI,COCHAPAMBA,   COMUNIDAD CALQUIN,05B00081,CENTRO EDUCATIVO COMUNITARIO INTERCULTURAL BILINGÜE DE EDUCACION BASICA JOSE MARIA ALVEAR,Fiscal,Sierra,Intercultural Bilingüe,Indígena,Kichwa,Puruhá,10.0,1.0,10.0
COTOPAXI,SAQUISILI,COCHAPAMBA,   COMUNIDAD CHALUAPAMBA,05B00083,CENTRO EDUCATIVO COMUNITARIO INTERCULTURAL BILINGÜE DE EDUCACION BASICA MANUEL IGNACIO CONDULLE,Fiscal,Sierra,Intercultural Bilingüe,Indígena,Kichwa,Panzaleo,7.0,1.0,7.0
COTOPAXI,SAQUISILI,COCHAPAMBA,   COMUNIDAD PACTAC,05B00085,CENTRO EDUCATIVO COMUNITARIO INTERCULTURAL BILINGÜE DE EDUCACION BASICA JOAQUIN COFRE,Fiscal,Sierra,Intercultural Bilingüe,Indígena,Kichwa,Panzaleo,5.0,1.0,5.0
COTOPAXI,SAQUISILI,COCHAPAMBA,   VIA A SAQUISILI JATUNHERA COMUNIDAD CHILLA PATA CALERA,05B00080,CENTRO EDUCATIVO COMUNITARIO INTERCULTURAL BILINGÜE DE EDUCACION BASICA EUDOFILA ARBOLEDA,Fiscal,Sierra,Intercultural Bilingüe,Indígena,Kichwa,Panzaleo,14.0,1.0,14.0
COTOPAXI,SAQUISILI,COCHAPAMBA,   VIA COCHAPAMBA MILIN COMITE DE DESARROLLO  SECTOR ATAPULO,05B00087,CENTRO EDUCATIVO COMUNITARIO INTERCULTURAL BILINGÜE DE EDUCACION BASICA JOSE MUELA,Fiscal,Sierra,Intercultural Bilingüe,Indígena,Kichwa,Panzaleo,28.0,2.0,14.0
COTOPAXI,SAQUISILI,COCHAPAMBA,   VIA JATUN ERA LA ESPERANZA,05B00084,CENTRO EDUCATIVO COMUNITARIO INTERCULTURAL BILINGÜE DE EDUCACION BASICA MANUEL VARGAS,Fiscal,Sierra,Intercultural Bilingüe,Indígena,Kichwa,Panzaleo,6.0,1.0,6.0
COTOPAXI,SAQUISILI,SAQUISILI,BARTOLOME DE LAS CASAS SECTOR DOS PUENTES S/N BARRIO MARISCAL SUCRE ,05B00072,UNIDAD EDUCATIVA COMUNITARIA INTERCULTURAL BILINGÜE PAULO FREIRE,Fiscal,Sierra,Intercultural Bilingüe,Indígena,Kichwa,Panzaleo,19.0,7.0,2.71
COTOPAXI,SAQUISILI,SAQUISILI,   COMUNIAD YANAHURCO GRANDE SECTOR ALMUERZO PUGRO,05B00074,CENTRO EDUCATIVO CIB DE EDUCACION BASICA FRAY TOMAS DE BERLANGA,Fiscal,Sierra,Intercultural Bilingüe,Indígena,Kichwa,Panzaleo,10.0,1.0,10.0
COTOPAXI,SAQUISILI,SAQUISILI,   COMUNIDAD SARAUGSHA,05B00075,CENTRO EDUCATIVO COMUNITARIO INTERCULTURAL BILINGÜE DE EDUCACION BASICA MANUEL CRUZ ANTE LOGRO,Fiscal,Sierra,Intercultural Bilingüe,Indígena,Kichwa,Panzaleo,2.0,1.0,2.0
COTOPAXI,SAQUISILI,SAQUISILI,   COMUNIDAD TOLDO URCO,05B00125,CENTRO EDUCATIVO COMUNITARIO INTERCULTURAL BILINGÜE DE EDUCACION BASICA SEGUNDO MANUEL VASCONEZ CAILLAGUA,Fiscal,Sierra,Intercultural Bilingüe,Indígena,Kichwa,Panzaleo,2.0,1.0,2.0
COTOPAXI,SIGCHOS,CHUGCHILLAN,   CHINALO  ALTO,05B00090,UNIDAD EDUCATIVA COMUNITARIA INTERCULTURAL BILLINGUE DE  EDUCACION BASICA TUPAC YUPANQUI,Fiscal,Sierra,Intercultural Bilingüe,Indígena,Kichwa,Panzaleo,127.0,14.0,9.07
COTOPAXI,SIGCHOS,CHUGCHILLAN,   COMUNIDAD  AMANTA,05B00095,CENTRO EDUCATIVO COMUNITARIA INTERCULTURAL BILLINGUE DE  EDUCACION BASICA FELIPE GUAMAN POMA DE AYALA ,Fiscal,Sierra,Intercultural Bilingüe,Indígena,Kichwa,Panzaleo,15.0,1.0,15.0
COTOPAXI,SIGCHOS,CHUGCHILLAN,   COMUNIDAD CHAUPI,05B00093,CENTRO EDUCATIVO COMUNITARIA INTERCULTURAL BILLINGUE DE  EDUCACION BASICA 9 DE JUNIO,Fiscal,Sierra,Intercultural Bilingüe,Indígena,Kichwa,Panzaleo,11.0,1.0,11.0
COTOPAXI,SIGCHOS,CHUGCHILLAN,   COMUNIDAD MORETA,05B00088,CENTRO EDUCATIVO COMUNITARIO INTERCULTURAL BILLINGUE DE  EDUCACION BASICA PADRE ALBERTO SEMANATE,Fiscal,Sierra,Intercultural Bilingüe,Indígena,Kichwa,Panzaleo,84.0,8.0,10.5
COTOPAXI,SIGCHOS,CHUGCHILLAN,   GUAYAMA SAN PEDRO,05B00091,CENTRO EDUCATIVO COMUNITARIA INTERCULTURAL BILLINGUE DE  EDUCACION BASICA BELEN 15 DE JULIO,Fiscal,Sierra,Intercultural Bilingüe,Indígena,Kichwa,Panzaleo,112.0,13.0,8.62
COTOPAXI,SIGCHOS,CHUGCHILLAN,   GUAYANA GRANDE,05B00094,CENTRO EDUCATIVO COMUNITARIA INTERCULTURAL BILLINGUE DE  EDUCACION BASICA CIUDAD DE SAN SALVADOR,Fiscal,Sierra,Intercultural Bilingüe,Indígena,Kichwa,Panzaleo,30.0,2.0,15.0
COTOPAXI,SIGCHOS,CHUGCHILLAN,   LA MOYA,05B00127,CENTRO EDUCATIVO COMUNITARIA INTERCULTURAL BILLINGUE DE  EDUCACION  BASICA LA MOYA,Fiscal,Sierra,Intercultural Bilingüe,Indígena,Kichwa,Panzaleo,8.0,1.0,8.0
COTOPAXI,SIGCHOS,CHUGCHILLAN,   PILAPUCHIN,05B00128,CENTRO EDUCATIVO COMUNITARIA INTERCULTURAL BILLINGUE DE  EDUCACION BASICA LORENZO LICTA,Fiscal,Sierra,Intercultural Bilingüe,Indígena,Kichwa,Panzaleo,19.0,2.0,9.5
COTOPAXI,SIGCHOS,CHUGCHILLAN,   RECINTO CUISANA,05B00115,CENTRO EDUCATIVO COMUNITARIA INTERCULTURAL BILLINGUE DE  EDUCACION BASICA LUISA PARODI,Fiscal,Sierra,Intercultural Bilingüe,Indígena,Kichwa,Panzaleo,30.0,2.0,15.0
COTOPAXI,SIGCHOS,CHUGCHILLAN,   RECINTO JATALO QUILOTOA,05B00089,CENTRO EDUCATIVO COMUNITARIA INTERCULTURAL BILLINGUE DE  EDUCACION BASICA JULIO CABASCANGO,Fiscal,Sierra,Intercultural Bilingüe,Indígena,Kichwa,Panzaleo,27.0,2.0,13.5
COTOPAXI,SIGCHOS,ISINLIVI,   BARRIO  SAMILPAMBA,05B00096,CENTRO EDUCATIVO COMUNITARIA INTERCULTURAL BILLINGUE DE  EDUCACION BASICA LORENZO QUISHPE LISINTUÑA,Fiscal,Sierra,Intercultural Bilingüe,Indígena,Kichwa,Panzaleo,5.0,1.0,5.0
COTOPAXI,SIGCHOS,ISINLIVI,   COMUNIDAD GUANTUG LOMA,05B00097,CENTRO EDUCATIVO COMUNITARIA INTERCULTURAL BILLINGUE DE  EDUCACION BASICA TUPAC KATARI,Fiscal,Sierra,Intercultural Bilingüe,Indígena,Kichwa,Panzaleo,6.0,1.0,6.0
COTOPAXI,SIGCHOS,ISINLIVI,   COMUNIDAD QUILAGPAMBA,05B00098,CENTRO EDUCATIVO COMUNITARIA INTERCULTURAL BILLINGUE DE  EDUCACION BASICA 17 DE DICIEMBRE,Fiscal,Sierra,Intercultural Bilingüe,Indígena,Kichwa,Panzaleo,6.0,1.0,6.0
IMBABURA,ANTONIO ANTE,SAN FRANCISCO DE NATABUELA,   COMUNIDAD LOS OVALOS - CALLE KENNEDY Y PLAZA CULTURAL LOS OVALOS,10H00268,ESCUELA DE EDUCACION BASICA CARLOS MONTUFAR,Fiscal,Sierra,Intercultural,Mestiza,Mestiza,Mestiza,96.0,11.0,8.73
IMBABURA,ANTONIO ANTE,SAN ROQUE,   COMUNIDAD EL CEROTAL,10B00020,ESCUELA DE EDUCACION BASICA LEONARDO PEREZ MUÑOZ,Fiscal,Sierra,Intercultural Bilingüe,Indígena,Kichwa,Otavalo,120.0,14.0,8.57
IMBABURA,ANTONIO ANTE,SAN ROQUE,   COMUNIDAD PUCARA,10B00018,UNIDAD EDUCATIVA COMUNITARIA INTERCULTURAL BILINGUE BENITO JUAREZ,Fiscal,Sierra,Intercultural Bilingüe,Indígena,Kichwa,Otavalo,210.0,14.0,15.0
IMBABURA,COTACACHI,IMANTAG,   COMUNIDAD DE PUCALPA,10B00040,CENTRO EDUCATIVO COMUNITARIO INTERCULTURAL BILINGUE DE EDUCACION BASICA ALEJO SAES,Fiscal,Sierra,Intercultural Bilingüe,Indígena,Kichwa,Cotacachi,8.0,1.0,8.0
IMBABURA,COTACACHI,IMANTAG,   COMUNIDAD EL MORLAN,10B00043,PROVINCIA DE EL ORO,Fiscal,Sierra,Intercultural Bilingüe,Indígena,Kichwa,Cotacachi,41.0,3.0,13.67
IMBABURA,COTACACHI,IMANTAG,COTACACHI VIA A IMANTAG 23 COLIMBUELA ,10H00621,UNIDAD EDUCATIVA DEL MILENIO SUMAK YACHANA WASI,Fiscal,Sierra,Intercultural,Indígena,Kichwa,Cotacachi,469.0,29.0,16.17
IMBABURA,COTACACHI,PLAZA GUTIERREZ (CALVARIO),   COMUNIDAD AZABI DEL MORTIÑAL,10B00045,JAIME CHAVEZ GRANJA,Fiscal,Sierra,Intercultural Bilingüe,Indígena,Kichwa,Cotacachi,16.0,,
IMBABURA,COTACACHI,QUIROGA,   COMUNIDAD CUMBAS CONDE,10B00046,SEGUNDO LUIS MORENO,Fiscal,Sierra,Intercultural Bilingüe,Indígena,Kichwa,Cotacachi,34.0,2.0,17.0
IMBABURA,COTACACHI,QUIROGA,   COMUNIDAD SAN NICOLAS,10B00048,VIRGILIO TORRES VALENCIA,Fiscal,Sierra,Intercultural Bilingüe,Indígena,Kichwa,Cotacachi,20.0,1.0,20.0
IMBABURA,COTACACHI,SAGRARIO,   COMUNA SAN PEDRO,10B00031,NAZACOTA PUENTO,Fiscal,Sierra,Intercultural Bilingüe,Indígena,Kichwa,Cotacachi,172.0,16.0,10.75
IMBABURA,COTACACHI,SAGRARIO,   COMUNIDAD EL CERCADO,10B00032,SAN JACINTO,Fiscal,Sierra,Intercultural Bilingüe,Indígena,Kichwa,Cotacachi,253.0,17.0,14.88
IMBABURA,COTACACHI,SAGRARIO,   COMUNIDAD PIAVA CHUPA,10B00027,MARTIN  ALONSO GONZALEZ LALANNE,Fiscal,Sierra,Intercultural Bilingüe,Indígena,Kichwa,Cotacachi,25.0,2.0,12.5
IMBABURA,COTACACHI,SAN FRANCISCO,   COMUNIDAD CHILCAPAMBA,10B00038,ENRIQUE VACAS GALINDO,Fiscal,Sierra,Intercultural Bilingüe,Indígena,Kichwa,Cotacachi,55.0,3.0,18.33
IMBABURA,COTACACHI,SAN FRANCISCO,   COMUNIDAD DE LA CALERA,10B00036,JOSE VASCONCELOS,Fiscal,Sierra,Intercultural Bilingüe,Indígena,Kichwa,Cotacachi,30.0,2.0,15.0
IMBABURA,COTACACHI,SAN FRANCISCO,   COMUNIDAD DE MOROCHOS,10B00037,CENTRO EDUCATIVO COMUNITARIO INTERCULTURAL BILINGUE PICHINCHA,Fiscal,Sierra,Intercultural Bilingüe,Indígena,Kichwa,Cotacachi,59.0,4.0,14.75
IMBABURA,IBARRA,AMBUQUI,   COMUNIDAD CARPUELA,10H00159,UNIDAD EDUCATIVA VALLE DEL CHOTA,Fiscal,Sierra,Intercultural,Negra,Negra,Negra,519.0,40.0,12.98
IMBABURA,IBARRA,ANGOCHAGUA,   ANGOCHAGUA,10B00002,FRANCISCO PIZARRO,Fiscal,Sierra,Intercultural Bilingüe,Indígena,Kichwa,karanki,,1.0,
IMBABURA,IBARRA,ANGOCHAGUA,   CENTRO DE LA COMUNIDAD LA MAGDALENA,10B00006,"UNIDAD EDUCATIVA COMUNITARIA INTERCULTURAL BILINGÜE "" MANUEL FREILE LARREA""",Fiscal,Sierra,Intercultural Bilingüe,Indígena,Kichwa,karanki,80.0,9.0,8.89
IMBABURA,IBARRA,ANGOCHAGUA,   COMUNIDAD COCHAS,10B00004,OSWALDO CHIRIBOGA CHIRIBOGA,Fiscal,Sierra,Intercultural Bilingüe,Indígena,Kichwa,karanki,,1.0,
IMBABURA,IBARRA,ANGOCHAGUA,   COMUNIDAD LA MERDED - CHILCO,10B00005,CECIB CONSTANCIO C VIGIL,Fiscal,Sierra,Intercultural Bilingüe,Indígena,Kichwa,karanki,58.0,7.0,8.29
IMBABURA,IBARRA,ANGOCHAGUA,   COMUNIDAD LA RINCONADA,10B00003,CECIB GONZALO PIZARRO,Fiscal,Sierra,Intercultural Bilingüe,Indígena,Kichwa,karanki,40.0,3.0,13.33
IMBABURA,IBARRA,CARANQUI,   COMUNIDAD NARANJITO,10B00007,CECIB JUAN DE DIOS NAVAS,Fiscal,Sierra,Intercultural Bilingüe,Indígena,Kichwa,karanki,81.0,8.0,10.12
IMBABURA,IBARRA,LA ESPERANZA,   COMUNIDAD CHIRIHUASI,10B00008,CECIB GERMAN GRIJALVA TAMAYO,Fiscal,Sierra,Intercultural Bilingüe,Indígena,Kichwa,karanki,41.0,3.0,13.67
IMBABURA,IBARRA,LA ESPERANZA,   COMUNIDAD EL ABRA,10B00009,VASCO NUÑEZ DE BALBOA,Fiscal,Sierra,Intercultural Bilingüe,Indígena,Kichwa,karanki,14.0,1.0,14.0
IMBABURA,IBARRA,LA ESPERANZA,   COMUNIDAD SAN CLEMENTE,10B00013,CECIB PATRICIO ESPINOZA BERMEO,Fiscal,Sierra,Intercultural Bilingüe,Indígena,Kichwa,karanki,63.0,4.0,15.75
IMBABURA,IBARRA,LITA,   COMUNIDAD RIO VERDE BAJO,10B00016,CECIB TARQUI,Fiscal,Sierra,Intercultural Bilingüe,Indígena,Awá,Awa,146.0,9.0,16.22
IMBABURA,IBARRA,LITA,   COMUNIDAD RIO VERDE MEDIO,10B00017,K+H PI,Fiscal,Sierra,Intercultural Bilingüe,Indígena,Awá,Awa,40.0,2.0,20.0
IMBABURA,IBARRA,LITA,   SANTA TERESA DE LA CHORRERA,10B00216,CECIB CERRO MEZA,Fiscal,Sierra,Intercultural Bilingüe,Indígena,Awá,Awa,13.0,1.0,13.0
IMBABURA,IBARRA,SALINAS,   PARROQUIA SALINAS,10H00219,UNIDAD EDUCATIVA SALINAS,Fiscal,Sierra,Intercultural,Negra,Negra,Negra,405.0,20.0,20.25
IMBABURA,OTAVALO,DOCTOR MIGUEL EGAS CABEZAS (PEGUCHE),   BARRIO CENTRAL PEGUCHE,10B00077,UNIDAD EDUCATIVA COMUNITARIA INTERCULTURAL BILINGÜE MIGUEL EGAS CABEZAS,Fiscal,Sierra,Intercultural Bilingüe,Indígena,Kichwa,Otavalo,588.0,37.0,15.89
IMBABURA,OTAVALO,DOCTOR MIGUEL EGAS CABEZAS (PEGUCHE),   CALLE IMBABURA FRENTE AL ESTADIO  DE LA COMUNIDAD DE AGATO,10B00075,CESAR ANTONIO MOSQUERA,Fiscomisional,Sierra,Intercultural Bilingüe,Indígena,Kichwa,Otavalo,430.0,26.0,16.54
IMBABURA,OTAVALO,EUGENIO ESPEJO (CALPAQUI),   CALLE JOSE PUENTE Y PANAMERICANA,10B00089,ESCUELA DE EDUCACION BASICA MANUEL J CALLE,Fiscal,Sierra,Intercultural Bilingüe,Indígena,Kichwa,Otavalo,706.0,33.0,21.39
IMBABURA,OTAVALO,GONZALEZ SUAREZ,   COMUNIDAD DE CALUQUI,10B00101,ESCUELA DE EDUCACION BASICA TOMAS RIVADENEIRA,Fiscal,Sierra,Intercultural Bilingüe,Indígena,Kichwa,kayambi,89.0,10.0,8.9
IMBABURA,OTAVALO,GONZALEZ SUAREZ,   COMUNIDAD PIJAL,10B00100,"CENTRO EDUCATIVO COMUNITARIO INTERCULTURAL BILINGÜE ""PROVINCIA DE LOJA""",Fiscal,Sierra,Intercultural Bilingüe,Indígena,Kichwa,kayambi,54.0,11.0,4.91
IMBABURA,OTAVALO,GONZALEZ SUAREZ,   INGRESO PRINCIPAL A LA COMUNIDAD DE SAN AGUSTIN DE CAJAS,10B00102,UECIB SAN AGUSTIN DE CAJAS,Fiscal,Sierra,Intercultural Bilingüe,Indígena,Kichwa,kayambi,57.0,13.0,4.38
IMBABURA,OTAVALO,JORDAN,   COMUNIDAD CAMUENDO Y LA COMPAÑIA,10B00052,UNIDAD EDUCATIVA PRESBITERO AMABLE HERRERA BOLAÑOS,Fiscal,Sierra,Intercultural Bilingüe,Indígena,Kichwa,Otavalo,965.0,48.0,20.1
IMBABURA,OTAVALO,JORDAN,   COMUNIDAD DE COTAMA,10B00067,ESCUELA DE EDUCACION BASICA LUIS ULPIANO DE LA TORRE,Fiscal,Sierra,Intercultural Bilingüe,Mestiza,Mestiza,Mestiza,331.0,18.0,18.39
IMBABURA,OTAVALO,SAN JOSE DE QUICHINCHE,   COMUNIDAD CAMBUGAN,10B00120,ESCUELA DE EDUCACION BASICA MAYOR GALO LARREA TORRES,Fiscal,Sierra,Intercultural Bilingüe,Indígena,Kichwa,Otavalo,13.0,2.0,6.5
IMBABURA,OTAVALO,SAN JOSE DE QUICHINCHE,   COMUNIDAD CUTAMBI VIA A SELVA ALEGRE MARGEN DERECHO,10B00121,ESCUELA DE EDUCACION BASICA DOLORES CACUANGO QUILO,Fiscal,Sierra,Intercultural Bilingüe,Indígena,Kichwa,Otavalo,17.0,1.0,17.0
IMBABURA,OTAVALO,SAN JOSE DE QUICHINCHE,   COMUNIDAD DE GUACHINGUERO,10B00122,ESCUELA DE EDUCACION BASICA DUCHICELA,Fiscal,Sierra,Intercultural Bilingüe,Indígena,Kichwa,Otavalo,14.0,2.0,7.0
IMBABURA,OTAVALO,SAN JOSE DE QUICHINCHE,   COMUNIDAD DE MINAS CHUPA,10B00118,ESCUELA DE EDUCACION BASICA MANUEL CORDOVA GALARZA,Fiscal,Sierra,Intercultural Bilingüe,Indígena,Kichwa,Otavalo,15.0,2.0,7.5
IMBABURA,OTAVALO,SAN JOSE DE QUICHINCHE,   COMUNIDAD DE MORAS PUNGO,10B00112,ESCUELA DE EDUCACION BASICA ESTUARDO JARAMILLO PEREZ,Fiscal,Sierra,Intercultural Bilingüe,Indígena,Kichwa,Otavalo,26.0,2.0,13.0
IMBABURA,OTAVALO,SAN JOSE DE QUICHINCHE,   COMUNIDAD DE TANGALI KM 12 VIA SELVA ALEGRE,10B00128,UNIDAD EDUCATIVA PROVINCIA DE PICHINCHA,Fiscal,Sierra,Intercultural Bilingüe,Indígena,Kichwa,Otavalo,134.0,16.0,8.38
IMBABURA,OTAVALO,SAN JOSE DE QUICHINCHE,   COMUNIDAD DE URCUSIQUI,10B00115,ESCUELA DE EDUCACION BASICA JAIME ROLDOS AGUILERA,Fiscal,Sierra,Intercultural Bilingüe,Indígena,Kichwa,Otavalo,70.0,7.0,10.0
IMBABURA,OTAVALO,SAN JOSE DE QUICHINCHE,   COMUNIDAD GUALSAQUI VIA A INTAG MARGEN DERECHO CARRETERA ANTIGUA,10B00130,UNIDAD EDUCATIVA COMUNITARIA INTERCULTURAL BILINGUE ALEJANDRO CHAVEZ,Fiscal,Sierra,Intercultural Bilingüe,Indígena,Kichwa,Otavalo,392.0,21.0,18.67
IMBABURA,OTAVALO,SAN JOSE DE QUICHINCHE,   COMUNIDAD PANECILLO,10B00168,ESCUELA  DE EDUCACION BASICA ATI PILLAHUASU,Fiscal,Sierra,Intercultural Bilingüe,Indígena,Kichwa,Otavalo,42.0,5.0,8.4
IMBABURA,OTAVALO,SAN JOSE DE QUICHINCHE,   COMUNIDAD SAN JUAN DE INGUINCHO,10B00119,ESCUELA DE EDUCACION BASICA GENERAL MARCO AURELIO SUBIA MARTINEZ,Fiscal,Sierra,Intercultural Bilingüe,Indígena,Kichwa,Otavalo,44.0,3.0,14.67
IMBABURA,OTAVALO,SAN JOSE DE QUICHINCHE,   COMUNIDAD SAN JUAN DE INGUINCHO,10B00164,UNIDAD EDUCATIVA INTERCULTURAL BILINGUE SAMINAY EL LEGADO,Particular Laico,Sierra,Intercultural Bilingüe,Indígena,Kichwa,Otavalo,103.0,8.0,12.88
IMBABURA,OTAVALO,SAN JOSE DE QUICHINCHE,   COMUNIDAD TAMINANGA,10B00108,ESCUELA DE EDUCACION BASICA FRANCISCO FUERES MAYGUA,Fiscal,Sierra,Intercultural Bilingüe,Indígena,Kichwa,Otavalo,5.0,1.0,5.0
IMBABURA,OTAVALO,SAN JUAN DE ILUMAN,   BARRIO SANTO DOMINGO - BOLIVAR 7,10B00105,UNIDAD EDUCATIVA  SAN JUAN DE ILUMAN,Fiscal,Sierra,Intercultural Bilingüe,Indígena,Kichwa,Otavalo,844.0,44.0,19.18
IMBABURA,OTAVALO,SAN JUAN DE ILUMAN,   COMUNIDAD CARABUELA SECTOR PICUASI PUGRO,10B00138,ESCUELA DE EDUCACION BASICA MODESTO LARREA JIJON,Fiscal,Sierra,Intercultural Bilingüe,Indígena,Kichwa,Otavalo,264.0,15.0,17.6
IMBABURA,OTAVALO,SAN JUAN DE ILUMAN,   COMUNIDAD DE JAHUAPAMBA,10B00140,ESCUELA DE EDUCACION BASICA SAN JOSE DE JAHUAPAMBA,Fiscomisional,Sierra,Intercultural Bilingüe,Indígena,Kichwa,Otavalo,74.0,6.0,12.33
IMBABURA,OTAVALO,SAN JUAN DE ILUMAN,   COMUNIDAD SAN LUIS DE AGUALONGO,10B00142,UNIDAD  EDUCATIVA COMUNITARIA INTERCULTURAL BILINGÜE  SAN LUIS DE AGUALONGO,Fiscal,Sierra,Intercultural Bilingüe,Indígena,Kichwa,Otavalo,158.0,15.0,10.53
IMBABURA,OTAVALO,SAN LUIS,ABDON CALDERON 604 31 DE OCTUBRE ,10B00071,SANTA MARIANITA,Particular Religioso,Sierra,Intercultural Bilingüe,Indígena,Kichwa,Otavalo,189.0,8.0,23.62
IMBABURA,OTAVALO,SAN LUIS,   COMUNIDAD ESPERANZA DE AZAMA -PLAZA DE LA COMUNIDAD,10B00072,ESCUELA DE EDUCACION BASICA CARLOS ELIAS ALMEIDA,Fiscal,Sierra,Intercultural Bilingüe,Indígena,Kichwa,Otavalo,160.0,13.0,12.31
IMBABURA,OTAVALO,SAN LUIS,   SAN FRANCISCO DE LA RINCONADA,10B00068,ESCUELA DE EDUCACION BASICA HUMBERTO VACAS GOMEZ,Fiscal,Sierra,Intercultural Bilingüe,Indígena,Kichwa,Otavalo,79.0,7.0,11.29
IMBABURA,OTAVALO,SAN PABLO,   COMUNIDAD  PRIMAVERA UCSHA,10B00153,TARQUINO IDROBO,Fiscal,Sierra,Intercultural Bilingüe,Indígena,Kichwa,kayambi,6.0,,
IMBABURA,OTAVALO,SAN PABLO,   VIA ZULETA KM5 MARGEN IZQUIERDA JUNTO A LA ASOCIACION AGRICOLA EL TOPO,10B00152,UNIDAD EDUCATIVA GALO PLAZA LASSO,Fiscal,Sierra,Intercultural Bilingüe,Indígena,Kichwa,kayambi,395.0,21.0,18.81
IMBABURA,OTAVALO,SAN RAFAEL,   COMUNIDAD HUAYCOPUNGO,10B00160,ESCUELA DE EDUCACION BASICA JUAN FRANCISCO CEVALLOS,Fiscal,Sierra,Intercultural Bilingüe,Indígena,Kichwa,Otavalo,76.0,6.0,12.67
IMBABURA,OTAVALO,SAN RAFAEL,   COMUNIDAD TOCAGON,10B00155,UNIDAD EDUCATIVA COMUNITARIA INTERCULTURAL BILINGÜE “JOSE PEDRO MALDONADO DUQUE”,Fiscal,Sierra,Intercultural Bilingüe,Indígena,Kichwa,Otavalo,315.0,29.0,10.86
IMBABURA,PIMAMPIRO,MARIANO ACOSTA,   COMUNIDAD GUANUPAMBA,10B00162,ESCUELA EDUCACION BASICA ATAHUALPA,Fiscal,Sierra,Intercultural Bilingüe,Indígena,Kichwa,karanki,11.0,1.0,11.0
IMBABURA,SAN MIGUEL DE URCUQUI,LA MERCED DE BUENOS AIRES,   COMUNIDAD PALMIRA DE TOCTEMI,10B00163,UECIB SAN FRANCISCO DE PALMIRA,Fiscal,Sierra,Intercultural Bilingüe,Indígena,Awá,Awa,151.0,11.0,13.73
LOJA,LOJA,EL CISNE,   BARRIO UNION Y PROGRESO,11B00074,CENTRO EDUCATIVO COMUNITARIO INTERCULTURAL BILINGÜE DE EDUCACION BASICA AMAWTA KAWSAY,Fiscal,Sierra,Intercultural Bilingüe,Indígena,Kichwa,Saraguro,3.0,1.0,3.0
LOJA,LOJA,SAN LUCAS,   BARRIO EL DURAZNO A MANO DERECHA VIA A  CUENCA,11B00072,CENTRO EDUCATIVO COMUNITARIO INTERCULTURAL BILINGUE DE EDUCACION BASICA MIGUEL ESPINOSA,Fiscal,Sierra,Intercultural Bilingüe,Indígena,Kichwa,Saraguro,7.0,1.0,7.0
LOJA,LOJA,SAN LUCAS,   BARRIO PICHIG,11B00018,UNIDAD EDUCATIVA COMUNITARIA INTERCULTURAL BILINGUE RUMIÑAHUI,Fiscal,Sierra,Intercultural Bilingüe,Indígena,Kichwa,Saraguro,138.0,18.0,7.67
LOJA,LOJA,SAN LUCAS,   CABECERA PARROQUIAL,11B00010,UNIDAD EDUCATIVA COMUNITARIA INTERCULTURAL BILINGÜE MUSHUK RIMAK,Fiscal,Sierra,Intercultural Bilingüe,Indígena,Kichwa,Saraguro,416.0,28.0,14.86
LOJA,LOJA,SAN LUCAS,   COMUNIDAD   BELLAVISTA,11B00020,CENTRO EDUCATIVO COMUNITARIO INTERCULTURAL BILINGUE DE EDUCACION BASICA YACHAYTA MICHIK,Fiscal,Sierra,Intercultural Bilingüe,Indígena,Kichwa,Saraguro,9.0,1.0,9.0
LOJA,LOJA,SAN LUCAS,   COMUNIDAD DE  BUNQUE,11B00050,CENTRO EDUCATIVO COMUNITARIO INTERCULTURAL BILINGÜE DE EDUCACION BASICA MONSEÑOR LEONIDAS PROAÑO N° 3,Fiscal,Sierra,Intercultural Bilingüe,Indígena,Kichwa,Saraguro,19.0,1.0,19.0
LOJA,LOJA,SAN LUCAS,   COMUNIDAD DE CAÑI A 3 KM  DE LA VÍA PANANAMERICANA LOJA - CUENCA,11B00011,CENTRO EDUCATIVO COMUNITARIO INTERCULTURAL BILINGÜE DE EDUCACION BASICA LUZ COSTA ZABALETA,Fiscal,Sierra,Intercultural Bilingüe,Indígena,Kichwa,Saraguro,25.0,2.0,12.5
LOJA,LOJA,SAN LUCAS,   COMUNIDAD DE CENSO,11B00066,CENTRO EDUCATIVO COMUNITARIO INTERCULTURAL BILINGÜE DE EDUCACION BASICA INTI PAKARI,Fiscal,Sierra,Intercultural Bilingüe,Indígena,Kichwa,Saraguro,21.0,3.0,7.0
LOJA,LOJA,SAN LUCAS,   COMUNIDAD DE  CIUDADELA,11B00067,CENTRO EDUCATIVO COMUNITARIO INTERCULTURAL BILINGÜE DE EDUCACION BASICA WAKA KUSKA,Fiscal,Sierra,Intercultural Bilingüe,Indígena,Kichwa,Saraguro,7.0,1.0,7.0
LOJA,LOJA,SAN LUCAS,   COMUNIDAD DE LANCAPAC 4KM DE LA PANAMERICANA,11B00017,CENTRO EDUCATIVO COMUNITARIO INTERCULTURAL BILINGUE DE EDUCACION BASICA MONS LEONIDAS PROAÑO N 2,Fiscal,Sierra,Intercultural Bilingüe,Indígena,Kichwa,Saraguro,27.0,3.0,9.0
LOJA,LOJA,SAN LUCAS,   COMUNIDAD DE  LINDEROS,11B00014,CENTRO EDUCATIVO COMUNITARIO INTERCULTURAL BILINGUE DE EDUCACION BASICA INKA ÑAN,Fiscal,Sierra,Intercultural Bilingüe,Indígena,Kichwa,Saraguro,5.0,1.0,5.0
LOJA,LOJA,SAN LUCAS,   COMUNIDAD DE MOLIN,11B00081,CENTRO EDUCATIVO COMUNITARIO INTERCULTURAL BILINGÜE DE BACHILLERATO PCEI YACHAY ÑAN,Fiscal,Sierra,Intercultural Bilingüe,Indígena,Kichwa,Saraguro,51.0,6.0,8.5
LOJA,LOJA,SAN LUCAS,   COMUNIDAD DE NOGAL,11B00023,CENTRO EDUCATIVO COMUNITARIO INTERCULTURAL BILINGÜE DE EDUCACION BASICA VICTOR MARCOS MEDINA,Fiscal,Sierra,Intercultural Bilingüe,Mestiza,Mestiza,Mestiza,5.0,1.0,5.0
LOJA,LOJA,SAN LUCAS,   COMUNIDAD DE PUEBLO VIEJO A 3KM DE LA PANAMERICANA,11B00065,CENTRO EDUCATIVO COMUNITARIO INTERCULTURAL BILINGUE DE EDUCACION BASICA AMARILIS FUENTES,Fiscal,Sierra,Intercultural Bilingüe,Indígena,Kichwa,Saraguro,24.0,2.0,12.0
LOJA,LOJA,SAN LUCAS,   COMUNIDAD DE  PURUZHUMA,11B00013,CENTRO EDUCATIVO COMUNITARIO INTERCULTURAL BILINGÜE DE EDUCACION BASICA ROBERTO ANDRADE,Fiscal,Sierra,Intercultural Bilingüe,Indígena,Kichwa,Saraguro,26.0,3.0,8.67
LOJA,LOJA,SAN LUCAS,   COMUNIDAD DE  RAMOS,11B00021,CENTRO EDUCATIVO COMUNITARIO INTERCULTURAL BILINGÜE DE EDUCACION BASICA INKA PIRKA,Fiscal,Sierra,Intercultural Bilingüe,Indígena,Kichwa,Saraguro,23.0,2.0,11.5
LOJA,LOJA,SAN LUCAS,   COMUNIDAD DE VINOYACU GRANDE A 5 KM DE VIA ANTIGUA A CUENCA,11B00015,CENTRO EDUCATIVO COMUNITARIO INTERCULTURAL BILINGÜE DE EDUCACION BASICA AMAWTA WASI,Fiscal,Sierra,Intercultural Bilingüe,Indígena,Kichwa,Saraguro,31.0,3.0,10.33
LOJA,LOJA,SAN LUCAS,   COMUNIDAD SAN JOSE,11B00068,UNIDAD EDUCATIVA COMUNITARIA INTERCULTURAL BILINGÜE MANUEL DE JESUS MACAS MINGA,Fiscal,Sierra,Intercultural Bilingüe,Indígena,Kichwa,Saraguro,133.0,15.0,8.87
LOJA,LOJA,SAN LUCAS,   COMUNIDAD  TUN TUN BUCASHI,11B00022,CENTRO EDUCATIVO COMUNITARIO INTERCULTURAL BILINGÜE DE EDUCACION BASICA KAPAK RAYMI,Fiscal,Sierra,Intercultural Bilingüe,Indígena,Kichwa,Saraguro,29.0,4.0,7.25
LOJA,LOJA,SAN LUCAS,   LAS JUNTAS - COMUNIDAD DE  CAPUR,11B00069,UNIDAD EDUCATIVA COMUNITARIA INTERCULTURAL BILINGÜE CARCHI,Fiscal,Sierra,Intercultural Bilingüe,Mestiza,Mestiza,Mestiza,91.0,12.0,7.58
LOJA,LOJA,SAN LUCAS,   PARROQUIA SAN LUCAS AL LADO DE LA IGLESIA CENTRAL,11B00071,UNIDAD EDUCATIVA COMUNITARIA FISCOMISIONAL INTERCULTURAL BILINGÜE SANTA CATALINA,Fiscomisional,Sierra,Intercultural Bilingüe,Indígena,Kichwa,Saraguro,191.0,13.0,14.69
LOJA,LOJA,VALLE,   BARRIO EL CASTILLO,11B00056,CENTRO EDUCATIVO COMUNITARIO INTERCULTURAL BILINGÜE DE EDUCACION BASICA PACHAKUTIK,Fiscal,Sierra,Intercultural Bilingüe,Indígena,Kichwa,Saraguro,34.0,3.0,11.33
LOJA,LOJA,VILCABAMBA (VICTORIA),   BARRIO MOLLEPAMBA,11B00024,CENTRO EDUCATIVO COMUNITARIO INTERCULTURAL BILINGÜE DE EDUCACION BASICA JOSE VICENTE ANDRADE,Fiscal,Sierra,Intercultural Bilingüe,Indígena,Kichwa,Saraguro,9.0,1.0,9.0
LOJA,SARAGURO,EL PARAISO DE CELEN,   A LADO DE LA CALLE MARGEN IZQUIERDO EL ARENAL,11B00040,CENTRO EDUCATIVO COMUNITARIO INTERCULTURAL BILINGÜE DE EDUCACION BASICA ALBERTO GUERRERO MARTINEZ,Fiscal,Sierra,Intercultural Bilingüe,Indígena,Kichwa,Saraguro,19.0,2.0,9.5
LOJA,SARAGURO,EL PARAISO DE CELEN,   COMUNIDAD  GAÑIL,11B00038,CENTRO EDUCATIVO COMUNITARIO INTERCULTURAL BILINGÜE DE EDUCACION BASICA KAWSAY ÑAN,Fiscal,Sierra,Intercultural Bilingüe,Indígena,Kichwa,Saraguro,105.0,12.0,8.75
LOJA,SARAGURO,EL PARAISO DE CELEN,   COMUNIDAD  SAN JOSE DE GAÑIL,11B00039,CENTRO EDUCATIVO COMUNITARIO INTERCULTURAL BILINGÜE DE EDUCACION BASICA MONS BOLIVAR JARAMILLO,Fiscal,Sierra,Intercultural Bilingüe,Indígena,Kichwa,Saraguro,57.0,5.0,11.4
LOJA,SARAGURO,SAN PABLO DE TENTA,   BARRIO COCHAPAMBA,11B00049,CENTRO EDUCATIVO COMUNITARIO INTERCULTURAL BILINGÜE DE EDUCACION BASICA MUSHUK ÑAN,Fiscal,Sierra,Intercultural Bilingüe,Indígena,Kichwa,Saraguro,8.0,1.0,8.0
LOJA,SARAGURO,SAN PABLO DE TENTA,   COMUNIDAD CAÑICAPAC,11B00064,CENTRO EDUCATIVO COMUNITARIO INTERCULTURAL BILINGÜE DE EDUCACION BASICA PRIMICIAS DE LA CULTURA DE QUITO,Fiscal,Sierra,Intercultural Bilingüe,Indígena,Kichwa,Saraguro,48.0,6.0,8.0
LOJA,SARAGURO,SAN PABLO DE TENTA,   COMUNIDAD DE  JARA TENTA,11B00073,CENTRO EDUCATIVO COMUNITARIO INTERCULTURAL BILINGÜE DE EDUCACION BASICA JAIME BEJARANO,Fiscal,Sierra,Intercultural Bilingüe,Indígena,Kichwa,Saraguro,3.0,1.0,3.0
LOJA,SARAGURO,SAN PABLO DE TENTA,   COMUNIDAD  EL RESBALO,11B00046,CENTRO EDUCATIVO COMUNITARIO INTERCULTURAL BILINGÜE DE EDUCACION BASICA SISA LLAKTA,Fiscal,Sierra,Intercultural Bilingüe,Indígena,Kichwa,Saraguro,18.0,2.0,9.0
LOJA,SARAGURO,SAN PABLO DE TENTA,   COMUNIDAD  SAUCE,11B00045,CENTRO EDUCATIVO COMUNITARIO INTERCULTURAL BILINGÜE DE EDUCACION BASICA GUSTAVO ADOLFO OTERO,Fiscal,Sierra,Intercultural Bilingüe,Indígena,Kichwa,Saraguro,51.0,7.0,7.29
LOJA,SARAGURO,SAN PABLO DE TENTA,   PARROQUIA TENTA BARRIO MEMBRILLO,11B00041,UNIDAD EDUCATIVA COMUNITARIA INTERCULTURAL BILINGÜE ABC,Fiscal,Sierra,Intercultural Bilingüe,Indígena,Kichwa,Saraguro,314.0,26.0,12.08
LOJA,SARAGURO,SARAGURO,   COMUNIDAD DE  GERA,11B00035,CENTRO EDUCATIVO COMUNITARIO INTERCULTURAL BILINGÜE DE EDUCACION BASICA SAN FRANCISCO,Fiscal,Sierra,Intercultural Bilingüe,Indígena,Kichwa,Saraguro,76.0,8.0,9.5
LOJA,SARAGURO,SARAGURO,   COMUNIDAD DE  ÑAMARIN,11B00028,CENTRO EDUCATIVO COMUNITARIO INTERCULTURAL BILINGÜE DE EDUCACION BASICA INKA WASI,Fiscal,Sierra,Intercultural Bilingüe,Indígena,Kichwa,Saraguro,49.0,5.0,9.8
LOJA,SARAGURO,SARAGURO,   COMUNIDAD DE TAMBOPAMBA,11B00059,CENTRO EDUCATIVO COMUNITARIO INTERCULTURAL BILINGÜE DE EDUCACION BASICA WAYNA KAPAK,Fiscal,Sierra,Intercultural Bilingüe,Indígena,Kichwa,Saraguro,37.0,3.0,12.33
LOJA,SARAGURO,SARAGURO,   COMUNIDAD DE YUCUCAPAC,11B00029,CENTRO EDUCATIVO COMUNITARIO INTERCULTURAL BILINGÜE DE EDUCACION BASICA ANGEL MARIA LOZANO MACAS,Fiscal,Sierra,Intercultural Bilingüe,Indígena,Kichwa,Saraguro,13.0,2.0,6.5
LOJA,SARAGURO,SARAGURO,   COMUNIDAD GUNUDEL - GULACPAMBA,11B00030,CENTRO EDUCATIVO COMUNITARIO INTERCULTURAL BILINGÜE DE EDUCACION BASICA KURI SARA LLAKTA,Fiscal,Sierra,Intercultural Bilingüe,Indígena,Kichwa,Saraguro,20.0,2.0,10.0
LOJA,SARAGURO,SARAGURO,   COMUNIDAD ILINCHO AYLLU LLAKTA,11B00063,UNIDAD EDUCATIVA COMUNITARIA INTERCULTURAL BILINGUE INKA SAMANA,Fiscal,Sierra,Intercultural Bilingüe,Indígena,Kichwa,Saraguro,212.0,18.0,11.78
LOJA,SARAGURO,SARAGURO,   COMUNIDAD INDIGENA LAGUNAS - CHUQUIDEL AYLLU LLAKTA,11B00058,CENTRO EDUCATIVO COMUNITARIO INTERCULTURAL BILINGÜE DE EDUCACION BASICA INTI RAYMI,Fiscal,Sierra,Intercultural Bilingüe,Indígena,Kichwa,Saraguro,153.0,13.0,11.77
LOJA,SARAGURO,SARAGURO,   COMUNIDAD  OÑACAPAC,11B00032,UNIDAD EDUCATIVA COMUNITARIA INTERCULTURAL BILINGÜE TUPAK YUPANKI,Fiscal,Sierra,Intercultural Bilingüe,Indígena,Kichwa,Saraguro,221.0,20.0,11.05
LOJA,SARAGURO,SARAGURO,   COMUNIDAD  PAYAMA-PUENTE CHICO,11B00037,CENTRO EDUCATIVO COMUNITARIO INTERCULTURAL BILINGÜE DE EDUCACION BASICA SUMAK LLAKTA,Fiscal,Sierra,Intercultural Bilingüe,Indígena,Kichwa,Saraguro,7.0,1.0,7.0
LOJA,SARAGURO,SARAGURO,   COMUNIDAD QUISQUINCHIR,11B00031,CENTRO EDUCATIVO COMUNITARIO INTERCULTURAL BILINGÜE DE EDUCACION BASICA HATARI YUYAY,Fiscal,Sierra,Intercultural Bilingüe,Indígena,Kichwa,Saraguro,28.0,3.0,9.33
LOJA,SARAGURO,SARAGURO,   COMUNIDAD  TUNCARTA,11B00034,CENTRO EDUCATIVO COMUNITARIO INTERCULTURAL BILINGÜE DE EDUCACION BASICA LAGO DE SAN PABLO,Fiscal,Sierra,Intercultural Bilingüe,Indígena,Kichwa,Saraguro,53.0,8.0,6.62
LOJA,SARAGURO,SELVA ALEGRE,   COMUNIDAD DE YUBIRPAMBA A 1 KM DE LA CARRETERA PRINCIPAL SARAGURORO-MANÚ,11B00052,CENTRO EDUCATIVO COMUNITARIO INTERCULTURAL BILINGÜE DE EDUCACION BASICA INTIPAK CHURI,Fiscal,Sierra,Intercultural Bilingüe,Indígena,Kichwa,Saraguro,8.0,1.0,8.0
LOJA,SARAGURO,SELVA ALEGRE,   COMUNIDAD SAN VICENTE,11B00051,CENTRO EDUCATIVO COMUNITARIO INTERCULTURAL BILINGÜE DE EDUCACION BASICA JOSE MARIA ANDRADE,Fiscal,Sierra,Intercultural Bilingüe,Indígena,Kichwa,Saraguro,5.0,1.0,5.0
LOJA,SARAGURO,URDANETA (PAQUISHAPA),   COMUNIDAD DE  CAÑARO,11B00060,CENTRO EDUCATIVO COMUNITARIO INTERCULTURAL BILINGÜE DE EDUCACION BASICA FRANCISCO TERAN,Fiscal,Sierra,Intercultural Bilingüe,Indígena,Kichwa,Saraguro,38.0,3.0,12.67
LOJA,SARAGURO,URDANETA (PAQUISHAPA),   COMUNIDAD DE  GURUDEL,11B00055,CENTRO EDUCATIVO COMUNITARIO INTERCULTURAL BILINGÜE DE EDUCACION BASICA ANGEL MARIA AVILA QUISHPE,Fiscal,Sierra,Intercultural Bilingüe,Indígena,Kichwa,Saraguro,70.0,5.0,14.0
MORONA SANTIAGO,GUALAQUIZA,BOMBOIZA,   AYANTAS,14B00075,ESCUELA DE EDUCACIÓN BÁSICA INTERCULTURAL BILINGUE RIO ZAMORA,Fiscal,Sierra,Intercultural Bilingüe,Indígena,Shuar,Shuar,34.0,2.0,17.0
MORONA SANTIAGO,GUALAQUIZA,BOMBOIZA,   CHUMPIAS,14B00072,ESCUELA DE EDUCACIÓN BÁSICA INTERCULTURAL BILINGUE UNKUCH,Fiscal,Sierra,Intercultural Bilingüe,Indígena,Shuar,Shuar,73.0,3.0,24.33
MORONA SANTIAGO,GUALAQUIZA,BOMBOIZA,   COMUNIDAD CHATUS,14B00082,ESCUELA DE EDUCACIÓN BÁSICA INTERCULTURAL BILINGUE TIMIAS,Fiscal,Sierra,Intercultural Bilingüe,Indígena,Shuar,Shuar,8.0,1.0,8.0
MORONA SANTIAGO,GUALAQUIZA,BOMBOIZA,   COMUNIDAD KAMPANAK  ENTSA RIO ZAMORA MARGEN DERECHO,14B00079,ESCUELA DE EDUCACIÓN BÁSICA INTERCULTURAL BILINGUE CONDOR MIRADOR,Fiscal,Sierra,Intercultural Bilingüe,Indígena,Shuar,Shuar,13.0,1.0,13.0
MORONA SANTIAGO,GUALAQUIZA,BOMBOIZA,   COMUNIDAD SHIRAM - ENTSA  ENTRANDO POR LAS PEÑAS,14B00480,ESCUELA DE EDUCACION BASICA INTERCULTURAL BILINGUE CHUP,Fiscal,Sierra,Intercultural Bilingüe,Indígena,Shuar,Shuar,31.0,2.0,15.5
MORONA SANTIAGO,GUALAQUIZA,BOMBOIZA,   COMUNIDAD SHUAR CONDOR,14B00498,ESCUELA DE EDUCACION BASICA INTERCULTURAL BILINGUE VALLE DE ZAMORA,Fiscal,Sierra,Intercultural Bilingüe,Indígena,Shuar,Shuar,9.0,1.0,9.0
MORONA SANTIAGO,GUALAQUIZA,BOMBOIZA,   COMUNIDAD SHUAR NAPURAK,14B00084,ESCUELA DE EDUCACIÓN BÁSICA INTERCULTURAL BILINGUE JIMPIKIT,Fiscal,Sierra,Intercultural Bilingüe,Indígena,Shuar,Shuar,80.0,4.0,20.0
MORONA SANTIAGO,GUALAQUIZA,BOMBOIZA,   KAYAMAS,14B00479,ESCUELA DE EDUCACIÓN BÁSICA INTERCULTURAL BILINGUE SANTA TERESA,Fiscal,Sierra,Intercultural Bilingüe,Indígena,Shuar,Shuar,170.0,9.0,18.89
MORONA SANTIAGO,GUALAQUIZA,BOMBOIZA,   KAYANTS,14B00076,ESCUELA DE EDUCACIÓN BÁSICA INTERCULTURAL BILINGUE PEDRO TOMAS TSEREMP,Fiscal,Sierra,Intercultural Bilingüe,Indígena,Shuar,Shuar,20.0,1.0,20.0
MORONA SANTIAGO,GUALAQUIZA,BOMBOIZA,   KENKUIM,14B00080,ESCUELA DE EDUCACIÓN BÁSICA INTERCULTURAL BILINGUE JAIME ROLDOS AGUILERA,Fiscal,Sierra,Intercultural Bilingüe,Indígena,Shuar,Shuar,39.0,1.0,39.0
MORONA SANTIAGO,GUALAQUIZA,BOMBOIZA,   LA PAZ,14B00456,ESCUELA DE EDUCACION BASICA INTERCULTURAL BILINGUE TOMAS PUJUPAT,Fiscal,Sierra,Intercultural Bilingüe,Indígena,Shuar,Shuar,14.0,1.0,14.0
MORONA SANTIAGO,GUALAQUIZA,BOMBOIZA,   MISION SALESIANA,14B00449,UNIDAD EDUCATIVA INTERCULTURAL BILINGUE FISCOMISIONAL ETSA,Fiscomisional,Sierra,Intercultural Bilingüe,Indígena,Shuar,Shuar,180.0,13.0,13.85
MORONA SANTIAGO,GUALAQUIZA,BOMBOIZA,   NAYANMAK,14B00081,ESCUELA DE EDUCACIÓN BÁSICA INTERCULTURAL BILINGUE  TSANTSA,Fiscal,Sierra,Intercultural Bilingüe,Indígena,Shuar,Shuar,6.0,1.0,6.0
MORONA SANTIAGO,GUALAQUIZA,BOMBOIZA,   PIUNTS,14B00083,ESCUELA DE EDUCACION BASICA INTERCULTURAL BILINGUE  WAMPASH,Fiscal,Sierra,Intercultural Bilingüe,Indígena,Shuar,Shuar,31.0,2.0,15.5
MORONA SANTIAGO,GUALAQUIZA,BOMBOIZA,   PUMPUIS,14B00087,ESCUELA DE EDUCACION BASICA INTERCULTURAL BILINGUE TERESITA CHIRIAP,Fiscal,Sierra,Intercultural Bilingüe,Indígena,Shuar,Shuar,24.0,1.0,24.0
MORONA SANTIAGO,GUALAQUIZA,BOMBOIZA,   SAN VICENTE YAWINTS,14B00489,ESCUELA DE EDUCACIÓN BÁSICA INTERCULTURAL BILINGUE VICENTE NAICHAP,Fiscal,Sierra,Intercultural Bilingüe,Indígena,Shuar,Shuar,16.0,1.0,16.0
MORONA SANTIAGO,GUALAQUIZA,BOMBOIZA,   TIINK,14B00071,ESCUELA DE EDUCACION BASICA INTERCULTURAL BILINGUE NUNKUI,Fiscal,Sierra,Intercultural Bilingüe,Indígena,Shuar,Shuar,118.0,4.0,29.5
MORONA SANTIAGO,GUALAQUIZA,BOMBOIZA,   YAWI,14B00077,ESCUELA DE EDUCACIÓN BÁSICA INTERCULTURAL BILINGUE JOSE ANTONIO PAATI,Fiscal,Sierra,Intercultural Bilingüe,Indígena,Shuar,Shuar,8.0,1.0,8.0
MORONA SANTIAGO,GUALAQUIZA,BOMBOIZA,   YUKUTAIS,14B00073,ESCUELA DE EDUCACION BASICA INTERCULTURAL BILINGUE SANTA ROSA DE YUKUT,Fiscal,Sierra,Intercultural Bilingüe,Indígena,Shuar,Shuar,69.0,3.0,23.0
MORONA SANTIAGO,GUALAQUIZA,MERCEDES MOLINA,   CASERIO SASAPAS VIA GUALAQUIZA-TINK,14B00069,ESCUELA DE EDUCACION BASICA INTERCULTURAL BILINGUE RICARDO TANKAMASH,Fiscal,Sierra,Intercultural Bilingüe,Indígena,Shuar,Shuar,29.0,2.0,14.5
MORONA SANTIAGO,GUALAQUIZA,MERCEDES MOLINA,   CENTRO SHUAR KUPIAMAIS,14B00448,ESCUELA DE EDUCACIÓN BÁSICA INTERCULTURAL BILINGUE AYUMPUM,Fiscal,Sierra,Intercultural Bilingüe,Indígena,Shuar,Shuar,27.0,1.0,27.0
MORONA SANTIAGO,GUALAQUIZA,MERCEDES MOLINA,   COMUNIDAD YANTSAS VIA GUALAQUIZA PROVEEDURIA - YANTSAS,14B00068,ESCUELA DE EDUCACIÓN BÁSICA INTERCULTURAL BILINGUE TSUNKI,Fiscal,Sierra,Intercultural Bilingüe,Indígena,Shuar,Shuar,52.0,2.0,26.0
MORONA SANTIAGO,HUAMBOYA,CHIGUAZA,   CHUWINTS,14B00188,CECIB DE EDUCACION BASICA ARUTAM,Fiscal,Sierra,Intercultural Bilingüe,Indígena,Shuar,Shuar,7.0,1.0,7.0
MORONA SANTIAGO,HUAMBOYA,CHIGUAZA,   COMUNIDAD CENTRO ANANK,14B00173,CECIB DE EDUCACION BASICA  ANANK CHINKIM DAYANA MILENA,Fiscal,Sierra,Intercultural Bilingüe,Indígena,Shuar,Shuar,24.0,1.0,24.0
MORONA SANTIAGO,HUAMBOYA,CHIGUAZA,   COMUNIDAD CHIRIAP-LA PAZ,14B00193,CECIB DE EDUCACION BASICA JAIME HURTADO GONZALES,Fiscal,Sierra,Intercultural Bilingüe,Indígena,Shuar,Shuar,39.0,2.0,19.5
MORONA SANTIAGO,HUAMBOYA,CHIGUAZA,   COMUNIDAD KURI,14B00199,CECIB DE EDUCACION BASICA CHAPI,Fiscal,Sierra,Intercultural Bilingüe,Indígena,Shuar,Shuar,27.0,2.0,13.5
MORONA SANTIAGO,HUAMBOYA,CHIGUAZA,   COMUNIDAD LOS ANGELES,14B00180,CECIB DE EDUCACION BASICA JORGE DELGADO CABRERA,Fiscal,Sierra,Intercultural Bilingüe,Indígena,Shuar,Shuar,33.0,2.0,16.5
MORONA SANTIAGO,HUAMBOYA,CHIGUAZA,   COMUNIDAD NAJEMPAIM,14B00194,CECIB DE EDUCACION BASICA 13 DE ABRIL,Fiscal,Sierra,Intercultural Bilingüe,Indígena,Shuar,Shuar,18.0,1.0,18.0
MORONA SANTIAGO,HUAMBOYA,CHIGUAZA,   COMUNIDAD SAN CARLOS,14B00175,CECIB DE EDUCACION BASICA TSUNKI,Fiscal,Sierra,Intercultural Bilingüe,Indígena,Shuar,Shuar,141.0,5.0,28.2
MORONA SANTIAGO,HUAMBOYA,CHIGUAZA,   COMUNIDAD SAN JUAN - TUUTIN,14B00189,CECIB DE EDUCACION BASICA NAAKAM,Fiscal,Sierra,Intercultural Bilingüe,Indígena,Shuar,Shuar,95.0,4.0,23.75
MORONA SANTIAGO,HUAMBOYA,CHIGUAZA,   COMUNIDAD SAN PABLO WANKANTS KM 35 DE LA VIA MACAS - PUYO MARGEN IZQUIERDA DEL ESPACIO CUBIERTA,14B00187,UNIDAD EDUCATIVA COMUNITARIA INTERCULTURAL BILINGÜE TOBIAS CELESTINO ZANIMBA GAVILANES,Fiscal,Sierra,Intercultural Bilingüe,Indígena,Shuar,Shuar,342.0,17.0,20.12
MORONA SANTIAGO,HUAMBOYA,CHIGUAZA,   COMUNIDAD SAN PEDRO,14B00172,CECIB DE EDUCACION BASICA 29 DE JUNIO,Fiscal,Sierra,Intercultural Bilingüe,Indígena,Shuar,Shuar,116.0,6.0,19.33
MORONA SANTIAGO,HUAMBOYA,CHIGUAZA,   COMUNIDAD TAYUNTS,14B00179,CECIB DE EDUCACION BASICA TSAWANT,Fiscal,Sierra,Intercultural Bilingüe,Indígena,Shuar,Shuar,41.0,2.0,20.5
MORONA SANTIAGO,HUAMBOYA,CHIGUAZA,   COMUNIDAD TSENTSAK,14B00192,CECIB DE EDUCACION BASICA PABLO SHAKAIM,Fiscal,Sierra,Intercultural Bilingüe,Indígena,Shuar,Shuar,53.0,3.0,17.67
MORONA SANTIAGO,HUAMBOYA,CHIGUAZA,   COMUNIDAD TSUNTSUIMI,14B00197,CECIB DE EDUCACION BASICA MATI,Fiscal,Sierra,Intercultural Bilingüe,Indígena,Shuar,Shuar,79.0,3.0,26.33
MORONA SANTIAGO,HUAMBOYA,CHIGUAZA,   COMUNIDAD TUNA CHIWIAS - MARIA AUXILIADORA,14B00176,UNIDAD EDUCATIVA COMUNITARIA INTERCULTURAL BILINGÜE ENTSA,Fiscal,Sierra,Intercultural Bilingüe,Indígena,Shuar,Shuar,247.0,19.0,13.0
MORONA SANTIAGO,HUAMBOYA,CHIGUAZA,   COMUNIDAD UUNT CHIWIAS - SAN JUAN BOSCO,14B00171,UNIDAD EDUCATIVA COMUNITARIA INTERCULTURAL BILINGÜE TUNTA,Fiscal,Sierra,Intercultural Bilingüe,Indígena,Shuar,Shuar,385.0,20.0,19.25
MORONA SANTIAGO,HUAMBOYA,CHIGUAZA,   COMUNIDAD UWI-SAN MIGUEL,14B00183,CECIB DE EDUCACION BASICA SOLDADO GERMAN PITIUR,Fiscal,Sierra,Intercultural Bilingüe,Indígena,Shuar,Shuar,14.0,1.0,14.0
MORONA SANTIAGO,HUAMBOYA,CHIGUAZA,   COMUNIDAD WAKAN,14B00196,CECIB DE EDUCACION BASICA NANTAR,Fiscal,Sierra,Intercultural Bilingüe,Indígena,Shuar,Shuar,49.0,2.0,24.5
MORONA SANTIAGO,HUAMBOYA,CHIGUAZA,   KAYAMENTSA,14B00195,UNIDAD EDUCATIVA COMUNITARIA INTERCULTURAL BILINGÜE 27 DE NOVIEMBRE,Fiscal,Sierra,Intercultural Bilingüe,Indígena,Shuar,Shuar,86.0,8.0,10.75
MORONA SANTIAGO,HUAMBOYA,CHIGUAZA,   KUNKINTS,14B00186,CECIB DE EDUCACION BASICA FRANCISCO PIZARRO,Fiscal,Sierra,Intercultural Bilingüe,Indígena,Shuar,Shuar,45.0,3.0,15.0
MORONA SANTIAGO,HUAMBOYA,CHIGUAZA,   LOCALIDAD CHAYUK SAN LUIS,14B00191,CECIB DE EDUCACION BASICA ANTRIA,Fiscal,Sierra,Intercultural Bilingüe,Indígena,Shuar,Shuar,118.0,6.0,19.67
MORONA SANTIAGO,HUAMBOYA,CHIGUAZA,   MIRADOR,14B00159,CECIB DE EDUCACION BASICA SOR MARIA TRONCATTI,Fiscal,Sierra,Intercultural Bilingüe,Indígena,Shuar,Shuar,13.0,1.0,13.0
MORONA SANTIAGO,HUAMBOYA,CHIGUAZA,   PANKINTS,14B00166,CECIB DE EDUCACION BASICA  UKUKUI,Fiscal,Sierra,Intercultural Bilingüe,Indígena,Shuar,Shuar,103.0,5.0,20.6
MORONA SANTIAGO,HUAMBOYA,CHIGUAZA,   PIATAYU,14B00461,CECIB DE EDUCACION BASICA ANGEL IKIAM,Fiscal,Sierra,Intercultural Bilingüe,Indígena,Shuar,Shuar,5.0,1.0,5.0
MORONA SANTIAGO,HUAMBOYA,CHIGUAZA,   SAAR ENTSA,14B00174,CECIB DE EDUCACION BASICA TUNA,Fiscal,Sierra,Intercultural Bilingüe,Indígena,Shuar,Shuar,21.0,1.0,21.0
MORONA SANTIAGO,HUAMBOYA,CHIGUAZA,   SAN JOSE TSEMANTSMAIN,14B00178,CECIB DE EDUCACION BASICA JUANA OLIVA RIVERA,Fiscal,Sierra,Intercultural Bilingüe,Indígena,Shuar,Shuar,48.0,4.0,12.0
MORONA SANTIAGO,HUAMBOYA,CHIGUAZA,   WARINTS,14B00182,CECIB DE EDUCACION BASICA MARISOL TII,Fiscal,Sierra,Intercultural Bilingüe,Indígena,Shuar,Shuar,85.0,4.0,21.25
MORONA SANTIAGO,HUAMBOYA,CHIGUAZA,   WAWAIM  SAN FRANCISCO,14B00181,CECIB DE EDUCACION BASICA NAWECH,Fiscal,Sierra,Intercultural Bilingüe,Indígena,Shuar,Shuar,64.0,4.0,16.0
MORONA SANTIAGO,HUAMBOYA,HUAMBOYA,   ARUTAM,14B00163,CECIB DE EDUCACION BASICA 19 DE JULIO,Fiscal,Sierra,Intercultural Bilingüe,Indígena,Shuar,Shuar,16.0,1.0,16.0
MORONA SANTIAGO,HUAMBOYA,HUAMBOYA,   COMUNIDAD NAMAKIM,14B00160,UNIDAD EDUCATIVA COMUNITARIA INTERCULTURAL BILINGÜE SEGUNDO JEMPE,Fiscal,Sierra,Intercultural Bilingüe,Indígena,Shuar,Shuar,224.0,15.0,14.93
MORONA SANTIAGO,HUAMBOYA,HUAMBOYA,   COMUNIDAD SURITIAK,14B00164,CECIB DE EDUCACION BASICA 30 DE MAYO,Fiscal,Sierra,Intercultural Bilingüe,Indígena,Shuar,Shuar,8.0,1.0,8.0
MORONA SANTIAGO,HUAMBOYA,HUAMBOYA,   KAYA,14B00158,CECIB DE EDUCACION BASICA 25 DE MARZO,Fiscal,Sierra,Intercultural Bilingüe,Indígena,Shuar,Shuar,60.0,2.0,30.0
MORONA SANTIAGO,HUAMBOYA,HUAMBOYA,   KENKUIM,14B00460,CECIB DE EDUCACION BASICA RIO NAMAKIM,Fiscal,Sierra,Intercultural Bilingüe,Indígena,Shuar,Shuar,66.0,3.0,22.0
MORONA SANTIAGO,HUAMBOYA,HUAMBOYA,   LOMA LINDA,14B00170,CECIB DE EDUCACION BASICA TSEREMP,Fiscal,Sierra,Intercultural Bilingüe,Indígena,Shuar,Shuar,72.0,4.0,18.0
MORONA SANTIAGO,HUAMBOYA,HUAMBOYA,   MESET,14B00162,CECIB DE EDUCACION BASICA TANKAMASH,Fiscal,Sierra,Intercultural Bilingüe,Indígena,Shuar,Shuar,72.0,2.0,36.0
MORONA SANTIAGO,HUAMBOYA,HUAMBOYA,   SAN RAFAEL,14B00161,CECIB DE EDUCACION BASICA NUWE,Fiscal,Sierra,Intercultural Bilingüe,Indígena,Shuar,Shuar,17.0,1.0,17.0
MORONA SANTIAGO,HUAMBOYA,HUAMBOYA,   TUNA,14B00185,CECIB DE EDUCACION BASICA 22 DE MARZO,Fiscal,Sierra,Intercultural Bilingüe,Indígena,Shuar,Shuar,15.0,1.0,15.0
MORONA SANTIAGO,LIMON INDANZA,SAN ANTONIO (CAB EN SAN ANTONIO CENTRO),   COMUNIDAD SANTAMAS,14B00441,CECIB DE EDUCACIÓN BÁSICA CHAMIK,Fiscal,Sierra,Intercultural Bilingüe,Indígena,Shuar,Shuar,10.0,1.0,10.0
MORONA SANTIAGO,LIMON INDANZA,SAN ANTONIO (CAB EN SAN ANTONIO CENTRO),   COMUNIDAD UNION ZAMORA,14B00095,CECIB DE EDUCACIÓN BÁSICA FISCOMISIONAL SANTA ROSA,Fiscomisional,Sierra,Intercultural Bilingüe,Indígena,Shuar,Shuar,6.0,1.0,6.0
MORONA SANTIAGO,LIMON INDANZA,SAN ANTONIO (CAB EN SAN ANTONIO CENTRO),   KUANKKUS,14B00091,CECIB DE EDUCACIÓN BÁSICA FISCOMISIONAL NANKITIAI,Fiscomisional,Sierra,Intercultural Bilingüe,Indígena,Shuar,Shuar,24.0,2.0,12.0
MORONA SANTIAGO,LIMON INDANZA,SAN ANTONIO (CAB EN SAN ANTONIO CENTRO),   KUSHIS,14B00099,CECIB DE EDUCACIÓN BÁSICA FISCOMISIONAL TSAKIMP,Fiscomisional,Sierra,Intercultural Bilingüe,Indígena,Shuar,Shuar,6.0,1.0,6.0
MORONA SANTIAGO,LIMON INDANZA,SAN ANTONIO (CAB EN SAN ANTONIO CENTRO),   MAYAIPIS,14B00442,CECIB DE EDUCACIÓN BÁSICA PADRE LUIS CARROLLO,Fiscal,Sierra,Intercultural Bilingüe,Indígena,Shuar,Shuar,24.0,1.0,24.0
MORONA SANTIAGO,LIMON INDANZA,SAN ANTONIO (CAB EN SAN ANTONIO CENTRO),   SAN JUAN,14B00474,CECIB DE EDUCACIÓN BÁSICA SANTA MARIA,Fiscal,Sierra,Intercultural Bilingüe,Indígena,Shuar,Shuar,14.0,1.0,14.0
MORONA SANTIAGO,LIMON INDANZA,SAN ANTONIO (CAB EN SAN ANTONIO CENTRO),   UWINTS,14B00097,CECIB DE EDUCACIÓN BÁSICA FISCOMISIONAL YAWI,Fiscomisional,Sierra,Intercultural Bilingüe,Indígena,Shuar,Shuar,25.0,1.0,25.0
MORONA SANTIAGO,LIMON INDANZA,SAN ANTONIO (CAB EN SAN ANTONIO CENTRO),   WARINTS,14B00092,UNIDAD EDUCATIVA  CORDILLERA DEL  CONDOR,Fiscal,Sierra,Intercultural Bilingüe,Indígena,Shuar,Shuar,342.0,14.0,24.43
MORONA SANTIAGO,LIMON INDANZA,SAN ANTONIO (CAB EN SAN ANTONIO CENTRO),   YUNKUMAS,14B00469,CECIB DE EDUCACIÓN BÁSICA CUARENTA Y UNO,Fiscal,Sierra,Intercultural Bilingüe,Indígena,Shuar,Shuar,9.0,1.0,9.0
MORONA SANTIAGO,LIMON INDANZA,SAN MIGUEL DE CONCHAY,   COMUNIDAD SHUAR AMPAM,14B00093,CECIB DE EDUCACIÓN BÁSICA FISCOMISIONAL KURI,Fiscomisional,Sierra,Intercultural Bilingüe,Indígena,Shuar,Shuar,26.0,1.0,26.0
MORONA SANTIAGO,LIMON INDANZA,SAN MIGUEL DE CONCHAY,   COMUNIDAD TINKIMINTS,14B00098,CECIB DE EDUCACIÓN BÁSICA FISCOMISIONAL PITIUR,Fiscomisional,Sierra,Intercultural Bilingüe,Indígena,Shuar,Shuar,34.0,1.0,34.0
MORONA SANTIAGO,LIMON INDANZA,STA SUSANA DE CHIVIAZA (CAB EN CHIVIAZA),   PUPUNAS,14B00101,CECIB DE EDUCACIÓN BÁSICA JUAN SHARUP,Fiscal,Sierra,Intercultural Bilingüe,Indígena,Shuar,Shuar,26.0,1.0,26.0
MORONA SANTIAGO,LIMON INDANZA,YUNGANZA (CAB EN EL ROSARIO),   BARRIO EL MIRADOR,14B00105,CECIB DE EDUCACIÓN BÁSICA 25 DE SEPTIEMBRE,Fiscal,Sierra,Intercultural Bilingüe,Indígena,Shuar,Shuar,8.0,1.0,8.0
MORONA SANTIAGO,LIMON INDANZA,YUNGANZA (CAB EN EL ROSARIO),"   COMUNIDAD MIGUEL CHIRIAP, VIA MACAS LIMON",14B00102,CECIB DE EDUCACIÓN BÁSICA MIGUEL CHIRIAP,Fiscal,Sierra,Intercultural Bilingüe,Indígena,Shuar,Shuar,21.0,2.0,10.5
MORONA SANTIAGO,LIMON INDANZA,YUNGANZA (CAB EN EL ROSARIO),   METSANKIM,14B00103,CECIB DE EDUCACIÓN BÁSICA VELASCO IBARRA,Fiscal,Sierra,Intercultural Bilingüe,Indígena,Shuar,Shuar,19.0,1.0,19.0
MORONA SANTIAGO,LOGROÑO,LOGROÑO,   YAMPAS,14B00368,CECIB DE EDUCACIÓN BÁSICA JUAN PINCHU,Fiscal,Sierra,Intercultural Bilingüe,Indígena,Shuar,Shuar,142.0,6.0,23.67
MORONA SANTIAGO,LOGROÑO,SHIMPIS,   COMUNIDAD NAJEMPAIM,14B00389,CECIB DE EDUCACIÓN BÁSICA GENERAL PLAZA,Fiscal,Sierra,Intercultural Bilingüe,Indígena,Shuar,Shuar,131.0,7.0,18.71
MORONA SANTIAGO,LOGROÑO,SHIMPIS,   LOCALIDAD SHIMPIS,14B00390,UNIDAD EDUCATIVA COMUNITARIA INTERCULTURAL BILINGUE SANTA INES,Fiscal,Sierra,Intercultural Bilingüe,Indígena,Shuar,Shuar,244.0,16.0,15.25
MORONA SANTIAGO,LOGROÑO,SHIMPIS,   UNUMKIS,14B00387,CECIB DE EDUCACIÓN BÁSICA CIUDAD DE IBARRA,Fiscal,Sierra,Intercultural Bilingüe,Indígena,Shuar,Shuar,96.0,5.0,19.2
MORONA SANTIAGO,LOGROÑO,SHIMPIS,   WACHMAS,14B00385,CECIB DE EDUCACIÓN BÁSICA LUIS FELIPE BORJA,Fiscal,Sierra,Intercultural Bilingüe,Indígena,Shuar,Shuar,19.0,1.0,19.0
MORONA SANTIAGO,LOGROÑO,YAUPI,   CHAPIS,14B00376,CECIB DE EDUCACIÓN BÁSICA WACHAPA,Fiscal,Sierra,Intercultural Bilingüe,Indígena,Shuar,Shuar,23.0,1.0,23.0
MORONA SANTIAGO,LOGROÑO,YAUPI,   CHATUS,14B00377,CECIB DE EDUCACIÓN BÁSICA KINKIAM,Fiscal,Sierra,Intercultural Bilingüe,Indígena,Shuar,Shuar,18.0,1.0,18.0
MORONA SANTIAGO,LOGROÑO,YAUPI,   COMUNIDAD MEJECH,14B00374,CECIB DE EDUCACIÓN BÁSICA AINKIAIM,Fiscal,Sierra,Intercultural Bilingüe,Indígena,Shuar,Shuar,17.0,1.0,17.0
MORONA SANTIAGO,LOGROÑO,YAUPI,   COMUNIDAD SAN ANTONIO,14B00372,CECIB DE EDUCACIÓN BÁSICA 21 DE ENERO,Fiscal,Sierra,Intercultural Bilingüe,Indígena,Shuar,Shuar,13.0,1.0,13.0
MORONA SANTIAGO,LOGROÑO,YAUPI,   COMUNIDAD SANTIAGO TUKUP,14B00373,CECIB DE EDUCACIÓN BÁSICA  RIO YAUPI,Fiscal,Sierra,Intercultural Bilingüe,Indígena,Shuar,Shuar,114.0,4.0,28.5
MORONA SANTIAGO,LOGROÑO,YAUPI,   COMUNIDAD TASHAP,14B00383,CECIB DE EDUCACIÓN BÁSICA JOSE JIMPIKIT,Fiscal,Sierra,Intercultural Bilingüe,Indígena,Shuar,Shuar,14.0,,
MORONA SANTIAGO,LOGROÑO,YAUPI,   COMUNIDAD YAUPI,14B00384,UNIDAD EDUCATIVA COMUNITARIA INTERCULTURAL BILINGÜE 24 DE FEBRERO,Fiscal,Sierra,Intercultural Bilingüe,Indígena,Shuar,Shuar,228.0,13.0,17.54
MORONA SANTIAGO,LOGROÑO,YAUPI,   ETSA,14B00379,CECIB DE EDUCACIÓN BÁSICA CARLOS CHUMPI,Fiscal,Sierra,Intercultural Bilingüe,Indígena,Shuar,Shuar,18.0,1.0,18.0
MORONA SANTIAGO,LOGROÑO,YAUPI,   KUMPAK,14B00378,CECIB DE EDUCACIÓN BÁSICA PADRE JUAN GHINASSI,Fiscal,Sierra,Intercultural Bilingüe,Indígena,Shuar,Shuar,22.0,1.0,22.0
MORONA SANTIAGO,LOGROÑO,YAUPI,   MISION SALESIANA PARROQUIA  YAUPI,14B00371,UNIDAD EDUCATIVA COMUNITARIA INTERCULTURAL BILINGUE PADRE JOSE VICENTE,Fiscal,Sierra,Intercultural Bilingüe,Indígena,Shuar,Shuar,170.0,7.0,24.29
MORONA SANTIAGO,LOGROÑO,YAUPI,   SAN JOSE DE YAAP,14B00465,CECIB DE EDUCACIÓN BÁSICA RIO YAAP,Fiscal,Sierra,Intercultural Bilingüe,Indígena,Shuar,Shuar,85.0,3.0,28.33
MORONA SANTIAGO,LOGROÑO,YAUPI,   SAN JOSE YAUPI,14B00370,CECIB DE EDUCACIÓN BÁSICA JORGE NAIKIAI,Fiscal,Sierra,Intercultural Bilingüe,Indígena,Shuar,Shuar,20.0,1.0,20.0
MORONA SANTIAGO,LOGROÑO,YAUPI,   TUMPAIM,14B00375,CECIB DE EDUCACIÓN BÁSICA FISCOMISIONAL SAN JUAN BOSCO,Fiscomisional,Sierra,Intercultural Bilingüe,Indígena,Shuar,Shuar,63.0,2.0,31.5
MORONA SANTIAGO,LOGROÑO,YAUPI,   WAMPINTS,14B00381,CECIB DE EDUCACIÓN BÁSICA LA FLORIDA,Fiscal,Sierra,Intercultural Bilingüe,Indígena,Shuar,Shuar,53.0,2.0,26.5
MORONA SANTIAGO,LOGROÑO,YAUPI,   WAWAIM,14B00380,CECIB DE EDUCACIÓN BÁSICA SAN PABLO,Fiscal,Sierra,Intercultural Bilingüe,Indígena,Shuar,Shuar,19.0,1.0,19.0
MORONA SANTIAGO,LOGROÑO,YAUPI,   YAAP,14B00382,CECIB DE EDUCACIÓN BÁSICA CUMANDA,Fiscal,Sierra,Intercultural Bilingüe,Indígena,Shuar,Shuar,117.0,4.0,29.25
MORONA SANTIAGO,MORONA,CUCHAENTZA,   COMUNIDAD SUWA,14B00052,CECIB DE EDUCACION BASICA FISCOMISIONAL CONDOR,Fiscomisional,Sierra,Intercultural Bilingüe,Indígena,Shuar,Shuar,14.0,1.0,14.0
MORONA SANTIAGO,MORONA,CUCHAENTZA,   CUCHAENTZA  -CENTRO,14B00051,UNIDAD EDUCATIVA COMUNITARIA INTERCULTURAL BILINGÜE  ALFREDO PEREZ GUERRERO,Fiscal,Sierra,Intercultural Bilingüe,Indígena,Shuar,Shuar,329.0,19.0,17.32
MORONA SANTIAGO,MORONA,CUCHAENTZA,   LOCALIDAD CHIKICHIKENTSA,14B00055,CECIB DE EDUCACION BASICA UNKUCH,Fiscal,Sierra,Intercultural Bilingüe,Indígena,Shuar,Shuar,46.0,2.0,23.0
MORONA SANTIAGO,MORONA,CUCHAENTZA,   MUSAP,14B00058,CECIB DE EDUCACIÓN BÁSICA 9 DE FEBRERO,Fiscal,Sierra,Intercultural Bilingüe,Indígena,Shuar,Shuar,37.0,2.0,18.5
MORONA SANTIAGO,MORONA,CUCHAENTZA,   PAJANAK,14B00053,CECIB DE EDUCACION BASICA NUNKUI,Fiscal,Sierra,Intercultural Bilingüe,Indígena,Shuar,Shuar,31.0,2.0,15.5
MORONA SANTIAGO,MORONA,CUCHAENTZA,   PUMPUIS,14B00056,CECIB DE EDUCACION BASICA SANTIAK,Fiscal,Sierra,Intercultural Bilingüe,Indígena,Shuar,Shuar,74.0,3.0,24.67
MORONA SANTIAGO,MORONA,CUCHAENTZA,   SANTA LUCIA,14B00049,CECIB DE EDUCACIÓN BÁSICA 18 DE SEPTIEMBRE,Fiscal,Sierra,Intercultural Bilingüe,Indígena,Shuar,Shuar,15.0,1.0,15.0
MORONA SANTIAGO,MORONA,RIO BLANCO,   METSANKIM,14B00476,CECIB DE EDUCACION BASICA RAFAEL AMPAM,Fiscal,Sierra,Intercultural Bilingüe,Indígena,Shuar,Shuar,7.0,1.0,7.0
MORONA SANTIAGO,MORONA,SEVILLA DON BOSCO,   18 DE FEBRERO,14B00002,CECIB DE EDUCACION BASICA PURISIMA DE MACAS,Fiscal,Sierra,Intercultural Bilingüe,Indígena,Shuar,Shuar,24.0,1.0,24.0
MORONA SANTIAGO,MORONA,SEVILLA DON BOSCO,   ANGEL ROUBY,14B00035,CECIB DE EDUCACION BASICA BOSCO ASAMAT,Fiscal,Sierra,Intercultural Bilingüe,Indígena,Shuar,Shuar,210.0,11.0,19.09
MORONA SANTIAGO,MORONA,SEVILLA DON BOSCO,   BARRANCO,14B00018,LEOPOLDO BENITEZ VALENCIA,Fiscal,Sierra,Intercultural Bilingüe,Indígena,Shuar,Shuar,46.0,2.0,23.0
MORONA SANTIAGO,MORONA,SEVILLA DON BOSCO,   BARRIO SHAKAIM,14B00020,CECIB DE EDUCACION BASICA CORAZON DE JESUS,Fiscal,Sierra,Intercultural Bilingüe,Indígena,Shuar,Shuar,17.0,1.0,17.0
MORONA SANTIAGO,MORONA,SEVILLA DON BOSCO,   CENTRO DON BOSCO,14B00428,CECIB DE EDUCACIÓN BÁSICA RIO MORONA,Fiscal,Sierra,Intercultural Bilingüe,Indígena,Shuar,Shuar,21.0,1.0,21.0
MORONA SANTIAGO,MORONA,SEVILLA DON BOSCO,   CENTRO KENKUIM,14B00004,CECIB DE EDUCACION BASICA  DORADO DEL ORIENTE,Fiscal,Sierra,Intercultural Bilingüe,Indígena,Shuar,Shuar,18.0,1.0,18.0
MORONA SANTIAGO,MORONA,SEVILLA DON BOSCO,   CENTRO PARROQUIAL SEVILLA DON BOSCO,14B00028,UNIDAD EDUCATIVA COMUNITARIA INTERCULTURAL BILINGÜE FISCOMISIONAL DOMINGO SAVIO,Fiscomisional,Sierra,Intercultural Bilingüe,Indígena,Shuar,Shuar,114.0,15.0,7.6
MORONA SANTIAGO,MORONA,SEVILLA DON BOSCO,CENTRO SAGRADO CORAZON 1 SAGRADO CORAZON ,14H00716,UNIDAD EDUCATIVA DEL MILENIO BOSCO WISUMA,Fiscal,Sierra,Intercultural Bilingüe,Indígena,Shuar,Shuar,693.0,37.0,18.73
MORONA SANTIAGO,MORONA,SEVILLA DON BOSCO,   COMUNIDAD ANTUASH,14B00429,CECIB DE EDUCACION BASICA FISCOMISIONAL 8 DE DICIEMBRE,Fiscomisional,Sierra,Intercultural Bilingüe,Indígena,Shuar,Shuar,32.0,1.0,32.0
MORONA SANTIAGO,MORONA,SEVILLA DON BOSCO,   COMUNIDAD ISIDORO,14B00037,CECIB DE EDUCACION BASICA PEDRO NAJAMTAI,Fiscal,Sierra,Intercultural Bilingüe,Indígena,Shuar,Shuar,30.0,1.0,30.0
MORONA SANTIAGO,MORONA,SEVILLA DON BOSCO,   COMUNIDAD KUSUIM VIA  MACAS-PUYO,14B00005,CECIB DE EDUCACION BASICA JOSE MEJIA LEQUERICA,Fiscal,Sierra,Intercultural Bilingüe,Indígena,Shuar,Shuar,85.0,4.0,21.25
MORONA SANTIAGO,MORONA,SEVILLA DON BOSCO,   COMUNIDAD MUTINTS,14B00042,CECIB DE EDUCACION BASICA  ETSA,Fiscal,Sierra,Intercultural Bilingüe,Indígena,Shuar,Shuar,85.0,4.0,21.25
MORONA SANTIAGO,MORONA,SEVILLA DON BOSCO,   COMUNIDAD NUWENTS,14B00023,CECIB DE EDUCACION BASICA 24 DE MAYO,Fiscal,Sierra,Intercultural Bilingüe,Indígena,Shuar,Shuar,38.0,2.0,19.0
MORONA SANTIAGO,MORONA,SEVILLA DON BOSCO,   COMUNIDAD PANKINTS,14B00014,CECIB DE EDUCACION BASICA SANTA CECILIA,Fiscal,Sierra,Intercultural Bilingüe,Indígena,Shuar,Shuar,96.0,2.0,48.0
MORONA SANTIAGO,MORONA,SEVILLA DON BOSCO,   COMUNIDAD SAN GONZALO,14B00039,12 DE NOVIEMBRE,Fiscal,Sierra,Intercultural Bilingüe,Indígena,Shuar,Shuar,11.0,1.0,11.0
MORONA SANTIAGO,MORONA,SEVILLA DON BOSCO,   COMUNIDAD SAN MARTIN,14B00464,CECIB DE EDUCACION BASICA RIO SUANTS,Fiscal,Sierra,Intercultural Bilingüe,Indígena,Shuar,Shuar,24.0,1.0,24.0
MORONA SANTIAGO,MORONA,SEVILLA DON BOSCO,   COMUNIDAD SAN MIGUEL,14B00011,DON BOSCO,Fiscal,Sierra,Intercultural Bilingüe,Indígena,Shuar,Shuar,54.0,2.0,27.0
MORONA SANTIAGO,MORONA,SEVILLA DON BOSCO,   COMUNIDAD TENTETS,14B00343,6 DE NOVIEMBRE,Fiscal,Sierra,Intercultural Bilingüe,Indígena,Shuar,Shuar,30.0,1.0,30.0
MORONA SANTIAGO,MORONA,SEVILLA DON BOSCO,   COMUNIDAD TSUIRIM,14B00462,UNIDAD EDUCATIVA COMUNITARIA INTERCULTURAL BILINGUE ISIDORO BIGATTI,Fiscal,Sierra,Intercultural Bilingüe,Indígena,Shuar,Shuar,69.0,4.0,17.25
MORONA SANTIAGO,MORONA,SEVILLA DON BOSCO,   COMUNIDAD TSUNKI,14B00431,CECIB DE EDUCACION BASICA ETSA,Fiscal,Sierra,Intercultural Bilingüe,Indígena,Shuar,Shuar,35.0,2.0,17.5
MORONA SANTIAGO,MORONA,SEVILLA DON BOSCO,   COMUNIDAD TUNTIAK,14B00032,CECIB DE EDUCACION BASICA BOSQUE ALEGRE,Fiscal,Sierra,Intercultural Bilingüe,Indígena,Shuar,Shuar,24.0,1.0,24.0
MORONA SANTIAGO,MORONA,SEVILLA DON BOSCO,   COMUNIDAD UNTSURI ENTSA,14B00046,CECIB DE EDUCACION BASICA FISCOMISIONAL TUNTUAM,Fiscomisional,Sierra,Intercultural Bilingüe,Indígena,Shuar,Shuar,21.0,1.0,21.0
MORONA SANTIAGO,MORONA,SEVILLA DON BOSCO,   COMUNIDAD UNTURU-ENTSA SAN VICENTE,14B00038,CECIB DE EDUCACION BASICA GONZALO PIZARRO,Fiscal,Sierra,Intercultural Bilingüe,Indígena,Shuar,Shuar,52.0,2.0,26.0
MORONA SANTIAGO,MORONA,SEVILLA DON BOSCO,   COMUNIDAD WAPU,14B00031,CECIB DE EDUCACION BASICA MEDARDO ANGEL SILVA,Fiscal,Sierra,Intercultural Bilingüe,Indígena,Shuar,Shuar,99.0,4.0,24.75
MORONA SANTIAGO,MORONA,SEVILLA DON BOSCO,   GUADALUPE,14B00030,UNIDAD EDUCATIVA COMUNITARIA INTERCULTURAL BILINGÜE CIUDAD DE MACAS,Fiscal,Sierra,Intercultural Bilingüe,Indígena,Shuar,Shuar,357.0,19.0,18.79
MORONA SANTIAGO,MORONA,SEVILLA DON BOSCO,   KUAMA,14B00045,CECIB DE EDUCACION BASICA TUNTIAK,Fiscal,Sierra,Intercultural Bilingüe,Indígena,Shuar,Shuar,35.0,1.0,35.0
MORONA SANTIAGO,MORONA,SEVILLA DON BOSCO,   KURINUNKA,14B00048,CECIB DE EDUCACION BASICA SAN MIGUEL,Fiscal,Sierra,Intercultural Bilingüe,Indígena,Shuar,Shuar,54.0,1.0,54.0
MORONA SANTIAGO,MORONA,SEVILLA DON BOSCO,   NUMPAIM,14B00012,UNIDAD EDUCATIVA COMUNITARIA INTERCULTURAL BILINGÜE PADRE ANGEL ROUBY,Fiscal,Sierra,Intercultural Bilingüe,Indígena,Shuar,Shuar,69.0,4.0,17.25
MORONA SANTIAGO,MORONA,SEVILLA DON BOSCO,   PIKIUR    RECINTO,14B00009,CECIB DE EDUCACION BASICA  RIO AMAZONAS,Fiscal,Sierra,Intercultural Bilingüe,Indígena,Shuar,Shuar,19.0,1.0,19.0
MORONA SANTIAGO,MORONA,SEVILLA DON BOSCO,   SAUNTS - SAN PABLO,14B00025,CECIB DE EDUCACION BASICA DOMINGO COMIN,Fiscal,Sierra,Intercultural Bilingüe,Indígena,Shuar,Shuar,107.0,5.0,21.4
MORONA SANTIAGO,MORONA,SEVILLA DON BOSCO,   SEVILLA DON BOSCO,14B00036,CECIB DE EDUCACION BASICA FISCOMISIONAL JUAN LEON MERA,Fiscomisional,Sierra,Intercultural Bilingüe,Indígena,Shuar,Shuar,311.0,13.0,23.92
MORONA SANTIAGO,MORONA,SEVILLA DON BOSCO,   SHIMPIS,14B00024,SOR ROSA HERMELINDA SOLIS CALLE,Fiscal,Sierra,Intercultural Bilingüe,Indígena,Shuar,Shuar,42.0,2.0,21.0
MORONA SANTIAGO,MORONA,SEVILLA DON BOSCO,   SHIRAM,14B00013,CECIB DE EDUCACION BASICA 25 DE DICIEMBRE,Fiscal,Sierra,Intercultural Bilingüe,Indígena,Shuar,Shuar,26.0,1.0,26.0
MORONA SANTIAGO,MORONA,SEVILLA DON BOSCO,   TAYUNTZA NORTE,14B00065,CECIB DE EDUCACION  BASICA TAYUNTS,Fiscal,Sierra,Intercultural Bilingüe,Indígena,Shuar,Shuar,13.0,1.0,13.0
MORONA SANTIAGO,MORONA,SEVILLA DON BOSCO,   TSENKUSH,14B00040,SAN JUAN BOSCO,Fiscal,Sierra,Intercultural Bilingüe,Indígena,Shuar,Shuar,22.0,1.0,22.0
MORONA SANTIAGO,MORONA,SEVILLA DON BOSCO,   TSUNTSUNTS,14B00003,CECIB DE EDUCACION BASICA NAMUR,Fiscal,Sierra,Intercultural Bilingüe,Indígena,Shuar,Shuar,87.0,3.0,29.0
MORONA SANTIAGO,MORONA,SEVILLA DON BOSCO,TUNA WEAMPAIM 1 TUNA WEAMPAIM ,14B00525,CECIB DE EDUCACIÓN BÁSICA AMBROCIO PUJUPAT,Fiscal,Sierra,Intercultural Bilingüe,Indígena,Shuar,Shuar,28.0,1.0,28.0
MORONA SANTIAGO,MORONA,SEVILLA DON BOSCO,   UCHICH SUANTS,14B00044,CECIB DE EDUCACIÓN BÁSICA FISCOMISIONAL SAN PEDRO,Fiscomisional,Sierra,Intercultural Bilingüe,Indígena,Shuar,Shuar,59.0,2.0,29.5
MORONA SANTIAGO,MORONA,SEVILLA DON BOSCO,   UCHICH WICHIM,14B00029,CECIB DE EDUCACION BASICA FISCOMISIONAL LOS ANGELES,Fiscomisional,Sierra,Intercultural Bilingüe,Indígena,Shuar,Shuar,24.0,1.0,24.0
MORONA SANTIAGO,MORONA,SEVILLA DON BOSCO,   UYUNTS,14B00008,CECIB DE EDUCACION BASICA GONZALO DIAZ DE PINEDA,Fiscal,Sierra,Intercultural Bilingüe,Indígena,Shuar,Shuar,122.0,6.0,20.33
MORONA SANTIAGO,MORONA,SEVILLA DON BOSCO,   WEE,14B00043,CECIB DE EDUCACION BASICA FISCOMISIONAL  24 DE MAYO,Fiscomisional,Sierra,Intercultural Bilingüe,Indígena,Shuar,Shuar,47.0,1.0,47.0
MORONA SANTIAGO,MORONA,SEVILLA DON BOSCO,   YURANK,14B00034,CECIB DE EDUCACION BASICA RIO YUQUIPA,Fiscal,Sierra,Intercultural Bilingüe,Indígena,Shuar,Shuar,40.0,2.0,20.0
MORONA SANTIAGO,MORONA,SINAI,   COMUNIDAD WAPU NORTE,14B00022,CECIB DE EDUCACION BASICA RIO UPANO,Fiscal,Sierra,Intercultural Bilingüe,Indígena,Shuar,Shuar,81.0,3.0,27.0
MORONA SANTIAGO,PABLO SEXTO,PABLO SEXTO,   COMUNIDAD KUNKUP MARGEN IZQUIERDO RIO PALORA,14B00396,RIO HUAMBOYA,Fiscal,Sierra,Intercultural Bilingüe,Indígena,Shuar,Shuar,11.0,1.0,11.0
MORONA SANTIAGO,PABLO SEXTO,PABLO SEXTO,   COMUNIDAD SANTA INES PAANTIN,14B00392,CECIB DE EDUCACION BASICA LUZ DE AMERICA,Fiscal,Sierra,Intercultural Bilingüe,Indígena,Shuar,Shuar,15.0,2.0,7.5
MORONA SANTIAGO,PABLO SEXTO,PABLO SEXTO,   COMUNIDAD SHAWI,14B00397,CECIB DE EDUCACION BASICA SUNKA,Fiscal,Sierra,Intercultural Bilingüe,Indígena,Shuar,Shuar,91.0,6.0,15.17
MORONA SANTIAGO,PABLO SEXTO,PABLO SEXTO,   COMUNIDAD YAMANUNKA,14B00393,CECIB DE EDUCACION BASICA  12  DE FEBRERO,Fiscal,Sierra,Intercultural Bilingüe,Indígena,Shuar,Shuar,28.0,1.0,28.0
MORONA SANTIAGO,PABLO SEXTO,PABLO SEXTO,   KUNAMP,14B00395,CECIB DE EDUCACION BASICA CHUMBI,Fiscal,Sierra,Intercultural Bilingüe,Indígena,Shuar,Shuar,16.0,1.0,16.0
MORONA SANTIAGO,PABLO SEXTO,PABLO SEXTO,   SINTINIS,14B00394,CECIB DE EDUCACION BASICA  JUANK,Fiscal,Sierra,Intercultural Bilingüe,Indígena,Shuar,Shuar,20.0,1.0,20.0
MORONA SANTIAGO,PALORA,16 DE AGOSTO,   COMUNIDAD CHAI,14B00116,CECIB DE EDUCACION BASICA TIRIS KUNAMP,Fiscal,Sierra,Intercultural Bilingüe,Indígena,Shuar,Shuar,91.0,4.0,22.75
MORONA SANTIAGO,PALORA,16 DE AGOSTO,   KUWAKASH,14B00114,CECIB DE EDUCACION BASICA ANTONIO ANGUASHA,Fiscal,Sierra,Intercultural Bilingüe,Indígena,Shuar,Shuar,47.0,2.0,23.5
MORONA SANTIAGO,PALORA,16 DE AGOSTO,   SHIRAM PAASTAS,14B00115,CECIB DE EDUCACION BASICA  25 DE DICIEMBRE,Fiscal,Sierra,Intercultural Bilingüe,Indígena,Shuar,Shuar,8.0,1.0,8.0
MORONA SANTIAGO,PALORA,16 DE AGOSTO,   YAWINTS,14B00467,CECIB DE EDUCACION BASICA TSAMARAINT,Fiscal,Sierra,Intercultural Bilingüe,Indígena,Shuar,Shuar,24.0,1.0,24.0
MORONA SANTIAGO,PALORA,ARAPICOS,   COMUNIDAD AAPKIUS,14B00106,CECIB DE EDUCACION BASICA WAAM,Fiscal,Sierra,Intercultural Bilingüe,Indígena,Shuar,Shuar,22.0,1.0,22.0
MORONA SANTIAGO,PALORA,ARAPICOS,   YUTSU,14B00468,CECIB DE EDUCACION BASICA RIO URIKIM,Fiscal,Sierra,Intercultural Bilingüe,Indígena,Shuar,Shuar,43.0,2.0,21.5
MORONA SANTIAGO,PALORA,SANGAY (CAB EN NAYAMANACA),   CHUP,14B00112,CECIB DE EDUCACION BASICA JOSE CORNELIO CHUP,Fiscal,Sierra,Intercultural Bilingüe,Indígena,Shuar,Shuar,36.0,2.0,18.0
MORONA SANTIAGO,PALORA,SANGAY (CAB EN NAYAMANACA),   COMUNIDAD SANTA ROSA,14B00109,CECIB DE EDUCACION BASICA PATRIA LIBRE,Fiscal,Sierra,Intercultural Bilingüe,Indígena,Shuar,Shuar,50.0,2.0,25.0
MORONA SANTIAGO,PALORA,SANGAY (CAB EN NAYAMANACA),   COMUNIDAD WISHI,14B00508,CECIB DE EDUCACION BASICA SAN LUIS,Fiscal,Sierra,Intercultural Bilingüe,Indígena,Shuar,Shuar,3.0,1.0,3.0
MORONA SANTIAGO,PALORA,SANGAY (CAB EN NAYAMANACA),   DIEZ DE AGOSTO -CHINIMPI,14B00111,CECIB DE EDUCACION BASICA  10 DE AGOSTO,Fiscal,Sierra,Intercultural Bilingüe,Indígena,Shuar,Shuar,155.0,7.0,22.14
MORONA SANTIAGO,PALORA,SANGAY (CAB EN NAYAMANACA),   PAQUISHA,14B00110,CECIB DE EDUCACION BASICA 25 DE JUNIO,Fiscal,Sierra,Intercultural Bilingüe,Indígena,Shuar,Shuar,150.0,5.0,30.0
MORONA SANTIAGO,SAN JUAN BOSCO,SAN CARLOS DE LIMON,   KUNKUK,14B00205,CECIB DE EDUCACIÓN BÁSICA FISCOMISIONAL SHIMPIUKAT,Fiscomisional,Sierra,Intercultural Bilingüe,Indígena,Shuar,Shuar,34.0,1.0,34.0
MORONA SANTIAGO,SAN JUAN BOSCO,SAN CARLOS DE LIMON,   NAYAP,14B00487,ESCUELA DE EDUCACION BASICA INTERCULTURAL BILINGUE SANTA CRISTINA,Fiscal,Sierra,Intercultural Bilingüe,Indígena,Shuar,Shuar,38.0,2.0,19.0
MORONA SANTIAGO,SAN JUAN BOSCO,SAN CARLOS DE LIMON,   NUMPATKAIM,14B00203,UNIDAD EDUCATIVA COMUNITARIA INTERCULTURAL BILINGÜE FISCOMISIONAL SAN JOSE ,Fiscomisional,Sierra,Intercultural Bilingüe,Indígena,Shuar,Shuar,138.0,9.0,15.33
MORONA SANTIAGO,SAN JUAN BOSCO,SAN CARLOS DE LIMON,   SAN PEDRO UPUNKIUS,14B00444,ESCUELA DE EDUCACIÓN BÁSICA INTERCULTURAL BILINGUE TUITS,Fiscal,Sierra,Intercultural Bilingüe,Indígena,Shuar,Shuar,16.0,1.0,16.0
MORONA SANTIAGO,SAN JUAN BOSCO,SAN CARLOS DE LIMON,   TSUNTSUIM,14B00324,ESCUELA DE EDUCACION BASICA INTERCULTURAL BILINGUE SHAKAIM,Fiscal,Sierra,Intercultural Bilingüe,Indígena,Shuar,Shuar,44.0,2.0,22.0
MORONA SANTIAGO,SAN JUAN BOSCO,SAN CARLOS DE LIMON,UNKUCH 1 UNKUCH ,14B00505,CECIB DE EDUCACIÓN BÁSICA SANTO DOMINGO,Fiscal,Sierra,Intercultural Bilingüe,Indígena,Shuar,Shuar,46.0,2.0,23.0
MORONA SANTIAGO,SAN JUAN BOSCO,SAN CARLOS DE LIMON,   WAAPIS (CENTRO),14B00207,ESCUELA DE EDUCACIÓN BÁSICA INTERCULTURAL BILINGÜE BELÉN,Fiscal,Sierra,Intercultural Bilingüe,Indígena,Shuar,Shuar,48.0,2.0,24.0
MORONA SANTIAGO,SANTIAGO,PATUCA,   CASERIO IPIAKUIM,14B00125,CECIB DE EDUCACIÓN BÁSICA CHIRIAP,Fiscal,Sierra,Intercultural Bilingüe,Indígena,Shuar,Shuar,19.0,2.0,9.5
MORONA SANTIAGO,SANTIAGO,PATUCA,   KIMIUS,14B00122,CECIB DE EDUCACIÓN BÁSICA YUWIM,Fiscal,Sierra,Intercultural Bilingüe,Indígena,Shuar,Shuar,82.0,3.0,27.33
MORONA SANTIAGO,SANTIAGO,PATUCA,   NUNKANTAI,14B00121,CECIB DE EDUCACIÓN BÁSICA FISCOMISIONAL ETSA,Fiscomisional,Sierra,Intercultural Bilingüe,Indígena,Shuar,Shuar,38.0,3.0,12.67
MORONA SANTIAGO,SANTIAGO,PATUCA,   PIANKAS,14B00124,CECIB DE EDUCACIÓN BÁSICA CHARIP,Fiscal,Sierra,Intercultural Bilingüe,Indígena,Shuar,Shuar,40.0,3.0,13.33
MORONA SANTIAGO,SANTIAGO,PATUCA,   SUNKANTS,14B00120,CECIB DE EDUCACIÓN BÁSICA FISCOMISIONAL YAKUANK,Fiscomisional,Sierra,Intercultural Bilingüe,Indígena,Shuar,Shuar,45.0,2.0,22.5
MORONA SANTIAGO,SANTIAGO,SAN FRANCISCO DE CHINIMBIMI,   COMUNIDAD YAKUANK,14B00134,CECIB DE EDUCACIÓN BÁSICA DOS RIOS,Fiscal,Sierra,Intercultural Bilingüe,Indígena,Shuar,Shuar,36.0,2.0,18.0
MORONA SANTIAGO,SANTIAGO,SAN FRANCISCO DE CHINIMBIMI,   KURINTS,14B00132,CECIB DE EDUCACIÓN BÁSICA FISCOMISIONAL TAYUNTS,Fiscomisional,Sierra,Intercultural Bilingüe,Indígena,Shuar,Shuar,9.0,1.0,9.0
MORONA SANTIAGO,SANTIAGO,SAN FRANCISCO DE CHINIMBIMI,   PANIA,14B00133,CECIB DE EDUCACIÓN BÁSICA RIO PANIA,Fiscal,Sierra,Intercultural Bilingüe,Indígena,Shuar,Shuar,117.0,6.0,19.5
MORONA SANTIAGO,SANTIAGO,SAN FRANCISCO DE CHINIMBIMI,   TINTIUK NAINT,14B00127,CECIB DE EDUCACIÓN BÁSICA YAA,Fiscal,Sierra,Intercultural Bilingüe,Indígena,Shuar,Shuar,7.0,1.0,7.0
MORONA SANTIAGO,SANTIAGO,SANTIAGO DE MENDEZ,   COMUNIDAD DE TSEKEANKAS,14B00117,CECIB DE EDUCACIÓN BÁSICA FISCOMISIONAL PAKESH,Fiscomisional,Sierra,Intercultural Bilingüe,Indígena,Shuar,Shuar,21.0,1.0,21.0
MORONA SANTIAGO,SANTIAGO,SANTIAGO DE MENDEZ,   KAMANCHAIM,14B00119,CECIB DE EDUCACIÓN BÁSICA PRINCESA TOA,Fiscal,Sierra,Intercultural Bilingüe,Indígena,Shuar,Shuar,10.0,1.0,10.0
MORONA SANTIAGO,SANTIAGO,SANTIAGO DE MENDEZ,   KUCHIANKAS / CASERIO,14B00118,CECIB DE EDUCACIÓN BÁSICA KAYAP,Fiscal,Sierra,Intercultural Bilingüe,Indígena,Shuar,Shuar,27.0,1.0,27.0
MORONA SANTIAGO,SANTIAGO,TAYUZA,   CASERIO MUCHINKIM,14B00128,CECIB DE EDUCACIÓN BÁSICA FISCOMISIONAL ETSA,Fiscomisional,Sierra,Intercultural Bilingüe,Indígena,Shuar,Shuar,17.0,1.0,17.0
MORONA SANTIAGO,SANTIAGO,TAYUZA,   CASERIO YUU,14B00130,CECIB DE EDUCACIÓN BÁSICA FISCOMISIONAL SAN JOSE,Fiscomisional,Sierra,Intercultural Bilingüe,Mestiza,Mestiza,Mestiza,23.0,1.0,23.0
MORONA SANTIAGO,SANTIAGO,TAYUZA,   COMUNIDAD NATEMTSA,14B00126,CECIB DE EDUCACIÓN BÁSICA FISCOMISIONAL WAMPUTSRIK,Fiscomisional,Sierra,Intercultural Bilingüe,Indígena,Shuar,Shuar,19.0,1.0,19.0
MORONA SANTIAGO,SANTIAGO,TAYUZA,   TUNA,14B00129,CECIB DE EDUCACIÓN BÁSICA FISCOMISIONAL YURANK,Fiscomisional,Sierra,Intercultural Bilingüe,Indígena,Shuar,Shuar,27.0,1.0,27.0
MORONA SANTIAGO,SUCUA,ASUNCION,   ASUNCION,14B00475,CECIB DE EDUCACIÓN BÁSICA PIO XII,Fiscal,Sierra,Intercultural Bilingüe,Indígena,Shuar,Shuar,85.0,4.0,21.25
MORONA SANTIAGO,SUCUA,ASUNCION,   DIAMANTE,14B00152,CECIB DE EDUCACIÓN BÁSICA LEONOR BARZALLO,Fiscal,Sierra,Intercultural Bilingüe,Indígena,Shuar,Shuar,7.0,1.0,7.0
MORONA SANTIAGO,SUCUA,ASUNCION,   KANSAR,14B00153,CECIB DE EDUCACIÓN BÁSICA PINCHUPA,Fiscal,Sierra,Intercultural Bilingüe,Indígena,Shuar,Shuar,47.0,2.0,23.5
MORONA SANTIAGO,SUCUA,ASUNCION,   KENKUIM,14B00154,CECIB DE EDUCACIÓN BÁSICA JUAN XXIII,Fiscal,Sierra,Intercultural Bilingüe,Indígena,Shuar,Shuar,52.0,2.0,26.0
MORONA SANTIAGO,SUCUA,ASUNCION,   SAN JOSE,14B00147,CECIB DE EDUCACIÓN BÁSICA FISCOMISIONAL VICENTE ROCAFUERTE,Fiscomisional,Sierra,Intercultural Bilingüe,Indígena,Shuar,Shuar,32.0,1.0,32.0
MORONA SANTIAGO,SUCUA,ASUNCION,   SUNKANTS,14B00151,CECIB DE EDUCACIÓN BÁSICA AKACHU,Fiscal,Sierra,Intercultural Bilingüe,Indígena,Shuar,Shuar,41.0,2.0,20.5
MORONA SANTIAGO,SUCUA,ASUNCION,   UTUNKUS NORTE,14B00148,CECIB DE EDUCACIÓN BÁSICA SURITIAK,Fiscal,Sierra,Intercultural Bilingüe,Indígena,Shuar,Shuar,31.0,2.0,15.5
MORONA SANTIAGO,SUCUA,ASUNCION,   UWE,14B00150,CECIB DE EDUCACIÓN BÁSICA WAMPUTSRIK,Fiscal,Sierra,Intercultural Bilingüe,Indígena,Shuar,Shuar,77.0,3.0,25.67
MORONA SANTIAGO,SUCUA,SUCUA,   SAIP CASERIO,14B00135,UNIDAD EDUCATIVA COMUNITARIA INTERCULTURAL BILINGUE VICENTE WAMPUTSAR,Fiscal,Sierra,Intercultural Bilingüe,Indígena,Shuar,Shuar,249.0,19.0,13.11
MORONA SANTIAGO,SUCUA,SUCUA,   SAN PABLO    C ACERIO,14B00136,CECIB DE EDUCACIÓN BÁSICA LUIS NAJAR,Fiscal,Sierra,Intercultural Bilingüe,Indígena,Shuar,Shuar,26.0,1.0,26.0
MORONA SANTIAGO,SUCUA,SUCUA,   SANTA ROSA   RECINTO,14B00144,CECIB DE EDUCACIÓN BÁSICA DIONISIO  CHIRIAP,Fiscal,Sierra,Intercultural Bilingüe,Indígena,Shuar,Shuar,54.0,4.0,13.5
MORONA SANTIAGO,SUCUA,SUCUA,SOR MARIA TRONCATTI  VICTORINO ABARCA ,14B00138,UNIDAD EDUCATIVA COMUNITARIA INTERCULTURAL BILINGÜE PADRE ALFREDO GERMANI,Fiscal,Sierra,Intercultural Bilingüe,Indígena,Shuar,Shuar,270.0,14.0,19.29
MORONA SANTIAGO,SUCUA,SUCUA,   TUNTAIM,14B00139,UNIDAD EDUCATIVA COMUNITARIA INTERCULTURAL BILINGUE JACINTO COLLAGUAZO,Fiscal,Sierra,Intercultural Bilingüe,Indígena,Shuar,Shuar,160.0,12.0,13.33
MORONA SANTIAGO,SUCUA,SUCUA,   WAWAIM,14B00141,CECIB DE EDUCACIÓN BÁSICA VICENTE JINTIACH,Fiscal,Sierra,Intercultural Bilingüe,Indígena,Shuar,Shuar,27.0,2.0,13.5
MORONA SANTIAGO,SUCUA,SUCUA,   YUKUTAIS,14B00156,UNIDAD EDUCATIVA COMUNITARIA INTERCULTURAL BILINGÜE NUNKUI,Fiscal,Sierra,Intercultural Bilingüe,Indígena,Shuar,Shuar,190.0,12.0,15.83
MORONA SANTIAGO,TAISHA,HUASAGA (CAB EN WAMPUIK),   BARRIO SAN FRANCISCO,14B00271,CECIB DE EDUCACION BASICA KATIRA,Fiscal,Sierra,Intercultural Bilingüe,Indígena,Achuar,Achuar,24.0,1.0,24.0
MORONA SANTIAGO,TAISHA,HUASAGA (CAB EN WAMPUIK),   CENTRO DE LA MISION SALESIANA -  WASAK ENTSA,14B00269,UNIDAD EDUCATIVA COMUNITARIA INTERCULTURAL BILINGUE FISCOMISIONAL ACHUAR,Fiscomisional,Sierra,Intercultural Bilingüe,Indígena,Achuar,Achuar,108.0,6.0,18.0
MORONA SANTIAGO,TAISHA,HUASAGA (CAB EN WAMPUIK),   COMUNIDAD ACHUAR CHINKIANENTSA,14B00450,CECIB DE EDUCACIÓN BASICA CHINKIM,Fiscal,Sierra,Intercultural Bilingüe,Indígena,Achuar,Waranka,33.0,1.0,33.0
MORONA SANTIAGO,TAISHA,HUASAGA (CAB EN WAMPUIK),   COMUNIDAD ACHUAR  IPIAK,14B00275,CECIB  DE  EDUCACIÓN BASICA KASHIJINT,Fiscal,Sierra,Intercultural Bilingüe,Indígena,Achuar,Awa,119.0,4.0,29.75
MORONA SANTIAGO,TAISHA,HUASAGA (CAB EN WAMPUIK),   COMUNIDAD ACHUAR KAYANTSA,14B00258,CECIB  DE EDUCACIÓN BASICA KAYANTSA,Fiscal,Sierra,Intercultural Bilingüe,Indígena,Achuar,Achuar,21.0,1.0,21.0
MORONA SANTIAGO,TAISHA,HUASAGA (CAB EN WAMPUIK),   COMUNIDAD ACHUAR  NUEVO SASAIM,14B00257,CECIB DE  EDUCACIÓN BASICA YANKUAM,Fiscal,Sierra,Intercultural Bilingüe,Indígena,Achuar,Achuar,45.0,2.0,22.5
MORONA SANTIAGO,TAISHA,HUASAGA (CAB EN WAMPUIK),   COMUNIDAD ACHUAR PUMPUENTZA,14B00244,CECIB  DE  EDUCACIÓN BASICA SANTIAK,Fiscal,Sierra,Intercultural Bilingüe,Indígena,Achuar,Achuar,209.0,8.0,26.12
MORONA SANTIAGO,TAISHA,HUASAGA (CAB EN WAMPUIK),   COMUNIDAD ACHUAR SAPAPENTSA,14B00245,CECIB DE EDUCACIÓN BASICA KAASAP,Fiscal,Sierra,Intercultural Bilingüe,Indígena,Achuar,Achuar,143.0,4.0,35.75
MORONA SANTIAGO,TAISHA,HUASAGA (CAB EN WAMPUIK),   COMUNIDAD ACHUAR SURIK NUEVO,14B00260,CECIB DE EDUCACIÓN BASICA MASHUMPAR,Fiscal,Sierra,Intercultural Bilingüe,Indígena,Achuar,Achuar,42.0,2.0,21.0
MORONA SANTIAGO,TAISHA,HUASAGA (CAB EN WAMPUIK),   COMUNIDAD ACHUAR SURITIAK,14B00483,CECIB DE  EDUCACION BASICA CHAYAT,Fiscal,Sierra,Intercultural Bilingüe,Indígena,Achuar,Achuar,12.0,1.0,12.0
MORONA SANTIAGO,TAISHA,HUASAGA (CAB EN WAMPUIK),   COMUNIDAD ACHUAR TSUNKINTSA,14B00262,UNIDAD EDUCATIVA CHUJI,Fiscal,Sierra,Intercultural Bilingüe,Indígena,Achuar,Achuar,97.0,3.0,32.33
MORONA SANTIAGO,TAISHA,HUASAGA (CAB EN WAMPUIK),   COMUNIDAD ACHUAR WASURAK,14B00482,CECIB DE EDUCACIÓN BÁSICA PININKIAS,Fiscal,Sierra,Intercultural Bilingüe,Indígena,Achuar,Achuar,42.0,1.0,42.0
MORONA SANTIAGO,TAISHA,HUASAGA (CAB EN WAMPUIK),   COMUNIDAD ACHUAR WICHIM,14B00249,UNIDAD EDUCATIVA COMUNITARIA INTERCULTURAL BILINGUE MUKUINK,Fiscal,Sierra,Intercultural Bilingüe,Indígena,Achuar,Achuar,164.0,8.0,20.5
MORONA SANTIAGO,TAISHA,HUASAGA (CAB EN WAMPUIK),   COMUNIDAD KUPIT,14B00276,CECIB DE EDUCACIÓN BASICA YAMPITS,Fiscal,Sierra,Intercultural Bilingüe,Indígena,Achuar,Achuar,41.0,2.0,20.5
MORONA SANTIAGO,TAISHA,HUASAGA (CAB EN WAMPUIK),   COMUNIDAD - KURINTSA,14B00243,CECIB DE EDUCACIÓN BASICA SAN PEDRO,Fiscal,Sierra,Intercultural Bilingüe,Indígena,Achuar,Achuar,60.0,2.0,30.0
MORONA SANTIAGO,TAISHA,HUASAGA (CAB EN WAMPUIK),   COMUNIDAD KURINUA,14B00247,CECIB  DE EDUCACION BASICA UJUKAM,Fiscal,Sierra,Intercultural Bilingüe,Indígena,Achuar,Achuar,45.0,2.0,22.5
MORONA SANTIAGO,TAISHA,HUASAGA (CAB EN WAMPUIK),   COMUNIDAD KUSERUA,14B00252,CECIB DE EDUCACIÓN BASICA CHIKUISH,Fiscal,Sierra,Intercultural Bilingüe,Indígena,Achuar,Achuar,54.0,2.0,27.0
MORONA SANTIAGO,TAISHA,HUASAGA (CAB EN WAMPUIK),   COMUNIDAD MASHUIM,14B00266,CECIB DE EDUCACIÓN BASICA TANCHIM,Fiscal,Sierra,Intercultural Bilingüe,Indígena,Achuar,Achuar,54.0,1.0,54.0
MORONA SANTIAGO,TAISHA,HUASAGA (CAB EN WAMPUIK),   COMUNIDAD MURUNTSA,14B00246,CECIB  DE  EDUCACIÓN BASICA PIRUCH,Fiscal,Sierra,Intercultural Bilingüe,Indígena,Achuar,Achuar,24.0,1.0,24.0
MORONA SANTIAGO,TAISHA,HUASAGA (CAB EN WAMPUIK),   COMUNIDAD NAPURAK,14B00453,CECIB DE EDUCACIÓN BASICA UWITI,Fiscal,Sierra,Intercultural Bilingüe,Indígena,Achuar,Achuar,21.0,1.0,21.0
MORONA SANTIAGO,TAISHA,HUASAGA (CAB EN WAMPUIK),   COMUNIDAD PATUKMAI,14B00242,UNIDAD COMUNITARIA INTERCULTURAL BILINGÜE TIWI,Fiscal,Sierra,Intercultural Bilingüe,Indígena,Achuar,Achuar,141.0,7.0,20.14
MORONA SANTIAGO,TAISHA,HUASAGA (CAB EN WAMPUIK),   COMUNIDAD SAWASTIAN,14B00238,CECIB  DE  EDUCACION BASICA AIJ,Fiscal,Sierra,Intercultural Bilingüe,Indígena,Achuar,Achuar,32.0,1.0,32.0
MORONA SANTIAGO,TAISHA,HUASAGA (CAB EN WAMPUIK),   COMUNIDAD  SETUCH,14B00272,CECIB DE  EDUCACION BASICA ANTUNISH,Fiscal,Sierra,Intercultural Bilingüe,Indígena,Achuar,Achuar,28.0,1.0,28.0
MORONA SANTIAGO,TAISHA,HUASAGA (CAB EN WAMPUIK),   COMUNIDAD SHUIN MAMUS,14B00253,CECIB DE EDUCACION BASICA CINCO DE AGOSTO,Fiscal,Sierra,Intercultural Bilingüe,Indígena,Achuar,Achuar,60.0,2.0,30.0
MORONA SANTIAGO,TAISHA,HUASAGA (CAB EN WAMPUIK),   COMUNIDAD TARIMIAT,14B00259,CECIB  DE  EDUCACION BASICA KAITIAN,Fiscal,Sierra,Intercultural Bilingüe,Indígena,Achuar,Achuar,43.0,1.0,43.0
MORONA SANTIAGO,TAISHA,HUASAGA (CAB EN WAMPUIK),   COMUNIDAD TUNIKRAM,14B00255,CECIB DE  EDUCACION BASICA YUU,Fiscal,Sierra,Intercultural Bilingüe,Indígena,Achuar,Achuar,27.0,1.0,27.0
MORONA SANTIAGO,TAISHA,HUASAGA (CAB EN WAMPUIK),   COMUNIDAD WACHIRPAS,14B00248,CECIB DE EDUCACIÓN BASICA KUYACH,Fiscal,Sierra,Intercultural Bilingüe,Indígena,Achuar,Achuar,152.0,4.0,38.0
MORONA SANTIAGO,TAISHA,HUASAGA (CAB EN WAMPUIK),   COMUNIDAD WAMPUIK,14B00263,UNIDAD EDUCATIVA COMUNITARIO INTERCULTURAL BILINGUE TAKI,Fiscal,Sierra,Intercultural Bilingüe,Indígena,Achuar,Achuar,293.0,15.0,19.53
MORONA SANTIAGO,TAISHA,HUASAGA (CAB EN WAMPUIK),   COMUNIDAD WARUINTS,14B00274,CECIB DE EDUCACIÓN BASICA PADRE DOMINGO,Fiscal,Sierra,Intercultural Bilingüe,Indígena,Achuar,Achuar,15.0,1.0,15.0
MORONA SANTIAGO,TAISHA,HUASAGA (CAB EN WAMPUIK),   COMUNIDAD WASHINTSA,14B00486,CECIB DE EDUCACIÓN BASICA WASHINTS,Fiscal,Sierra,Intercultural Bilingüe,Indígena,Achuar,Achuar,18.0,1.0,18.0
MORONA SANTIAGO,TAISHA,HUASAGA (CAB EN WAMPUIK),   ITAK,14B00454,CECIB  DE  EDUCACION BASICA YAMPIA,Fiscal,Sierra,Intercultural Bilingüe,Indígena,Achuar,Achuar,23.0,1.0,23.0
MORONA SANTIAGO,TAISHA,HUASAGA (CAB EN WAMPUIK),   JUYUKAM,14B00240,CECIB  DE  EDUCACIÓN BASICA SAN PABLO JUWAU,Fiscal,Sierra,Intercultural Bilingüe,Indígena,Achuar,Achuar,56.0,2.0,28.0
MORONA SANTIAGO,TAISHA,HUASAGA (CAB EN WAMPUIK),   KAIPTACH,14B00261,UNIDAD EDUCATIVA  COMUNITARIA INTERCULTURAL BILINGUE KAMIJIU,Fiscal,Sierra,Intercultural Bilingüe,Indígena,Achuar,Achuar,104.0,5.0,20.8
MORONA SANTIAGO,TAISHA,HUASAGA (CAB EN WAMPUIK),   KUCHINTSA,14B00264,CECIB DE EDUCACION BASICA RIO HUASAGA,Fiscal,Sierra,Intercultural Bilingüe,Indígena,Achuar,Shuar,51.0,1.0,51.0
MORONA SANTIAGO,TAISHA,HUASAGA (CAB EN WAMPUIK),   MAKI,14B00239,CECIB DE EDUCACION BASICA MANTU,Fiscal,Sierra,Intercultural Bilingüe,Indígena,Achuar,Achuar,12.0,1.0,12.0
MORONA SANTIAGO,TAISHA,HUASAGA (CAB EN WAMPUIK),   MASHUMAR ENTSA,14B00236,CECIB  DE  EDUCACION BASICA RUMIÑAHUI,Fiscal,Sierra,Intercultural Bilingüe,Indígena,Achuar,Achuar,57.0,2.0,28.5
MORONA SANTIAGO,TAISHA,HUASAGA (CAB EN WAMPUIK),NASES 1 NASES ,14B00495,CECIB  DE  EDUCACION  BASICA SUMPA,Fiscal,Sierra,Intercultural Bilingüe,Indígena,Achuar,Achuar,20.0,1.0,20.0
MORONA SANTIAGO,TAISHA,HUASAGA (CAB EN WAMPUIK),   PAKINTSA,14B00251,CECIB DE EDUCACION BASICA SHUNTA,Fiscal,Sierra,Intercultural Bilingüe,Indígena,Achuar,Achuar,39.0,1.0,39.0
MORONA SANTIAGO,TAISHA,HUASAGA (CAB EN WAMPUIK),   SAUM,14B00254,CECIB DE EDUCACIÓN BASICA UYUNKAR,Fiscal,Sierra,Intercultural Bilingüe,Indígena,Achuar,Achuar,54.0,2.0,27.0
MORONA SANTIAGO,TAISHA,HUASAGA (CAB EN WAMPUIK),   SEMU,14B00499,CECIB DE EDUCACIÓN BASICA SEMU,Fiscal,Sierra,Intercultural Bilingüe,Indígena,Achuar,Achuar,29.0,1.0,29.0
MORONA SANTIAGO,TAISHA,HUASAGA (CAB EN WAMPUIK),   VIA HUAZAGA,14B00494,CECIB DE EDUCACIÓN BASICA TITIA,Fiscal,Sierra,Intercultural Bilingüe,Indígena,Achuar,Achuar,36.0,2.0,18.0
MORONA SANTIAGO,TAISHA,HUASAGA (CAB EN WAMPUIK),   YANKUNTS,14B00267,CECIB  DE  EDUCACION BASICA RAMU,Fiscal,Sierra,Intercultural Bilingüe,Indígena,Achuar,Achuar,18.0,1.0,18.0
MORONA SANTIAGO,TAISHA,MACUMA,   10 DE AGOSTO,14B00286,CECIB DE EDUCACION BASICA JAIME ROLDOS AGUILERA,Fiscal,Sierra,Intercultural Bilingüe,Indígena,Shuar,Shuar,65.0,3.0,21.67
MORONA SANTIAGO,TAISHA,MACUMA,   AMAZONAS,14B00278,CECIB DE EDUCACION BASICA PRESIDENTE ALFARO,Fiscal,Sierra,Intercultural Bilingüe,Indígena,Shuar,Shuar,120.0,4.0,30.0
MORONA SANTIAGO,TAISHA,MACUMA,   ARUTAM,14B00305,CECIB DE EDUCACIÓN BASICA 12 DE OCTUBRE,Fiscal,Sierra,Intercultural Bilingüe,Indígena,Shuar,Shuar,16.0,1.0,16.0
MORONA SANTIAGO,TAISHA,MACUMA,   CAMPO AYUY,14B00304,CECIB DE EDUCACIÓN BASICA SEGUNDO GUAJARE,Fiscal,Sierra,Intercultural Bilingüe,Indígena,Shuar,Shuar,24.0,1.0,24.0
MORONA SANTIAGO,TAISHA,MACUMA,   CHIRIAP,14B00314,CECIB DE EDUCACION BASICA  KATAN,Fiscal,Sierra,Intercultural Bilingüe,Indígena,Shuar,Shuar,16.0,1.0,16.0
MORONA SANTIAGO,TAISHA,MACUMA,   CHIWIANTS,14B00493,CECIB DE EDUCACIÓN BÁSICA RIO KUSUTKA,Fiscal,Sierra,Intercultural Bilingüe,Indígena,Shuar,Shuar,11.0,1.0,11.0
MORONA SANTIAGO,TAISHA,MACUMA,   COMUNIDAD ACHUNTS,14B00310,CECIB  DE EDUCACIÓN BÁSICA RIO MACUMA,Fiscal,Sierra,Intercultural Bilingüe,Indígena,Shuar,Shuar,96.0,4.0,24.0
MORONA SANTIAGO,TAISHA,MACUMA,   COMUNIDAD CUMBANTZA,14B00326,CECIB  DE  EDUCACION BASICA  RIO CHIGUAZA,Fiscal,Sierra,Intercultural Bilingüe,Indígena,Shuar,Shuar,173.0,5.0,34.6
MORONA SANTIAGO,TAISHA,MACUMA,   COMUNIDAD PAANTIN,14B00321,CECIB DE EDUCACIÓN BASICA TUNTIAK,Fiscal,Sierra,Intercultural Bilingüe,Indígena,Shuar,Shuar,90.0,3.0,30.0
MORONA SANTIAGO,TAISHA,MACUMA,   COMUNIDAD PAYASHNIA,14B00325,CECIB DE EDUCACIÓN BASICA TIMIAS NARANKAS,Fiscal,Sierra,Intercultural Bilingüe,Indígena,Shuar,Shuar,59.0,2.0,29.5
MORONA SANTIAGO,TAISHA,MACUMA,   COMUNIDAD SAN JUAN,14B00320,CECIB DE  EDUCACIÓN BÁSICA KAYAP,Fiscal,Sierra,Intercultural Bilingüe,Indígena,Shuar,Shuar,28.0,1.0,28.0
MORONA SANTIAGO,TAISHA,MACUMA,   COMUNIDAD SURITAK NUNKA,14B00281,CECIB DE EDUCACIÓN BASICA 5 DE NOVIEMBRE,Fiscal,Sierra,Intercultural Bilingüe,Indígena,Shuar,Shuar,14.0,1.0,14.0
MORONA SANTIAGO,TAISHA,MACUMA,   COMUNIDAD TIMIAS,14B00290,CECIB DE EDUCACIÓN BASICA  MIGUEL TIMIAS,Fiscal,Sierra,Intercultural Bilingüe,Indígena,Shuar,Shuar,20.0,1.0,20.0
MORONA SANTIAGO,TAISHA,MACUMA,   COMUNIDAD TRES MARIAS,14B00319,CECIB DE EDUCACIÓN BÁSICA KARAMA,Fiscal,Sierra,Intercultural Bilingüe,Indígena,Shuar,Shuar,17.0,1.0,17.0
MORONA SANTIAGO,TAISHA,MACUMA,   COMUNIDAD TUMPAIM,14B00291,CECIB DE EDUCACIÓN BÁSICA JOAQUIN NAJANDEY,Fiscal,Sierra,Intercultural Bilingüe,Indígena,Shuar,Shuar,35.0,1.0,35.0
MORONA SANTIAGO,TAISHA,MACUMA,   COMUNIDAD YAMARAM,14B00315,CECIB DE EDUCACIÓN BASICA 25 DE OCTUBRE,Fiscal,Sierra,Intercultural Bilingüe,Indígena,Shuar,Shuar,33.0,1.0,33.0
MORONA SANTIAGO,TAISHA,MACUMA,   INIAYUA,14B00309,CECIB DE EDUCACION BASICA CONDOR,Fiscal,Sierra,Intercultural Bilingüe,Indígena,Shuar,Shuar,81.0,2.0,40.5
MORONA SANTIAGO,TAISHA,MACUMA,   KANKAIM,14B00301,UNIDAD EDUCATIVA COMUNITARIA INTERCULTURAL BILINGUE ECUADOR AMAZONICO,Fiscal,Sierra,Intercultural Bilingüe,Indígena,Shuar,Shuar,443.0,19.0,23.32
MORONA SANTIAGO,TAISHA,MACUMA,   KARINK,14B00317,CECIB  DE EDUCACIÓN BÁSICA YAPU,Fiscal,Sierra,Intercultural Bilingüe,Indígena,Shuar,Shuar,14.0,1.0,14.0
MORONA SANTIAGO,TAISHA,MACUMA,   KIM,14B00287,CECIB DE  EDUCACION BASICA RAMON TIWI,Fiscal,Sierra,Intercultural Bilingüe,Indígena,Shuar,Shuar,24.0,1.0,24.0
MORONA SANTIAGO,TAISHA,MACUMA,   KUAMAR,14B00297,CECIB DE EDUCACIÓN BASICA CAPITAN MASHU,Fiscal,Sierra,Intercultural Bilingüe,Indígena,Shuar,Shuar,54.0,2.0,27.0
MORONA SANTIAGO,TAISHA,MACUMA,   KUSUTKA NORTE,14B00288,"UNIDAD EDUCATIVA COMUNITARIA INTERCULTURAL BILINGÜE ""28 DE NOVIEMBRE""",Fiscal,Sierra,Intercultural Bilingüe,Indígena,Shuar,Shuar,185.0,6.0,30.83
MORONA SANTIAGO,TAISHA,MACUMA,   LOCALIDAD (24 DE MAYO),14B00292,CECIB DE EDUCACIÓN BASICA DOMINGO TINCH,Fiscal,Sierra,Intercultural Bilingüe,Indígena,Shuar,Shuar,26.0,1.0,26.0
MORONA SANTIAGO,TAISHA,MACUMA,   LOCALIDAD CHARUS,14B00293,CECIB DE EDUCACIÓN BASICA  WISUM MANCHU MARASH,Fiscal,Sierra,Intercultural Bilingüe,Indígena,Shuar,Shuar,19.0,1.0,19.0
MORONA SANTIAGO,TAISHA,MACUMA,   LOCALIDAD KENKUIM,14B00283,CECIB DE EDUCACION BASICA JUAN UWIJINT,Fiscal,Sierra,Intercultural Bilingüe,Indígena,Shuar,Shuar,14.0,1.0,14.0
MORONA SANTIAGO,TAISHA,MACUMA,   LOCALIDAD MACUMA,14B00328,UNIDAD EDUCATIVA COMUNITARIA INTERCULTURAL BILINGÜE ANTONIO SAMANIEGO,Fiscal,Sierra,Intercultural Bilingüe,Indígena,Shuar,Shuar,528.0,23.0,22.96
MORONA SANTIAGO,TAISHA,MACUMA,   LOCALIDAD NAYANTS,14B00294,CECIB  DE EDUCACIÓN BASICA NAYANTS,Fiscal,Sierra,Intercultural Bilingüe,Indígena,Shuar,Shuar,23.0,1.0,23.0
MORONA SANTIAGO,TAISHA,MACUMA,   LOCALIDAD SHIMPIM,14B00285,CECIB DE EDUCACIÓN BASICA SANCHIM,Fiscal,Sierra,Intercultural Bilingüe,Indígena,Shuar,Shuar,25.0,1.0,25.0
MORONA SANTIAGO,TAISHA,MACUMA,   LOCALIDAD TUNANTS,14B00279,CECIB  DE EDUCACION BASICA FRANCISCO DROWN,Fiscal,Sierra,Intercultural Bilingüe,Indígena,Shuar,Shuar,136.0,5.0,27.2
MORONA SANTIAGO,TAISHA,MACUMA,   MAMAYAK,14B00312,CECIB DE EDUCACIÓN BASICA RIO PASTAZA,Fiscal,Sierra,Intercultural Bilingüe,Indígena,Shuar,Shuar,73.0,3.0,24.33
MORONA SANTIAGO,TAISHA,MACUMA,   MUTINTS,14B00303,CECIB DE EDUCACIÓN BASICA MUTI,Fiscal,Sierra,Intercultural Bilingüe,Indígena,Shuar,Shuar,9.0,1.0,9.0
MORONA SANTIAGO,TAISHA,MACUMA,NINGUNO 2 NINGUNO ,14B00491,CECIB  DE EDUCACION BASICA PEDRO KANUS,Fiscal,Sierra,Intercultural Bilingüe,Indígena,Shuar,Shuar,13.0,1.0,13.0
MORONA SANTIAGO,TAISHA,MACUMA,   SAN FRANCISCO,14B00299,CECIB DE EDUCACION BASICA  MITIAP,Fiscal,Sierra,Intercultural Bilingüe,Indígena,Shuar,Shuar,24.0,1.0,24.0
MORONA SANTIAGO,TAISHA,MACUMA,   SAN PEDRO,14B00302,CECIB  DE  EDUCACIÓN BASICA KAYANT  ENTSA,Fiscal,Sierra,Intercultural Bilingüe,Indígena,Shuar,Shuar,11.0,1.0,11.0
MORONA SANTIAGO,TAISHA,MACUMA,   TAMANTS,14B00289,CECIB DE EDUCACIÓN BASICA  RIO KANK,Fiscal,Sierra,Intercultural Bilingüe,Indígena,Shuar,Shuar,16.0,1.0,16.0
MORONA SANTIAGO,TAISHA,MACUMA,   TASHAP,14B00300,CECIB DE EDUCACIÓN BASICA RIO KANKAIM,Fiscal,Sierra,Intercultural Bilingüe,Indígena,Shuar,Shuar,67.0,2.0,33.5
MORONA SANTIAGO,TAISHA,MACUMA,   TINCHI,14B00298,CECIB DE EDUCACIÓN BASICA CHINKIAMAI,Fiscal,Sierra,Intercultural Bilingüe,Indígena,Shuar,Shuar,34.0,1.0,34.0
MORONA SANTIAGO,TAISHA,MACUMA,   TSUNKI,14B00313,CECIB DE EDUCACIÓN BÁSICA 7  DE  MAYO,Fiscal,Sierra,Intercultural Bilingüe,Indígena,Shuar,Shuar,39.0,1.0,39.0
MORONA SANTIAGO,TAISHA,MACUMA,   WISUI,14B00308,CECIB  DE EDUCACIÓN BASICA WISUI,Fiscal,Sierra,Intercultural Bilingüe,Indígena,Shuar,Shuar,15.0,1.0,15.0
MORONA SANTIAGO,TAISHA,MACUMA,   YAMPUNA NORTE,14B00311,CECIB DE EDUCACION BASICA SHARUP AYUY,Fiscal,Sierra,Intercultural Bilingüe,Indígena,Shuar,Shuar,22.0,1.0,22.0
MORONA SANTIAGO,TAISHA,MACUMA,   YAMPUNA SUR,14B00295,CECIB  DE EDUCACIÓN BÁSICA ELOY SAANT,Fiscal,Sierra,Intercultural Bilingüe,Indígena,Shuar,Shuar,20.0,1.0,20.0
MORONA SANTIAGO,TAISHA,MACUMA,   YUWINTS,14B00307,UNIDAD EDUCATIVA COMUNITARIA INTERCULTURAL BILINGÜE RIO NAPO,Fiscal,Sierra,Intercultural Bilingüe,Indígena,Shuar,Shuar,70.0,3.0,23.33
MORONA SANTIAGO,TAISHA,TAISHA,   COMUNIDAD CHANKUAP,14B00230,CECIB  DE  EDUCACIÓN BASICA AMUNTAI,Fiscal,Sierra,Intercultural Bilingüe,Indígena,Shuar,Shuar,41.0,1.0,41.0
MORONA SANTIAGO,TAISHA,TAISHA,   COMUNIDAD CHIARENTSA,14B00214,CECIB DE EDUCACIÓN  BASICA ARUTAM,Fiscal,Sierra,Intercultural Bilingüe,Indígena,Shuar,Shuar,177.0,6.0,29.5
MORONA SANTIAGO,TAISHA,TAISHA,   COMUNIDAD ISHPINK,14B00235,CECIB  DE  EDUCACIÓN  BASICA  RAFAEL  WAJAI,Fiscal,Sierra,Intercultural Bilingüe,Indígena,Shuar,Shuar,66.0,2.0,33.0
MORONA SANTIAGO,TAISHA,TAISHA,   COMUNIDAD JIMIARA ENTSA,14B00216,CECIB  DE  EDUCACIÓN  BASICA JUANK,Fiscal,Sierra,Intercultural Bilingüe,Indígena,Shuar,Shuar,98.0,4.0,24.5
MORONA SANTIAGO,TAISHA,TAISHA,   COMUNIDAD KANKAIM SUR,14B00225,CECIB  DE  EDUCACIÓN BASICA SAN FRANCISCO,Fiscal,Sierra,Intercultural Bilingüe,Indígena,Shuar,Shuar,41.0,2.0,20.5
MORONA SANTIAGO,TAISHA,TAISHA,   COMUNIDAD KIIKINTS,14B00229,CECIB  DE EDUCACION BASICA SAN ANTONIO,Fiscal,Sierra,Intercultural Bilingüe,Indígena,Shuar,Shuar,50.0,1.0,50.0
MORONA SANTIAGO,TAISHA,TAISHA,   COMUNIDAD KUSEANTS,14B00233,YAMAINCH,Fiscal,Sierra,Intercultural Bilingüe,Indígena,Shuar,Shuar,40.0,2.0,20.0
MORONA SANTIAGO,TAISHA,TAISHA,   COMUNIDAD MASHU,14B00226,CECIB DE EDUCACIÓN BÁSICA ETSAKUA,Fiscomisional,Sierra,Intercultural Bilingüe,Indígena,Shuar,Shuar,30.0,1.0,30.0
MORONA SANTIAGO,TAISHA,TAISHA,   COMUNIDAD NAAMENTSA,14B00224,CECIB DE EDUCACION BASICA PURISIMA,Fiscomisional,Sierra,Intercultural Bilingüe,Indígena,Shuar,Shuar,38.0,2.0,19.0
MORONA SANTIAGO,TAISHA,TAISHA,   COMUNIDAD NUPI,14B00211,CECIB DE EDUCACION BASICA SHAKAIM,Fiscal,Sierra,Intercultural Bilingüe,Indígena,Shuar,Shuar,33.0,1.0,33.0
MORONA SANTIAGO,TAISHA,TAISHA,   COMUNIDAD PANKI,14B00215,CECIB DE EDUCACIÓN BASICA  JIMPIKIT,Fiscomisional,Sierra,Intercultural Bilingüe,Indígena,Shuar,Shuar,53.0,2.0,26.5
MORONA SANTIAGO,TAISHA,TAISHA,   COMUNIDAD PITIUR,14B00213,CECIB  DE  EDUCACIÓN BASICA TSAWANT,Fiscomisional,Sierra,Intercultural Bilingüe,Indígena,Shuar,Shuar,20.0,1.0,20.0
MORONA SANTIAGO,TAISHA,TAISHA,   COMUNIDAD SAN MIGUEL,14B00232,CECIB DE  EDUCACION BASICA SANTA TERESITA,Fiscal,Sierra,Intercultural Bilingüe,Indígena,Shuar,Shuar,18.0,1.0,18.0
MORONA SANTIAGO,TAISHA,TAISHA,   COMUNIDAD SANTA ROSA,14B00231,SHAKAI,Fiscal,Sierra,Intercultural Bilingüe,Indígena,Shuar,Shuar,5.0,1.0,5.0
MORONA SANTIAGO,TAISHA,TAISHA,   COMUNIDAD SHINKIATAM,14B00228,UNIDAD EDUCATIVA COMUNITARIA INTERCULTURAL BILINGÜE AYUMPUM,Fiscal,Sierra,Intercultural Bilingüe,Indígena,Shuar,Shuar,329.0,15.0,21.93
MORONA SANTIAGO,TAISHA,TAISHA,   COMUNIDAD WAMPIM SAN LUIS,14B00222,CECIB DE EDUCACIÓN BÁSICA ETSA,Fiscal,Sierra,Intercultural Bilingüe,Indígena,Shuar,Shuar,122.0,3.0,40.67
MORONA SANTIAGO,TAISHA,TAISHA,   COMUNIDAD WAWAIM,14B00210,CECIB DE EDUCACIÓN BASICA CHUJI,Fiscomisional,Sierra,Intercultural Bilingüe,Indígena,Shuar,Shuar,50.0,2.0,25.0
MORONA SANTIAGO,TAISHA,TAISHA,   COMUNIDAD YAJINTS,14B00054,CECIB DE EDUCACION BASICA RUBEN SAANT,Fiscal,Sierra,Intercultural Bilingüe,Indígena,Shuar,Shuar,4.0,1.0,4.0
MORONA SANTIAGO,TAISHA,TAISHA,   COMUNIDAD YUNKUAPAIS,14B00217,CECIB  DE  EDUCACIÓN BASICA YUWINTS,Fiscal,Sierra,Intercultural Bilingüe,Indígena,Shuar,Shuar,96.0,3.0,32.0
MORONA SANTIAGO,TAISHA,TAISHA,   PIMPINTS,14B00220,UNIDAD EDUCATIVA COMUNITARIA INTERCULTURAL BILINGUE NUNKUI,Fiscal,Sierra,Intercultural Bilingüe,Indígena,Shuar,Shuar,286.0,14.0,20.43
MORONA SANTIAGO,TAISHA,TAISHA,   ROBERTO TAISH Y 8 DE MARZO,14H00421,UNIDAD EDUCATIVA TAISHA,Fiscal,Sierra,Intercultural,Indígena,Shuar,Shuar,1001.0,43.0,23.28
MORONA SANTIAGO,TAISHA,TAISHA,   SAN ANTONIO,14B00221,CECIB DE EDUCACIÓN BASICA SAN RAMON,Fiscal,Sierra,Intercultural Bilingüe,Indígena,Shuar,Shuar,35.0,1.0,35.0
MORONA SANTIAGO,TAISHA,TAISHA,   SAN JOSE TAISHA,14B00223,UNIDAD EDUCATIVA COMUNITARIA INTERCULTURAL BILINGÜE LOS ANGELES,Fiscal,Sierra,Intercultural Bilingüe,Indígena,Shuar,Shuar,213.0,14.0,15.21
MORONA SANTIAGO,TAISHA,TAISHA,   TINTIUK ENTSA,14B00218,CECIB DE EDUCACIÓN BÁSICA SUKU,Fiscal,Sierra,Intercultural Bilingüe,Indígena,Shuar,Shuar,101.0,4.0,25.25
MORONA SANTIAGO,TAISHA,TAISHA,   WACHAPA,14B00234,CECIB DE  EDUCACIÓN BASICA MARIA AUXILIADORA,Fiscal,Sierra,Intercultural Bilingüe,Indígena,Shuar,Shuar,55.0,2.0,27.5
MORONA SANTIAGO,TAISHA,TUUTINENTZA,   COMUNIDAD ANKUASH,14B00350,CECIB  DE EDUCACIÓN BASICA SAN JOSE,Fiscal,Sierra,Intercultural Bilingüe,Indígena,Shuar,Shuar,27.0,1.0,27.0
MORONA SANTIAGO,TAISHA,TUUTINENTZA,   COMUNIDAD DOS LAGUNAS,14B00330,CECIB DE EDUCACIÓN BASICA SHIRAM,Fiscal,Sierra,Intercultural Bilingüe,Indígena,Shuar,Shuar,25.0,1.0,25.0
MORONA SANTIAGO,TAISHA,TUUTINENTZA,   COMUNIDAD ETSA,14B00351,UNIDAD EDUCATIVA SAN MIGUEL,Fiscal,Sierra,Intercultural Bilingüe,Indígena,Shuar,Shuar,113.0,6.0,18.83
MORONA SANTIAGO,TAISHA,TUUTINENTZA,   COMUNIDAD INIAYUA,14B00332,CECIB DE EDUCACIÓN BASICA MAAM,Fiscal,Sierra,Intercultural Bilingüe,Indígena,Shuar,Shuar,35.0,1.0,35.0
MORONA SANTIAGO,TAISHA,TUUTINENTZA,   COMUNIDAD KAPITIAN,14B00457,CECIB DE EDUCACIÓN BASICA CHIRIAP,Fiscal,Sierra,Intercultural Bilingüe,Indígena,Shuar,Shuar,43.0,1.0,43.0
MORONA SANTIAGO,TAISHA,TUUTINENTZA,   COMUNIDAD NUEVO ISRAEL,14B00338,CECIB DE EDUCACIÓN BÁSICA MASHINKIASH,Fiscal,Sierra,Intercultural Bilingüe,Indígena,Shuar,Shuar,22.0,1.0,22.0
MORONA SANTIAGO,TAISHA,TUUTINENTZA,   COMUNIDAD NUNKUINUNKA,14B00366,CECIB DE EDUCACIÓN BÁSICA SHIKI,Fiscomisional,Sierra,Intercultural Bilingüe,Indígena,Shuar,Shuar,69.0,2.0,34.5
MORONA SANTIAGO,TAISHA,TUUTINENTZA,   COMUNIDAD PAMPANTS,14B00458,CECIB  DE EDUCACION BASICA  RIO PANKI,Fiscal,Sierra,Intercultural Bilingüe,Indígena,Shuar,Shuar,141.0,5.0,28.2
MORONA SANTIAGO,TAISHA,TUUTINENTZA,   COMUNIDAD PUKAR,14B00340,CECIB DE EDUCACIÓN BASICA MARCOS NUNINK,Fiscal,Sierra,Intercultural Bilingüe,Indígena,Shuar,Shuar,27.0,1.0,27.0
MORONA SANTIAGO,TAISHA,TUUTINENTZA,   COMUNIDAD SAN PABLO,14B00440,CECIB DE EDUCACIÓN BÁSICA RIO SAMIKIM,Fiscal,Sierra,Intercultural Bilingüe,Indígena,Shuar,Shuar,17.0,1.0,17.0
MORONA SANTIAGO,TAISHA,TUUTINENTZA,   COMUNIDAD SHIRAMENTSA,14B00352,CECIB DE EDUCACIÓN BASICA DON BOSCO,Fiscal,Sierra,Intercultural Bilingüe,Indígena,Shuar,Shuar,99.0,3.0,33.0
MORONA SANTIAGO,TAISHA,TUUTINENTZA,   COMUNIDAD SHUAR CHIARMACH,14B00356,CECIB DE EDUCACIÓN BASICA ANTUN,Fiscal,Sierra,Intercultural Bilingüe,Indígena,Shuar,Shuar,80.0,3.0,26.67
MORONA SANTIAGO,TAISHA,TUUTINENTZA,   COMUNIDAD SHUAR CHIWIAS - TAISHA,14B00361,CECIB DE EDUCACION BASICA SAN JUAN,Fiscal,Sierra,Intercultural Bilingüe,Indígena,Shuar,Shuar,65.0,2.0,32.5
MORONA SANTIAGO,TAISHA,TUUTINENTZA,   COMUNIDAD TSENTSAKENTSA,14B00346,CECIB DE EDUCACION BASICA SHIMPIUKAT,Fiscal,Sierra,Intercultural Bilingüe,Indígena,Shuar,Shuar,85.0,3.0,28.33
MORONA SANTIAGO,TAISHA,TUUTINENTZA,   COMUNIDAD TUNTIAK,14B00455,CECIB DE EDUCACION BASICA MARIA JUSA,Fiscal,Sierra,Intercultural Bilingüe,Indígena,Shuar,Shuar,68.0,2.0,34.0
MORONA SANTIAGO,TAISHA,TUUTINENTZA,   COMUNIDAD TUUTINENTSA,14B00367,UNIDAD EDUCATIVA COMUNITARIA INTERCULTURAL BILINGÜE TUUTINENTSA,Fiscal,Sierra,Intercultural Bilingüe,Indígena,Shuar,Shuar,515.0,18.0,28.61
MORONA SANTIAGO,TAISHA,TUUTINENTZA,   COMUNIDAD WARINTS,14B00336,CECIB DE EDUCACIÓN BASICA BENJAMIN YUMA,Fiscal,Sierra,Intercultural Bilingüe,Indígena,Shuar,Shuar,28.0,1.0,28.0
MORONA SANTIAGO,TAISHA,TUUTINENTZA,   COMUNIDAD YAAS-NUNKA,14B00359,UNIDAD EDUCATIVA COMUNITARIA INTERCULTURAL BILINGÜE YAAS-NUNKA,Fiscal,Sierra,Intercultural Bilingüe,Indígena,Shuar,Shuar,135.0,8.0,16.88
MORONA SANTIAGO,TAISHA,TUUTINENTZA,   COMUNIDAD YAMANUNKA,14B00362,UNIDAD EDUCATIVA COMUNITARIA INTERCULTURAL BILINGÜE KANUS,Fiscal,Sierra,Intercultural Bilingüe,Indígena,Shuar,Shuar,176.0,10.0,17.6
MORONA SANTIAGO,TAISHA,TUUTINENTZA,   COMUNIDAD YAWANTS,14B00355,CECIB DE EDUCACIÓN BÁSICA TUNTUAM,Fiscal,Sierra,Intercultural Bilingüe,Indígena,Shuar,Shuar,56.0,2.0,28.0
MORONA SANTIAGO,TAISHA,TUUTINENTZA,   JEMPENTS,14B00348,CECIB DE EDUCACIÓN BASICA YAMPIK,Fiscal,Sierra,Intercultural Bilingüe,Indígena,Shuar,Shuar,72.0,2.0,36.0
MORONA SANTIAGO,TAISHA,TUUTINENTZA,   KAPANTINENTSA,14B00353,CECIB DE EDUCACIÓN BASICA ANTONIO WAMPUTSRIK,Fiscal,Sierra,Intercultural Bilingüe,Indígena,Shuar,Shuar,85.0,3.0,28.33
MORONA SANTIAGO,TAISHA,TUUTINENTZA,   KASHAINTS,14B00331,CECIB DE EDUCACIÓN BASICA ANTONIO CHUMAP,Fiscal,Sierra,Intercultural Bilingüe,Indígena,Shuar,Shuar,65.0,1.0,65.0
MORONA SANTIAGO,TAISHA,TUUTINENTZA,   KUSUIM,14B00342,CECIB DE EDUCACIÓN BÁSICA RIO KUSUIM,Fiscal,Sierra,Intercultural Bilingüe,Indígena,Shuar,Shuar,64.0,2.0,32.0
MORONA SANTIAGO,TAISHA,TUUTINENTZA,   KUSUTKA SUR,14B00363,CECIB DE EDUCACIÓN BÁSICA KUAKASH,Fiscal,Sierra,Intercultural Bilingüe,Indígena,Shuar,Shuar,40.0,1.0,40.0
MORONA SANTIAGO,TAISHA,TUUTINENTZA,   NAIKIMENTSA,14B00357,CECIB DE EDUCACIÓN BASICA NARANKAS,Fiscomisional,Sierra,Intercultural Bilingüe,Indígena,Shuar,Shuar,45.0,2.0,22.5
MORONA SANTIAGO,TAISHA,TUUTINENTZA,   NAYANTS,14B00335,CECIB DE EDUCACIÓN BASICA ASAP,Fiscal,Sierra,Intercultural Bilingüe,Indígena,Shuar,Shuar,109.0,3.0,36.33
MORONA SANTIAGO,TAISHA,TUUTINENTZA,PUTUIM  PUTUIM ,14B00337,CECIB DE EDUCACIÓN BASICA WAJARAI,Fiscal,Sierra,Intercultural Bilingüe,Indígena,Shuar,Shuar,72.0,3.0,24.0
MORONA SANTIAGO,TAISHA,TUUTINENTZA,   PUTUNTS,14B00354,CECIB  DE  EDUCACION BASICA WATINK,Fiscal,Sierra,Intercultural Bilingüe,Indígena,Shuar,Shuar,84.0,3.0,28.0
MORONA SANTIAGO,TAISHA,TUUTINENTZA,   SHAINKIAM,14B00339,CECIB DE EDUCACIÓN BÁSICA SANTA ISABEL,Fiscal,Sierra,Intercultural Bilingüe,Indígena,Shuar,Shuar,53.0,2.0,26.5
MORONA SANTIAGO,TAISHA,TUUTINENTZA,   TSEREMP,14B00344,CECIB DE  EDUCACIÓN BÁSICA 9 DE OCTUBRE,Fiscal,Sierra,Intercultural Bilingüe,Indígena,Shuar,Shuar,30.0,1.0,30.0
MORONA SANTIAGO,TAISHA,TUUTINENTZA,   TUKUP,14B00334,UNIDAD EDUCATIVA COMUNITARIA INTERCULTURAL BILINGÜE CESAR TUKUP,Fiscal,Sierra,Intercultural Bilingüe,Indígena,Shuar,Shuar,185.0,10.0,18.5
MORONA SANTIAGO,TAISHA,TUUTINENTZA,   YURANK,14B00329,CECIB DE EDUCACIÓN BÁSICA MAYOR BOLIVAR GALLARDO,Fiscal,Sierra,Intercultural Bilingüe,Indígena,Shuar,Shuar,65.0,3.0,21.67
MORONA SANTIAGO,TIWINTZA,SAN JOSE DE MORONA,   CENTRO KASHPAIM,14B00435,CECIB DE EDUCACIÓN BÁSICA OTTO RIEDMAYER,Fiscal,Sierra,Intercultural Bilingüe,Indígena,Shuar,Shuar,101.0,4.0,25.25
MORONA SANTIAGO,TIWINTZA,SAN JOSE DE MORONA,   CHAU,14B00437,CECIB DE EDUCACIÓN BÁSICA SANTA ANA,Fiscal,Sierra,Intercultural Bilingüe,Indígena,Shuar,Shuar,72.0,3.0,24.0
MORONA SANTIAGO,TIWINTZA,SAN JOSE DE MORONA,   COMUNIDAD ACHUNTS,14B00438,CECIB DE EDUCACIÓN BÁSICA ROBERTO SHARIAN,Fiscal,Sierra,Intercultural Bilingüe,Indígena,Shuar,Shuar,82.0,3.0,27.33
MORONA SANTIAGO,TIWINTZA,SAN JOSE DE MORONA,   COMUNIDAD KAANK GRANDE,14B00064,CECIB DE EDUCACIÓN BÁSICA SHAIM,Fiscal,Sierra,Intercultural Bilingüe,Indígena,Shuar,Shuar,31.0,1.0,31.0
MORONA SANTIAGO,TIWINTZA,SAN JOSE DE MORONA,   COMUNIDAD KAYAMAS,14B00063,CECIB DE EDUCACIÓN BÁSICA ANKUASH,Fiscal,Sierra,Intercultural Bilingüe,Indígena,Shuar,Shuar,72.0,2.0,36.0
MORONA SANTIAGO,TIWINTZA,SAN JOSE DE MORONA,   COMUNIDAD  SAN JUAN,14B00426,CECIB DE EDUCACIÓN BÁSICA ALBINO MANKASH,Fiscal,Sierra,Intercultural Bilingüe,Indígena,Shuar,Shuar,10.0,1.0,10.0
MORONA SANTIAGO,TIWINTZA,SAN JOSE DE MORONA,   COMUNIDAD SHAKAIM,14B00433,CECIB DE EDUCACIÓN BÁSICA SAN ANTONIO,Fiscal,Sierra,Intercultural Bilingüe,Indígena,Shuar,Shuar,26.0,1.0,26.0
MORONA SANTIAGO,TIWINTZA,SAN JOSE DE MORONA,   GONZALO MUKUIMP,14B00509,CECIB DE EDUCACIÓN BÁSICA TIRIATS,Fiscal,Sierra,Intercultural Bilingüe,Indígena,Shuar,Shuar,7.0,1.0,7.0
MORONA SANTIAGO,TIWINTZA,SAN JOSE DE MORONA,   JEMPEKAT,14B00400,CECIB DE EDUCACIÓN BÁSICA SAN JUAN BOSCO,Fiscal,Sierra,Intercultural Bilingüe,Indígena,Shuar,Shuar,132.0,4.0,33.0
MORONA SANTIAGO,TIWINTZA,SAN JOSE DE MORONA,   PANINTS,14B00470,UNIDAD EDUCATIVA COMUNITARIA INTERCULTURAL BILINGÜE PANINTS,Fiscal,Sierra,Intercultural Bilingüe,Indígena,Shuar,Shuar,321.0,17.0,18.88
MORONA SANTIAGO,TIWINTZA,SAN JOSE DE MORONA,   RIO AMAZONAS,14B00062,CECIB DE EDUCACIÓN BÁSICA CHURAI,Fiscal,Sierra,Intercultural Bilingüe,Indígena,Shuar,Shuar,17.0,1.0,17.0
MORONA SANTIAGO,TIWINTZA,SAN JOSE DE MORONA,   SAMIK,14B00436,CECIB DE EDUCACIÓN BÁSICA 24 DE OCTUBRE,Fiscal,Sierra,Intercultural Bilingüe,Indígena,Shuar,Shuar,45.0,1.0,45.0
MORONA SANTIAGO,TIWINTZA,SAN JOSE DE MORONA,   SAN PEDRO,14B00439,CECIB DE EDUCACIÓN BÁSICA RIO MANKUSAS,Fiscal,Sierra,Intercultural Bilingüe,Indígena,Shuar,Shuar,68.0,2.0,34.0
MORONA SANTIAGO,TIWINTZA,SAN JOSE DE MORONA,   SURITIAK,14B00425,CECIB DE EDUCACION BASICA NATALIA CHIRIAP,Fiscal,Sierra,Intercultural Bilingüe,Indígena,Shuar,Shuar,58.0,2.0,29.0
MORONA SANTIAGO,TIWINTZA,SANTIAGO,   CASERIO / MAYAIK,14B00421,CECIB DE EDUCACIÓN BÁSICA DOCE DE OCTUBRE,Fiscal,Sierra,Intercultural Bilingüe,Indígena,Shuar,Shuar,76.0,3.0,25.33
MORONA SANTIAGO,TIWINTZA,SANTIAGO,   CENTRO SAN LUIS,14B00420,CECIB DE EDUCACIÓN BÁSICA SOLDADO PILCO,Fiscal,Sierra,Intercultural Bilingüe,Indígena,Shuar,Shuar,62.0,2.0,31.0
MORONA SANTIAGO,TIWINTZA,SANTIAGO,   CHICHIS,14B00409,CECIB DE EDUCACIÓN BÁSICA SAN PEDRO,Fiscal,Sierra,Intercultural Bilingüe,Indígena,Shuar,Shuar,14.0,1.0,14.0
MORONA SANTIAGO,TIWINTZA,SANTIAGO,   CHIMIUS CASERIO,14B00419,CECIB DE EDUCACIÓN BÁSICA SANTA TERESA,Fiscal,Sierra,Intercultural Bilingüe,Indígena,Shuar,Shuar,79.0,3.0,26.33
MORONA SANTIAGO,TIWINTZA,SANTIAGO,   COMUNIDAD CHINKIANAS,14B00418,CECIB DE EDUCACIÓN BÁSICA FISCOMISIONAL MARIA TERESA SHUIR,Fiscomisional,Sierra,Intercultural Bilingüe,Indígena,Shuar,Shuar,31.0,1.0,31.0
MORONA SANTIAGO,TIWINTZA,SANTIAGO,   COMUNIDAD KAPISUNK,14B00416,CECIB DE EDUCACIÓN BÁSICA FISCOMISIONAL UNKUCH,Fiscomisional,Sierra,Intercultural Bilingüe,Indígena,Shuar,Shuar,43.0,2.0,21.5
MORONA SANTIAGO,TIWINTZA,SANTIAGO,   COMUNIDAD KUSUNTS,14B00404,CECIB DE EDUCACIÓN BÁSICA SANTA ISABEL,Fiscal,Sierra,Intercultural Bilingüe,Indígena,Shuar,Shuar,10.0,1.0,10.0
MORONA SANTIAGO,TIWINTZA,SANTIAGO,   COMUNIDAD PAANTAN REUBICADA  AL CENTRO SHUAR SAN VICENTE,14B00422,CECIB DE EDUCACIÓN BÁSICA FISCOMISIONAL YAMPIS,Fiscomisional,Sierra,Intercultural Bilingüe,Indígena,Shuar,Shuar,18.0,1.0,18.0
MORONA SANTIAGO,TIWINTZA,SANTIAGO,   KAPUTNA,14B00413,CECIB DE EDUCACIÓN BÁSICA TUNKI,Fiscal,Sierra,Intercultural Bilingüe,Indígena,Shuar,Shuar,23.0,1.0,23.0
MORONA SANTIAGO,TIWINTZA,SANTIAGO,   KIIM,14B00417,CECIB DE EDUCACIÓN BÁSICA SANTA ROSA,Fiscal,Sierra,Intercultural Bilingüe,Indígena,Shuar,Shuar,31.0,1.0,31.0
MORONA SANTIAGO,TIWINTZA,SANTIAGO,   KUSHAPUK,14B00403,CECIB DE EDUCACIÓN BÁSICA TIWIRAM,Fiscal,Sierra,Intercultural Bilingüe,Indígena,Shuar,Shuar,120.0,6.0,20.0
MORONA SANTIAGO,TIWINTZA,SANTIAGO,   KUSUMAS,14B00423,CECIB DE EDUCACIÓN BÁSICA CORDILLERA KUSUMAS,Fiscal,Sierra,Intercultural Bilingüe,Indígena,Shuar,Shuar,95.0,4.0,23.75
MORONA SANTIAGO,TIWINTZA,SANTIAGO,   NANTIP,14B00412,CECIB DE EDUCACIÓN BÁSICA FISCOMISIONAL WAMPA NAINT,Fiscomisional,Sierra,Intercultural Bilingüe,Indígena,Shuar,Shuar,12.0,1.0,12.0
MORONA SANTIAGO,TIWINTZA,SANTIAGO,   PALOMINO,14B00401,CECIB DE EDUCACIÓN BÁSICA SANTA JUANITA,Fiscal,Sierra,Intercultural Bilingüe,Indígena,Shuar,Shuar,20.0,1.0,20.0
MORONA SANTIAGO,TIWINTZA,SANTIAGO,   PEÑAS,14B00407,CECIB DE EDUCACIÓN BÁSICA 27 DE FEBRERO,Fiscal,Sierra,Intercultural Bilingüe,Indígena,Shuar,Shuar,119.0,4.0,29.75
MORONA SANTIAGO,TIWINTZA,SANTIAGO,   PITIU,14B00485,CECIB DE EDUCACIÓN BÁSICA RAFAEL PIRUCHKUN,Fiscal,Sierra,Intercultural Bilingüe,Indígena,Kichwa,Chibuleo,18.0,1.0,18.0
MORONA SANTIAGO,TIWINTZA,SANTIAGO,   SANTIAGO,14B00398,UNIDAD EDUCATIVA JAIME ROLDOS AGUILERA,Fiscal,Sierra,Intercultural Bilingüe,Indígena,Shuar,Shuar,392.0,22.0,17.82
MORONA SANTIAGO,TIWINTZA,SANTIAGO,   SURITIAK,14B00484,CECIB DE EDUCACIÓN BÁSICA FLOR DEL ORIENTE,Fiscal,Sierra,Intercultural Bilingüe,Indígena,Shuar,Shuar,28.0,1.0,28.0
MORONA SANTIAGO,TIWINTZA,SANTIAGO,   TAYUNTS CASERIO,14B00415,CECIB DE EDUCACIÓN BÁSICA NAMPIR,Fiscal,Sierra,Intercultural Bilingüe,Indígena,Shuar,Shuar,57.0,2.0,28.5
MORONA SANTIAGO,TIWINTZA,SANTIAGO,   TSAPA,14B00410,CECIB DE EDUCACIÓN BÁSICA RIO SANTIAGO,Fiscal,Sierra,Intercultural Bilingüe,Indígena,Shuar,Shuar,38.0,2.0,19.0
MORONA SANTIAGO,TIWINTZA,SANTIAGO,   TSUIS,14B00411,CECIB DE EDUCACIÓN BÁSICA SANTA CARMEN,Fiscal,Sierra,Intercultural Bilingüe,Indígena,Shuar,Shuar,41.0,2.0,20.5
MORONA SANTIAGO,TIWINTZA,SANTIAGO,   WUAJE,14B00408,CECIB DE EDUCACIÓN BÁSICA TENTETS,Fiscal,Sierra,Intercultural Bilingüe,Indígena,Shuar,Shuar,17.0,1.0,17.0
MORONA SANTIAGO,TIWINTZA,SANTIAGO,   YAPAPAS,14B00399,CECIB DE EDUCACIÓN BÁSICA SAN JOSE,Fiscal,Sierra,Intercultural Bilingüe,Indígena,Shuar,Shuar,35.0,1.0,35.0
MORONA SANTIAGO,TIWINTZA,SANTIAGO,   YUKIANKAS,14B00405,CECIB DE EDUCACIÓN BÁSICA FISCOMISIONAL ANKUASH,Fiscomisional,Sierra,Intercultural Bilingüe,Indígena,Shuar,Shuar,17.0,1.0,17.0
MORONA SANTIAGO,TIWINTZA,SANTIAGO,   YUMISIM  LOCALIDAD,14B00414,CECIB DE EDUCACIÓN BÁSICA CHIRIAP,Fiscal,Sierra,Intercultural Bilingüe,Indígena,Shuar,Shuar,87.0,3.0,29.0
NAPO,ARCHIDONA,ARCHIDONA,   CAMUNIDAD MANDURO YACU,15B00118,LEONARDO ALVARADO,Fiscal,Sierra,Intercultural Bilingüe,Indígena,Kichwa,kichwa-Amazonia,48.0,3.0,16.0
NAPO,ARCHIDONA,ARCHIDONA,   COMUNIDAD BATAN COCHA 2 KM Y MEDIO,15B00117,NINA RUMI,Fiscal,Sierra,Intercultural Bilingüe,Indígena,Kichwa,kichwa-Amazonia,30.0,3.0,10.0
NAPO,ARCHIDONA,ARCHIDONA,   COMUNIDAD RUMIPAMBA VIA ARCHIDONA COTUNDO KM 3,15B00119,WAMI,Fiscal,Sierra,Intercultural Bilingüe,Indígena,Kichwa,kichwa-Amazonia,22.0,2.0,11.0
NAPO,ARCHIDONA,ARCHIDONA,   COMUNIDAD YAWAR URKU           KM UNO Y MEDIO         VIA BAEZA- QUITO,15B00114,YAWARI,Fiscal,Sierra,Intercultural Bilingüe,Indígena,Kichwa,kichwa-Amazonia,172.0,16.0,10.75
NAPO,ARCHIDONA,ARCHIDONA,   SANTA RITA,15B00122,UNIDAD EDUCATIVA COMUNITARIA INTERCULTURAL BILINGÜE BARTOLOME MARIN,Fiscal,Sierra,Intercultural Bilingüe,Indígena,Kichwa,kichwa-Amazonia,235.0,18.0,13.06
NAPO,ARCHIDONA,COTUNDO,   CENTRO SHIGUANGO,15B00135,KINTI,Fiscal,Sierra,Intercultural Bilingüe,Indígena,Kichwa,kichwa-Amazonia,30.0,2.0,15.0
NAPO,ARCHIDONA,COTUNDO,   Comunidad 10 de Agosto Via Loreto-Coca,15B00125,UNIDAD EDUCATIVA COMUNITARIA INTERCULTURAL BILINGÜE ALMINDARIS,Fiscal,Sierra,Intercultural Bilingüe,Indígena,Kichwa,kichwa-Amazonia,253.0,19.0,13.32
NAPO,ARCHIDONA,COTUNDO,   COMUNIDAD MUSHUK LLAKTA  VIA HOLLIN  COCA MAGEN  DERECHO,15B00128,CECIB KARY GALERA,Fiscal,Sierra,Intercultural Bilingüe,Indígena,Kichwa,kichwa-Amazonia,11.0,1.0,11.0
NAPO,ARCHIDONA,COTUNDO,   COMUNIDAD SHAMATO VIA BAEZA QUITO KM 18 MARG IZQ,15B00134,KILLU AKWA,Fiscal,Sierra,Intercultural Bilingüe,Indígena,Kichwa,kichwa-Amazonia,11.0,1.0,11.0
NAPO,ARCHIDONA,COTUNDO,   KM 10 COMUNIDAD MANDAYACU,15B00137,UNIDAD EDUCATIVA COMUNITARIA INTERCULTURAL BILINGÜE MONDAYACU,Fiscal,Sierra,Intercultural Bilingüe,Indígena,Kichwa,kichwa-Amazonia,213.0,19.0,11.21
NAPO,ARCHIDONA,COTUNDO,   PAPANKU VIA ARCHIDONA - LORETO - COCA  KM 99  A LA MARGEN DERRECHA  A LA ENTRADA DE GALERAS,15B00127,UNIDAD EDUCATIVA COMUNIT INTERCULT BILINGUE MIGUEL TUNAY,Fiscal,Sierra,Intercultural Bilingüe,Indígena,Kichwa,kichwa-Amazonia,143.0,13.0,11.0
NAPO,ARCHIDONA,COTUNDO,   PUMA URCU,15B00123,PUMA URCU,Fiscal,Sierra,Intercultural Bilingüe,Indígena,Kichwa,kichwa-Amazonia,65.0,3.0,21.67
NAPO,ARCHIDONA,COTUNDO,   SAN FRANCISCO DE COTUNDO VIA COTUNDO SAN FCO,15B00126,VENTURA AVILES,Fiscal,Sierra,Intercultural Bilingüe,Indígena,Kichwa,kichwa-Amazonia,50.0,3.0,16.67
NAPO,ARCHIDONA,COTUNDO,   URITOYACU- VIA HOLIN LORETO KM 40,15B00132,MATIAS SHIGUANGO,Fiscal,Sierra,Intercultural Bilingüe,Indígena,Kichwa,kichwa-Amazonia,12.0,1.0,12.0
NAPO,ARCHIDONA,COTUNDO,   VIA HOLIN LORETO PACHAKUTIK KM 21,15B00131,CECIB PACHAKUTIK,Fiscal,Sierra,Intercultural Bilingüe,Indígena,Kichwa,kichwa-Amazonia,70.0,8.0,8.75
NAPO,ARCHIDONA,HATUN SUMAKU,   COMUNIDAD WAWA SUMACO VIA HOLLIN LORETO KM 45,15B00129,UNIDAD EDUCATIVA COMUNITARIA INTERCULTURAL BILINGÜE GONZALO DAVID AVILEZ TANGUILA,Fiscal,Sierra,Intercultural Bilingüe,Indígena,Kichwa,kichwa-Amazonia,318.0,20.0,15.9
NAPO,ARCHIDONA,HATUN SUMAKU,   VIA HOLLIN LORETO COCA,15B00139,UNIDAD EDUCATIVA COMUNITARIA INTERCULTURAL BILINGÜE HUAMANI,Fiscal,Sierra,Intercultural Bilingüe,Indígena,Kichwa,kichwa-Amazonia,206.0,16.0,12.88
NAPO,ARCHIDONA,SAN PABLO DE USHPAYACU,   CASERIO SAN PEDRO DE KASHAYAKU VIA ENTRADA SAN DIEGO,15B00155,KASHAYAKU,Fiscal,Sierra,Intercultural Bilingüe,Indígena,Kichwa,kichwa-Amazonia,17.0,2.0,8.5
NAPO,ARCHIDONA,SAN PABLO DE USHPAYACU,   COMUNIDAD ARDILLA URKU VIA RUCULLACTA POROTOYACU,15B00156,RIO HOLLIN,Fiscal,Sierra,Intercultural Bilingüe,Indígena,Kichwa,kichwa-Amazonia,8.0,1.0,8.0
NAPO,ARCHIDONA,SAN PABLO DE USHPAYACU,   COMUNIDAD AWAYAKU VIA ARCHIDONA- POROTOYACU KM  6,15B00153,SALAZAR ABIO,Fiscal,Sierra,Intercultural Bilingüe,Indígena,Kichwa,kichwa-Amazonia,52.0,3.0,17.33
NAPO,ARCHIDONA,SAN PABLO DE USHPAYACU,   COMUNIDAD MANGO VIA POROTOYACU VILLANO MARGEN IZQUERDA 17 KM,15B00154,SUYU,Fiscal,Sierra,Intercultural Bilingüe,Indígena,Kichwa,kichwa-Amazonia,10.0,1.0,10.0
NAPO,ARCHIDONA,SAN PABLO DE USHPAYACU,   COMUNIDAD PITAYACU VIA SAN PABLO KM 21,15B00150,SACHA AMARUM,Fiscal,Sierra,Intercultural Bilingüe,Indígena,Kichwa,kichwa-Amazonia,25.0,1.0,25.0
NAPO,ARCHIDONA,SAN PABLO DE USHPAYACU,   COMUNIDAD POROTOYACU,15B00158,UNIDAD EDUCATIVA COMUNITARIA INTERCULTURAL BILINGUE POROTOYACU,Fiscal,Sierra,Intercultural Bilingüe,Indígena,Kichwa,kichwa-Amazonia,348.0,24.0,14.5
NAPO,ARCHIDONA,SAN PABLO DE USHPAYACU,   COMUNIDAD VILLANO VIA POROTO KM 15,15B00151,MANUEL LORENZO CHIMBO ALVARADO,Fiscal,Sierra,Intercultural Bilingüe,Indígena,Kichwa,kichwa-Amazonia,27.0,2.0,13.5
NAPO,ARCHIDONA,SAN PABLO DE USHPAYACU,   LUSHIANTA VIA ACHIDONA POROTO KM 9,15B00147,CEIB BASICA MAWKALLPA,Fiscal,Sierra,Intercultural Bilingüe,Indígena,Kichwa,kichwa-Amazonia,79.0,8.0,9.88
NAPO,ARCHIDONA,SAN PABLO DE USHPAYACU,   NOCUNO VIA POROTO VILLANO KM 9,15B00149,JORGE ICAZA CORONEL,Fiscal,Sierra,Intercultural Bilingüe,Indígena,Kichwa,kichwa-Amazonia,33.0,2.0,16.5
NAPO,ARCHIDONA,SAN PABLO DE USHPAYACU,   SAN MATIAS VIA SAN PABLO  STO DOMINGO,15B00141,FERNANDO CHIMBO,Fiscal,Sierra,Intercultural Bilingüe,Indígena,Kichwa,kichwa-Amazonia,29.0,2.0,14.5
NAPO,ARCHIDONA,SAN PABLO DE USHPAYACU,   VIA SAN PABLO  COMUNIDAD SAN JOSE,15B00144,ANTONIETA  YUMBO,Fiscal,Sierra,Intercultural Bilingüe,Indígena,Kichwa,kichwa-Amazonia,58.0,3.0,19.33
NAPO,ARCHIDONA,SAN PABLO DE USHPAYACU,   VIA SAN PABLO NUEVO SANTO DOMINGO,15B00157,UNIDAD EDUCATIVA COMUNITARIA INTERCULTURAL BILINGUE SAN PABLO,Fiscal,Sierra,Intercultural Bilingüe,Indígena,Kichwa,kichwa-Amazonia,119.0,13.0,9.15
NAPO,CARLOS JULIO AROSEMENA TOLA,CARLOS JULIO AROSEMENA TOLA,   COMUNIDAD PUNI ISHPINGO VIA PUYO SECTOR SANTA ROSA,15B00164,ATAHUALPA,Fiscal,Sierra,Intercultural Bilingüe,Indígena,Kichwa,kichwa-Amazonia,15.0,2.0,7.5
NAPO,CARLOS JULIO AROSEMENA TOLA,CARLOS JULIO AROSEMENA TOLA,   ENTRADA SANTA ROSA,16B00223,CENTRO EDU COMUNITARIO INTER BILINGUE EDU BASICA PASCUAL DAHUA VARGAS,Fiscal,Sierra,Intercultural Bilingüe,Indígena,Kichwa,kichwa-Amazonia,94.0,4.0,23.5
NAPO,CARLOS JULIO AROSEMENA TOLA,CARLOS JULIO AROSEMENA TOLA,   TZAWATA VIA PUYO KM 51 EL CAPRICHO,15B00166,SHIRINGA,Fiscal,Sierra,Intercultural Bilingüe,Indígena,Kichwa,kichwa-Amazonia,19.0,1.0,19.0
NAPO,TENA,AHUANO,   ALTO SUMINO,15B00027,CECIB RUBEN LARSON,Fiscal,Sierra,Intercultural Bilingüe,Indígena,Kichwa,kichwa-Amazonia,33.0,2.0,16.5
NAPO,TENA,AHUANO,   CAMPO COCHA VIA AHUANO SANTA ROSA,15B00180,UNIDAD EDUCATIVA COMUNITARIA INTERCULTURAL BILINGÜE  LORENZO CERDA,Fiscal,Sierra,Intercultural Bilingüe,Indígena,Kichwa,kichwa-Amazonia,149.0,14.0,10.64
NAPO,TENA,AHUANO,   CASERIO CAMPANA COCHA,15B00040,UNIDAD EDUCATIVA COMUNITARIA INTERCULTURAL BILINGUE DAVID MILLER,Fiscal,Sierra,Intercultural Bilingüe,Indígena,Kichwa,kichwa-Amazonia,376.0,20.0,18.8
NAPO,TENA,AHUANO,   CASERIO DE SAN JOSE DE HUAMBUNO VIA DORADO HUAMBUNO,15B00035,MIGUEL GREFA,Fiscal,Sierra,Intercultural Bilingüe,Indígena,Kichwa,kichwa-Amazonia,16.0,1.0,16.0
NAPO,TENA,AHUANO,   COMUNIDAD 27 DE FEBRERO AHUANO,15B00025,CRISTOBAL VARGAS,Fiscal,Sierra,Intercultural Bilingüe,Indígena,Kichwa,kichwa-Amazonia,87.0,7.0,12.43
NAPO,TENA,AHUANO,   COMUNIDAD BAJO SANTA ROSA,15B00049,LOS CHIBCHAS  1,Fiscal,Sierra,Intercultural Bilingüe,Indígena,Kichwa,kichwa-Amazonia,11.0,1.0,11.0
NAPO,TENA,AHUANO,   COMUNIDAD BALSAYAKU VIA HAUANO PATASYACU,15B00036,GONZALO DIAZ DE PINEDA,Fiscal,Sierra,Intercultural Bilingüe,Indígena,Kichwa,kichwa-Amazonia,8.0,1.0,8.0
NAPO,TENA,AHUANO,   COMUNIDAD KASHA YAKU,15B00033,FRANCISCO DIEGO AGUINDA GREFA,Fiscal,Sierra,Intercultural Bilingüe,Indígena,Kichwa,kichwa-Amazonia,7.0,1.0,7.0
NAPO,TENA,AHUANO,   COMUNIDAD NUEVO MUNDO - TENA  DORADO HUAMBUNO 78 KM,15B00034,SAN FRANCISCO,Fiscal,Sierra,Intercultural Bilingüe,Indígena,Kichwa,kichwa-Amazonia,29.0,2.0,14.5
NAPO,TENA,AHUANO,   COMUNIDAD NUEVO PARAISO,15B00029,UNIDAD EDUCATIVA COMUNITARIA INTERCULTURAL BILINGÜE  CONSEJO PROVINCIAL DE NAPO,Fiscal,Sierra,Intercultural Bilingüe,Indígena,Kichwa,kichwa-Amazonia,193.0,16.0,12.06
NAPO,TENA,AHUANO,   COMUNIDAD PAKAYCHIKTA,15B00030,CAMILO CERDA,Fiscal,Sierra,Intercultural Bilingüe,Indígena,Kichwa,kichwa-Amazonia,20.0,1.0,20.0
NAPO,TENA,AHUANO,   COMUNIDAD RIO BLANCO VIA MISAHUALLI PUNUNO RIO BLANCO,15B00037,HERMANO  HERMENEGILDO GUERRINI,Fiscomisional,Sierra,Intercultural Bilingüe,Indígena,Kichwa,kichwa-Amazonia,22.0,1.0,22.0
NAPO,TENA,AHUANO,   COMUNIDAD WAYSA KUCHA VIA TENA AHUANO CAMPANACOCHA,15B00039,ANTONIO  MANUEL TAPUY AGUINDA,Fiscal,Sierra,Intercultural Bilingüe,Indígena,Kichwa,kichwa-Amazonia,20.0,1.0,20.0
NAPO,TENA,AHUANO,   PASU URKU,15B00031,CECIB JOSE FRANCISCO GREFA,Fiscal,Sierra,Intercultural Bilingüe,Indígena,Kichwa,kichwa-Amazonia,38.0,2.0,19.0
NAPO,TENA,AHUANO,   SAN ISIDRO,15B00026,FERMIN INMUNDA,Fiscal,Sierra,Intercultural Bilingüe,Indígena,Kichwa,kichwa-Amazonia,39.0,2.0,19.5
NAPO,TENA,AHUANO,   SAN PEDRO DE MUSHUK KAWSAY  VIA AHUANO RIO BLANCO- MISAHUALLI,15B00181,PABLO DE TARZO,Fiscomisional,Sierra,Intercultural Bilingüe,Indígena,Kichwa,kichwa-Amazonia,28.0,2.0,14.0
NAPO,TENA,AHUANO,   VIA A HUANO SANTA ROSA (RIO APAJUNO) COMUNIDAD SANTA BARBARA,15B00032,LETICIA RIVADENEYRA,Fiscal,Sierra,Intercultural Bilingüe,Indígena,Kichwa,kichwa-Amazonia,20.0,2.0,10.0
NAPO,TENA,AHUANO,   VIA CHONTA PUNTA SECTOR PUERTO BARANTILLA COMUNIDAD SELVA VIVA,15B00176,SACHA YACHANA WASI CRISTINA,Fiscal,Sierra,Intercultural Bilingüe,Indígena,Kichwa,kichwa-Amazonia,33.0,2.0,16.5
NAPO,TENA,CHONTAPUNTA,   ALTO PALMERA - VIA AHUANO- CHONTAPUNTA,15B00051,ELENA SIMBAÑA,Fiscal,Sierra,Intercultural Bilingüe,Indígena,Kichwa,kichwa-Amazonia,16.0,1.0,16.0
NAPO,TENA,CHONTAPUNTA,CABECERA  PARROQUIAL SN CHONTA PUNTA ,15B00204,UNIDAD EDUCATIVA COMUNITARIA INTERCULTURAL BILINGÜE SAN JOSE DE CHONTA PUNTA,Fiscal,Sierra,Intercultural Bilingüe,Indígena,Kichwa,kichwa-Amazonia,553.0,29.0,19.07
NAPO,TENA,CHONTAPUNTA,   CASERIO CHONTA YACU RIO NAPO MARGEN IZQUIERDA,15B00060,ING. HUGO TORRES,Fiscal,Sierra,Intercultural Bilingüe,Indígena,Kichwa,kichwa-Amazonia,6.0,1.0,6.0
NAPO,TENA,CHONTAPUNTA,   CASERIO MANGO CHICTA VIA LORETO PUERTO MURIALDO,15B00050,DOS RIOS,Fiscal,Sierra,Intercultural Bilingüe,Indígena,Kichwa,kichwa-Amazonia,16.0,1.0,16.0
NAPO,TENA,CHONTAPUNTA,   COMUNIDAD BELLAVISTA ALTA VIA CHONTAPUNTA,15B00048,MANUELA CAÑIZARES,Fiscomisional,Sierra,Intercultural Bilingüe,Indígena,Kichwa,kichwa-Amazonia,36.0,2.0,18.0
NAPO,TENA,CHONTAPUNTA,   COMUNIDAD HATUN URKU VIA AHUANO CHONTAPUNTA,15B00053,DOMINGO ANDI ALVARADO,Fiscal,Sierra,Intercultural Bilingüe,Indígena,Kichwa,kichwa-Amazonia,121.0,7.0,17.29
NAPO,TENA,CHONTAPUNTA,   Comunidad Kakataro,16B00183,CENTRO EDUCATIVO COMUNITARIO INTERCULTURAL BILINGUE KAKATARO,Fiscal,Sierra,Intercultural Bilingüe,Indígena,Waorani,Huaorani,21.0,1.0,21.0
NAPO,TENA,CHONTAPUNTA,   COMUNIDAD KICHWA SUMINO IZQUIERDO VIA COMUNA LOS RIOS,15B00058,VENANCIO LICUY ASHANGA,Fiscal,Sierra,Intercultural Bilingüe,Indígena,Kichwa,kichwa-Amazonia,21.0,1.0,21.0
NAPO,TENA,CHONTAPUNTA,   COMUNIDAD  KONIPARE VIA CHONTAPUNTA MARGEN DERECHA,15B00174,KENGUIWE,Fiscal,Sierra,Intercultural Bilingüe,Indígena,Waorani,Huaorani,18.0,2.0,9.0
NAPO,TENA,CHONTAPUNTA,   COMUNIDAD LAS CANELAS  SECTOR SAN PEDRO  VIA  CHONTA PUNTA,15B00047,TELMO TAPUY,Fiscal,Sierra,Intercultural Bilingüe,Indígena,Kichwa,kichwa-Amazonia,60.0,5.0,12.0
NAPO,TENA,CHONTAPUNTA,   COMUNIDAD SAN JUAN DE RIO BUENO,15B00063,JOSE ANDY,Fiscal,Sierra,Intercultural Bilingüe,Indígena,Kichwa,kichwa-Amazonia,9.0,1.0,9.0
NAPO,TENA,CHONTAPUNTA,   COMUNIDAD  SANTA ESTEFANIA DE MALTA PURA,15B00064,ELIAS TAPUY,Fiscal,Sierra,Intercultural Bilingüe,Indígena,Kichwa,kichwa-Amazonia,28.0,2.0,14.0
NAPO,TENA,CHONTAPUNTA,   COMUNIDAD SHINCHIKUCHA VIA AGUA SANTA,15B00056,JORGE TANGUILA,Fiscal,Sierra,Intercultural Bilingüe,Indígena,Kichwa,kichwa-Amazonia,8.0,1.0,8.0
NAPO,TENA,CHONTAPUNTA,   COMUNIDAD SUMAK SACHA VIA POZO YURALPA,15B00065,UNIDAD EDUCATIVA COMUNITARIA INTERCULT BILINGÜE SUMAK SACHA,Fiscal,Sierra,Intercultural Bilingüe,Indígena,Kichwa,kichwa-Amazonia,123.0,13.0,9.46
NAPO,TENA,CHONTAPUNTA,   COMUNIDAD WACHIMAK RIO NAPO MARGEN DERECHA,15B00052,VICENTE ANDY CALAPUCHA,Fiscal,Sierra,Intercultural Bilingüe,Indígena,Kichwa,kichwa-Amazonia,12.0,1.0,12.0
NAPO,TENA,CHONTAPUNTA,   COMUNIDAD WENTARO,16B00191,CENTRO EDUCATIVO COMUNITARIO INTERCULTURAL BILINGUE WENTARO,Fiscal,Sierra,Intercultural Bilingüe,Indígena,Waorani,Waranka,10.0,1.0,10.0
NAPO,TENA,CHONTAPUNTA,   GARENO,16B00166,UNIDAD EDUCATIVA COMUNITARIA INTERCULTURAL BILINGÜE GARENO,Fiscal,Sierra,Intercultural Bilingüe,Indígena,Waorani,Huaorani,129.0,6.0,21.5
NAPO,TENA,CHONTAPUNTA,   GUACAMAYO RIO NAPO MARGEN IZQUIERDA,15B00178,HONORATO VASQUEZ,Fiscal,Sierra,Intercultural Bilingüe,Indígena,Kichwa,kichwa-Amazonia,12.0,1.0,12.0
NAPO,TENA,CHONTAPUNTA,   MUNDITI URKU VIA COLONIA LOS RIOS UNION LOJANA 5 LINEA,15B00046,UNIDAD EDUCATIVA COMUNITARIA INTERCULT BILINGÜE PEDRO GREFA SHIGUANGO,Fiscal,Sierra,Intercultural Bilingüe,Indígena,Kichwa,kichwa-Amazonia,58.0,5.0,11.6
NAPO,TENA,CHONTAPUNTA,   RECINTO WACHIYACU CHICO VIA LOS ZORROS,15B00061,RICARDO  FERMIN ANDI YUMBO,Fiscal,Sierra,Intercultural Bilingüe,Indígena,Kichwa,kichwa-Amazonia,31.0,2.0,15.5
NAPO,TENA,CHONTAPUNTA,   VIA CHONTA PUNTA COMUNIDAD ÑUKANCHI ALLPA,15B00023,UNIDAD EDUCATIVA COMUNITARIA INTERCULTURAL  BILINGÜE KANAMBU,Fiscal,Sierra,Intercultural Bilingüe,Indígena,Kichwa,kichwa-Amazonia,346.0,20.0,17.3
NAPO,TENA,CHONTAPUNTA,VIA LOS ZORROS  SANGU YAKU ,15B00248,CENTRO EDUCATIVO COMUNITARIO INTERCULTURAL BILINGÜE DE EDUCACION BASICA FISCOMISIONAL SANGUYACU,Fiscomisional,Sierra,Intercultural Bilingüe,Indígena,Kichwa,kichwa-Amazonia,51.0,4.0,12.75
NAPO,TENA,CHONTAPUNTA,   WACHI YAKU CHICO COMUNIDAD SHIRIPUNO VIA LOS ZORROS,15B00054,BARTOLO FERMIN ANDY,Fiscal,Sierra,Intercultural Bilingüe,Indígena,Kichwa,Kanelo-Kichwa,10.0,1.0,10.0
NAPO,TENA,PANO,   COMUNIDAD PUMAYACU VIA ALTO PANO,15B00075,MARCELO  ANDY,Fiscal,Sierra,Intercultural Bilingüe,Indígena,Kichwa,kichwa-Amazonia,23.0,1.0,23.0
NAPO,TENA,PANO,   JUNTA PARROQUIAL DE PANO,15B00070,UNIDAD EDUCATIVA COMUNITARIA INTERCULTURAL BILINGUE EL PANO,Fiscal,Sierra,Intercultural Bilingüe,Indígena,Kichwa,kichwa-Amazonia,300.0,26.0,11.54
NAPO,TENA,PANO,   TENA- PANO-COMUNIDAD ALTO PANO,15B00077,FRANCISCO GREFA MAMALLACTA,Fiscal,Sierra,Intercultural Bilingüe,Indígena,Kichwa,kichwa-Amazonia,11.0,1.0,11.0
NAPO,TENA,PUERTO MISAHUALLI,   A 5 MINUTOS DEL RIO MISAHUALLI ORILLA IZQUIERDA,15B00093,ALBERTO CHIMBO,Fiscal,Sierra,Intercultural Bilingüe,Indígena,Kichwa,kichwa-Amazonia,14.0,1.0,14.0
NAPO,TENA,PUERTO MISAHUALLI,   BARRIO SHIRIPUNO,15B00080,MANUEL IGNACIO RIVADENEYRA,Fiscal,Sierra,Intercultural Bilingüe,Indígena,Kichwa,kichwa-Amazonia,10.0,1.0,10.0
NAPO,TENA,PUERTO MISAHUALLI,   COMUNIDAD MACHAKUY YAKU VIA MISAHUALLI KM 20,15B00089,ROSA ZARATE,Fiscal,Sierra,Intercultural Bilingüe,Indígena,Kichwa,kichwa-Amazonia,36.0,2.0,18.0
NAPO,TENA,PUERTO MISAHUALLI,   COMUNIDAD SARDINA - ILA YACU MISAHUALLI VIA BAJO PUSUNO KM 10,15B00182,VICENTE LEON,Fiscal,Sierra,Intercultural Bilingüe,Indígena,Kichwa,kichwa-Amazonia,28.0,2.0,14.0
NAPO,TENA,PUERTO MISAHUALLI,   MISAHUALLI,15B00085,UNIDAD EDUCATIVA COMUNITARIA INTERCULTURAL BILINGÜE  JACINTO COLLAHUAZO,Fiscal,Sierra,Intercultural Bilingüe,Indígena,Kichwa,kichwa-Amazonia,180.0,15.0,12.0
NAPO,TENA,PUERTO MISAHUALLI,   PUKA URKU RIO NAPO MARGEN IZQUIERDA,15B00079,PEDRO FERMIN CEVALLOS,Fiscal,Sierra,Intercultural Bilingüe,Indígena,Kichwa,kichwa-Amazonia,16.0,2.0,8.0
NAPO,TENA,PUERTO MISAHUALLI,   SECTOR LATAS COMUNIDAD PONCELOMA VIA MISAHUALLI,15B00087,GENERAL RUMIÑAHUI,Fiscal,Sierra,Intercultural Bilingüe,Indígena,Kichwa,kichwa-Amazonia,48.0,3.0,16.0
NAPO,TENA,PUERTO MISAHUALLI,   SHINCHI RUNA  PUNI  BOCANA - VIA AHUANO,15B00086,JUAN BAUTISTA CHIMBO LOPEZ,Fiscomisional,Sierra,Intercultural Bilingüe,Indígena,Kichwa,kichwa-Amazonia,110.0,14.0,7.86
NAPO,TENA,PUERTO MISAHUALLI,   UNION VENECIA VIA MISAHUALLI KM 17,15B00081,UNION VENECIA,Fiscal,Sierra,Intercultural Bilingüe,Indígena,Kichwa,kichwa-Amazonia,50.0,2.0,25.0
NAPO,TENA,PUERTO MISAHUALLI,   VIA AHUANO - PUERTO NAPO KM 15 COMUNIDAD KICHWA SINDY,15B00097,MANUEL DE JESUS CALLE,Fiscal,Sierra,Intercultural Bilingüe,Indígena,Kichwa,kichwa-Amazonia,85.0,9.0,9.44
NAPO,TENA,PUERTO MISAHUALLI,VIA JARDIN ALEMAN 13470 ACCESO A LA COMUNIDAD PUNUNO ,15B00201,CEPIB ANTIOQUIA,Particular Religioso,Sierra,Intercultural Bilingüe,Mestiza,Mestiza,Mestiza,238.0,21.0,11.33
NAPO,TENA,PUERTO MISAHUALLI,   WAYLLA KUCHA VERDE COCHA VIA UNION BOLIVARENSE PALMERAS,15B00078,CECIB SHIPIRI,Fiscal,Sierra,Intercultural Bilingüe,Indígena,Kichwa,kichwa-Amazonia,15.0,1.0,15.0
NAPO,TENA,PUERTO MISAHUALLI,   YANA URKU VIA MISAHUALLI KM 19,15B00084,FRANCISCO GREFA CHIMBO,Fiscal,Sierra,Intercultural Bilingüe,Indígena,Kichwa,kichwa-Amazonia,17.0,1.0,17.0
NAPO,TENA,PUERTO NAPO,   COMUNIDAD PIOCULIN - VIA AL PUYO SECTOR ANZU,15B00105,CESAR PAREDES,Fiscal,Sierra,Intercultural Bilingüe,Indígena,Kichwa,kichwa-Amazonia,50.0,3.0,16.67
NAPO,TENA,PUERTO NAPO,   COMUNIDAD PUNI CAPIRONA. KM. 34. VIA SHALCANA,15B00088,3 DE NOVIEMBRE,Fiscal,Sierra,Intercultural Bilingüe,Indígena,Kichwa,kichwa-Amazonia,13.0,1.0,13.0
NAPO,TENA,PUERTO NAPO,   COMUNIDAD SHIWA URKU- VIA PUERTO NAPO SANTA ROSA,15B00095,ALBERTO ALVARADO,Fiscal,Sierra,Intercultural Bilingüe,Indígena,Kichwa,kichwa-Amazonia,33.0,2.0,16.5
NAPO,TENA,PUERTO NAPO,   COMUNIDAD YUTZUPINO VIA PUERTO NAPO YUTZUPINO,15B00104,VICTOR MANUEL VELOZ,Fiscal,Sierra,Intercultural Bilingüe,Indígena,Kichwa,kichwa-Amazonia,6.0,1.0,6.0
NAPO,TENA,PUERTO NAPO,   KUYA LOMA VIA MISAHUALLI KM 8,15B00100,KUYA URKU,Fiscal,Sierra,Intercultural Bilingüe,Indígena,Kichwa,kichwa-Amazonia,26.0,2.0,13.0
NAPO,TENA,PUERTO NAPO,   PTO NAPO VIA AHUANO KM  2 COMUNIDAD BALZAYACU,15B00096,PEDRO SANTIAGO ALVARADO  GREFA,Fiscal,Sierra,Intercultural Bilingüe,Indígena,Kichwa,kichwa-Amazonia,,1.0,
NAPO,TENA,PUERTO NAPO,   VIA TENA - AHUANO ENTRADA VENECIA DERECHA,15B00171,CECIB  CAPIRONA,Fiscal,Sierra,Intercultural Bilingüe,Indígena,Kichwa,kichwa-Amazonia,83.0,7.0,11.86
NAPO,TENA,SAN JUAN DE MUYUNA,   PUSHIWA LOMA  TIWINTZA  VIA MUYUNA CALVARIO,15B00015,SAN GABRIEL DE TIWINTZA,Fiscal,Sierra,Intercultural Bilingüe,Indígena,Kichwa,kichwa-Amazonia,11.0,1.0,11.0
NAPO,TENA,TALAG,   CASERIO ILAYAKU KM 24 VIA PANO TALAG STA ROSA ILAYAKU  VIA ANZU SERENA,15B00005,ROSA MARIA TANGUILA,Fiscal,Sierra,Intercultural Bilingüe,Indígena,Kichwa,kichwa-Amazonia,26.0,2.0,13.0
NAPO,TENA,TALAG,   COMUNIDAD CENTRO TALAG,15B00072,PEDRO ANDY VARGAS,Fiscal,Sierra,Intercultural Bilingüe,Indígena,Kichwa,kichwa-Amazonia,21.0,2.0,10.5
NAPO,TENA,TALAG,   COMUNIDAD SANTA ROSA VIA TENA BAJO TALAG,15B00071,UNIDAD EDUCATIVA COMUNITARIA INTERCULTURAL BILINGÜE XAVIER TANGUILA,Fiscal,Sierra,Intercultural Bilingüe,Mestiza,Mestiza,Mestiza,96.0,14.0,6.86
NAPO,TENA,TALAG,   COMUNIDAD SERENA,15B00106,NELSON CERDA,Fiscal,Sierra,Intercultural Bilingüe,Indígena,Kichwa,kichwa-Amazonia,13.0,1.0,13.0
NAPO,TENA,TALAG,   COMUNIDAD SHANDIA,15B00076,UNIDAD EDUCATIVA COMUNITARIA INTERCULTURAL BILINGÜE JAIME ELLIOT,Fiscal,Sierra,Intercultural Bilingüe,Indígena,Kichwa,kichwa-Amazonia,256.0,22.0,11.64
NAPO,TENA,TALAG,   COMUNIDAD SHIWAYACU VIA ANZU SERENA,15B00108,SAN CARLOS,Fiscal,Sierra,Intercultural Bilingüe,Indígena,Kichwa,kichwa-Amazonia,31.0,2.0,15.5
NAPO,TENA,TALAG,   COMUNIDAD WASILA VIA TENA PANO TALAG,15B00107,JUSTO LICUY,Fiscal,Sierra,Intercultural Bilingüe,Indígena,Kichwa,kichwa-Amazonia,7.0,1.0,7.0
NAPO,TENA,TENA,   AYAPATA VIA TENA ARCHIDONA INCHILLAQUI,15B00003,CECIB GUSTAVO CHIMBO,Fiscal,Sierra,Intercultural Bilingüe,Indígena,Kichwa,kichwa-Amazonia,59.0,4.0,14.75
NAPO,TENA,TENA,Carlos Shiguango  Luis Arias Inchikiru ,15B00012,UNIDAD EDUCATIVA COMUNITARIA INTERCULTURAL BILINGÜE INTILLACTA DE PAUSHIYACU,Fiscal,Sierra,Intercultural Bilingüe,Indígena,Kichwa,kichwa-Amazonia,511.0,25.0,20.44
NAPO,TENA,TENA,   CASERIO PIVICHICTA VIA LAS MARAVILLAS LUSHIAN,15B00116,22 DE MAYO,Fiscal,Sierra,Intercultural Bilingüe,Indígena,Kichwa,kichwa-Amazonia,22.0,1.0,22.0
NAPO,TENA,TENA,   COMUNIDAD ATACAPI KM 6 VIA TENA ALTO TENA,15B00007,DOMINGO TANGUILA CANELOS,Fiscal,Sierra,Intercultural Bilingüe,Indígena,Kichwa,kichwa-Amazonia,71.0,8.0,8.88
NAPO,TENA,TENA,   COMUNIDAD CHAMBIRA VIA MUYUNA,15B00010,PAULINO GREFA,Fiscal,Sierra,Intercultural Bilingüe,Indígena,Kichwa,kichwa-Amazonia,178.0,16.0,11.12
NAPO,TENA,TENA,   COMUNIDAD ONGOTA BAJO VIA DOS RIOS,15B00020,UNIDAD EDUCATIVA COMUNITARIA INTERCULTURAL BILINGÜE NICOLAS SHIGUANGO,Fiscal,Sierra,Intercultural Bilingüe,Indígena,Kichwa,kichwa-Amazonia,200.0,19.0,10.53
NAPO,TENA,TENA,   SAN JUAN DE MUYUNA,15B00002,ESCUELA DE EDUCACIÓN BÁSICA PCEI FELICIANA  MAMALLACTA,Fiscal,Sierra,Intercultural Bilingüe,Indígena,Kichwa,kichwa-Amazonia,9.0,3.0,3.0
NAPO,TENA,TENA,   VIA TENA - PANO KM. 4 Y 1/2,15B00074,SALVADOR TAPUY,Fiscal,Sierra,Intercultural Bilingüe,Indígena,Kichwa,kichwa-Amazonia,28.0,2.0,14.0
ORELLANA,AGUARICO,CAPITAN AUGUSTO RIVADENEYRA,   CASERIO SINCHICHICTA,22B00081,RIO TIPUTINI,Fiscal,Sierra,Intercultural Bilingüe,Indígena,Kichwa,kichwa-Amazonia,63.0,4.0,15.75
ORELLANA,AGUARICO,CAPITAN AUGUSTO RIVADENEYRA,   CHIRU ISLA,22B00083,SAN FRANCISCO DE ASIS,Fiscal,Sierra,Intercultural Bilingüe,Indígena,Kichwa,kichwa-Amazonia,268.0,17.0,15.76
ORELLANA,AGUARICO,CAPITAN AUGUSTO RIVADENEYRA,   SAMONA YUTURI,22B00080,FRAY GASPAR DE CARVAJAL,Fiscal,Sierra,Intercultural Bilingüe,Indígena,Kichwa,kichwa-Amazonia,59.0,4.0,14.75
ORELLANA,AGUARICO,CONONACO,   CASERIO YARENTARO,22B00151,YARENTARO,Fiscal,Sierra,Intercultural Bilingüe,Indígena,Waorani,Huaorani,24.0,1.0,24.0
ORELLANA,AGUARICO,CONONACO,   COMUNIDAD DICARO A 100 KM DE LA COMUNIDAD POMPEYA BLOQUE 16 REPSOL,22B00168,DICARO,Fiscal,Sierra,Intercultural Bilingüe,Indígena,Waorani,Huaorani,152.0,9.0,16.89
ORELLANA,AGUARICO,SANTA MARIA DE HUIRIRIMA,   COMUNA SAN VICENTE,22B00088,JOSE MARIA PLACIDO CAAMAÑO,Fiscal,Sierra,Intercultural Bilingüe,Indígena,Kichwa,kichwa-Amazonia,79.0,4.0,19.75
ORELLANA,AGUARICO,SANTA MARIA DE HUIRIRIMA,   OCAYA,22B00087,COMBATE DE TARQUI,Fiscal,Sierra,Intercultural Bilingüe,Indígena,Kichwa,kichwa-Amazonia,15.0,1.0,15.0
ORELLANA,AGUARICO,SANTA MARIA DE HUIRIRIMA,   PUERTO QUINCHE,22B00169,MANUELITA SAENZ,Fiscal,Sierra,Intercultural Bilingüe,Indígena,Kichwa,kichwa-Amazonia,167.0,10.0,16.7
ORELLANA,AGUARICO,TIPUTINI,   BOCA DE TIPUTINI,22B00093,ADAN TAPUY,Fiscal,Sierra,Intercultural Bilingüe,Indígena,Kichwa,kichwa-Amazonia,37.0,2.0,18.5
ORELLANA,AGUARICO,TIPUTINI,   LLANCHAMA,22B00092,RIO LLANCHAMA,Fiscal,Sierra,Intercultural Bilingüe,Indígena,Kichwa,kichwa-Amazonia,61.0,4.0,15.25
ORELLANA,AGUARICO,TIPUTINI,   SAN CARLOS,22B00091,12 DE FEBRERO,Fiscal,Sierra,Intercultural Bilingüe,Indígena,Kichwa,kichwa-Amazonia,23.0,1.0,23.0
ORELLANA,AGUARICO,TIPUTINI,   YANA YAKU,22B00089,22 DE ENERO,Fiscal,Sierra,Intercultural Bilingüe,Indígena,Kichwa,kichwa-Amazonia,59.0,2.0,29.5
ORELLANA,AGUARICO,YASUNI,   ZANCUDO COCHA,22B00095,PEDRO CAMILO TANGOY,Fiscal,Sierra,Intercultural Bilingüe,Indígena,Kichwa,kichwa-Amazonia,50.0,4.0,12.5
ORELLANA,LA JOYA DE LOS SACHAS,ENOKANQUI,   SAN FRANCISCO,22B00101,JUAN CALAPUCHA,Fiscal,Sierra,Intercultural Bilingüe,Indígena,Kichwa,kichwa-Amazonia,17.0,2.0,8.5
ORELLANA,LA JOYA DE LOS SACHAS,LAGO SAN PEDRO,   JUAN MONTALVO,22B00098,MARCOS TANGUILA,Fiscal,Sierra,Intercultural Bilingüe,Indígena,Kichwa,kichwa-Amazonia,32.0,1.0,32.0
ORELLANA,LA JOYA DE LOS SACHAS,LA JOYA DE LOS SACHAS,   COMUNIDAD PRIMERO DE MAYO - VIA COCA SACHA KM 70 MARGEN I,22H00274,RIO GUAYLLAMBAMBA,Fiscal,Sierra,Intercultural Bilingüe,Indígena,Kichwa,kichwa-Amazonia,41.0,3.0,13.67
ORELLANA,LA JOYA DE LOS SACHAS,POMPEYA,   COMUNIDAD POMPEYA,22B00103,MARIANO JIPA,Fiscal,Sierra,Intercultural Bilingüe,Indígena,Kichwa,kichwa-Amazonia,53.0,2.0,26.5
ORELLANA,LA JOYA DE LOS SACHAS,POMPEYA,   LOCALIDAD SAN ANTONIO,22B00102,SAN ANTONIO,Fiscal,Sierra,Intercultural Bilingüe,Indígena,Kichwa,kichwa-Amazonia,326.0,21.0,15.52
ORELLANA,LA JOYA DE LOS SACHAS,POMPEYA,   SAN FRANCISCO CHICTA,22B00106,MUSHUK YUYAY,Fiscal,Sierra,Intercultural Bilingüe,Indígena,Kichwa,kichwa-Amazonia,41.0,3.0,13.67
ORELLANA,LA JOYA DE LOS SACHAS,POMPEYA,   SAN FRANCISCO CHIKTA,22B00105,RIO NAPO,Fiscal,Sierra,Intercultural Bilingüe,Indígena,Kichwa,kichwa-Amazonia,30.0,2.0,15.0
ORELLANA,LA JOYA DE LOS SACHAS,SAN CARLOS,   COMUNA  HUAMAYACU,22B00110,FRANCISCO CALDERON,Fiscal,Sierra,Intercultural Bilingüe,Indígena,Kichwa,kichwa-Amazonia,43.0,4.0,10.75
ORELLANA,LA JOYA DE LOS SACHAS,SAN CARLOS,   RECINTO SAN CARLOS,22B00107,ELOY ALFARO,Fiscal,Sierra,Intercultural Bilingüe,Indígena,Kichwa,kichwa-Amazonia,11.0,1.0,11.0
ORELLANA,LA JOYA DE LOS SACHAS,SAN SEBASTIAN DEL COCA,   COMUNA KICHWA SAN PABLO,22B00108,VALERIO GREFA,Fiscal,Sierra,Intercultural Bilingüe,Indígena,Kichwa,kichwa-Amazonia,118.0,7.0,16.86
ORELLANA,LA JOYA DE LOS SACHAS,SAN SEBASTIAN DEL COCA,   COMUNIDAD KICHWA WATARAKU,22B00114,IMBABURA,Fiscal,Sierra,Intercultural Bilingüe,Indígena,Kichwa,kichwa-Amazonia,118.0,13.0,9.08
ORELLANA,LA JOYA DE LOS SACHAS,SAN SEBASTIAN DEL COCA,   COMUNIDAD SAN PABLO CENTRO SUR,22B00097,CHIMBORAZO,Fiscal,Sierra,Intercultural Bilingüe,Indígena,Kichwa,kichwa-Amazonia,19.0,1.0,19.0
ORELLANA,LA JOYA DE LOS SACHAS,SAN SEBASTIAN DEL COCA,   RIO SALVADOR,22B00113,RIO SALVADOR,Fiscal,Sierra,Intercultural Bilingüe,Indígena,Kichwa,kichwa-Amazonia,107.0,5.0,21.4
ORELLANA,LA JOYA DE LOS SACHAS,SAN SEBASTIAN DEL COCA,   VIA         JOYA    DE L OS SACHAS VIA PUCUNA TRECE RECINTO,22B00111,PUCUNA TRECE,Fiscal,Sierra,Intercultural Bilingüe,Indígena,Kichwa,kichwa-Amazonia,42.0,3.0,14.0
ORELLANA,LA JOYA DE LOS SACHAS,SAN SEBASTIAN DEL COCA,   VIA PUCUNA - LUMBAQUI - COMUNA SARDINAS KM 52 MARGEN IZQUIERDO,22B00112,YAKU RUMI,Fiscal,Sierra,Intercultural Bilingüe,Indígena,Kichwa,kichwa-Amazonia,208.0,19.0,10.95
ORELLANA,LA JOYA DE LOS SACHAS,TRES DE NOVIEMBRE,   ASOCIACION KICHWA 12 DE FEBRERO,22B00096,BARTOLO YUMBO,Fiscal,Sierra,Intercultural Bilingüe,Indígena,Kichwa,kichwa-Amazonia,79.0,3.0,26.33
ORELLANA,LA JOYA DE LOS SACHAS,UNION MILAGREÑA,   EL DESCANSO,22B00104,EL DESCANSO,Fiscal,Sierra,Intercultural Bilingüe,Indígena,Kichwa,kichwa-Amazonia,43.0,4.0,10.75
ORELLANA,LORETO,AVILA (CAB. EN HUIRUNO),   ARAQUE VIA SANTA ROSA PUSCUCOCHA KM 18,22B00127,CARLOS JULIO AROSEMENA TOLA,Fiscal,Sierra,Intercultural Bilingüe,Indígena,Kichwa,kichwa-Amazonia,19.0,1.0,19.0
ORELLANA,LORETO,AVILA (CAB. EN HUIRUNO),   COMUNIDAD AVILA VIEJO,22B00120,CECIB GUINARO MARCOS JIPA,Fiscal,Sierra,Intercultural Bilingüe,Indígena,Kichwa,kichwa-Amazonia,30.0,2.0,15.0
ORELLANA,LORETO,AVILA (CAB. EN HUIRUNO),   COMUNIDAD COTONA,22B00130,CECIB HOLGER ALBAN,Fiscal,Sierra,Intercultural Bilingüe,Indígena,Kichwa,kichwa-Amazonia,45.0,2.0,22.5
ORELLANA,LORETO,AVILA (CAB. EN HUIRUNO),   COMUNIDAD SAN BARTOLO,22B00123,CECIB CAMANGUY,Fiscal,Sierra,Intercultural Bilingüe,Indígena,Kichwa,kichwa-Amazonia,119.0,8.0,14.88
ORELLANA,LORETO,AVILA (CAB. EN HUIRUNO),   COMUNIDAD SHASHAPA,22B00128,TURATURA,Fiscal,Sierra,Intercultural Bilingüe,Indígena,Kichwa,Kanelo-Kichwa,45.0,2.0,22.5
ORELLANA,LORETO,AVILA (CAB. EN HUIRUNO),   LOCALIDAD HUIRUNO,22B00121,UNIDAD EDUCATIVA COMUNITARIA INTERCULTURAL BILINGÜE GUARDIANAS DE LA LENGUA Y DE LOS SABERES HUIRUNO,Fiscal,Sierra,Intercultural Bilingüe,Indígena,Kichwa,kichwa-Amazonia,874.0,37.0,23.62
ORELLANA,LORETO,AVILA (CAB. EN HUIRUNO),   MAKANA KUCHA,22B00125,CECIB TUMBEZ MARAÑON,Fiscal,Sierra,Intercultural Bilingüe,Indígena,Kichwa,kichwa-Amazonia,35.0,2.0,17.5
ORELLANA,LORETO,AVILA (CAB. EN HUIRUNO),   PUSCU COCHA,22B00122,CECIB URITU URKU,Fiscal,Sierra,Intercultural Bilingüe,Indígena,Kichwa,kichwa-Amazonia,108.0,7.0,15.43
ORELLANA,LORETO,AVILA (CAB. EN HUIRUNO),   SANTA ROSA DE BALINO,22B00126,CECIB ROSA MARIA MAMALLACTA,Fiscal,Sierra,Intercultural Bilingüe,Indígena,Kichwa,kichwa-Amazonia,11.0,1.0,11.0
ORELLANA,LORETO,LORETO,AV RAFAEL ANDRADE 33 SIN NOMBRE Y MATEO PURAQUILLA ,22B00115,ÑUKANCHI KAWSAY,Fiscal,Sierra,Intercultural Bilingüe,Indígena,Kichwa,kichwa-Amazonia,145.0,8.0,18.12
ORELLANA,LORETO,LORETO,   COMUNIDAD CASCABEL  2 VIA PUERTO MURIALDO KM 10,22B00116,BAUTISTA LUCIANO ALVARADO,Fiscal,Sierra,Intercultural Bilingüe,Indígena,Kichwa,kichwa-Amazonia,26.0,1.0,26.0
ORELLANA,LORETO,PUERTO MURIALDO,   CENTRO HUINO,22B00155,CECIB REPUBLICA DEL ECUADOR,Fiscal,Sierra,Intercultural Bilingüe,Indígena,Kichwa,kichwa-Amazonia,37.0,2.0,18.5
ORELLANA,LORETO,PUERTO MURIALDO,   COMUNA EL INCA VIA GACELA PUERTO MURIALDO KM 32,22B00134,ANTONIO EMILIO ANDI,Fiscal,Sierra,Intercultural Bilingüe,Indígena,Kichwa,Kanelo-Kichwa,50.0,3.0,16.67
ORELLANA,LORETO,PUERTO MURIALDO,   COMUNIDAD SUBCENTRO SUYUNO VIA GACELA BAJO HUINO KM 30 SEGUNDA LINEA,22B00131,CECIB PUMA PAKCHA,Fiscal,Sierra,Intercultural Bilingüe,Indígena,Kichwa,kichwa-Amazonia,22.0,1.0,22.0
ORELLANA,LORETO,PUERTO MURIALDO,   TURU PUNTA,22B00132,CARLOS AGUINDA,Fiscal,Sierra,Intercultural Bilingüe,Indígena,Kichwa,kichwa-Amazonia,20.0,1.0,20.0
ORELLANA,LORETO,PUERTO MURIALDO,   VIA A PUERTO MURIALDO KM 15,22B00133,CECIB 31 DE MARZO,Fiscal,Sierra,Intercultural Bilingüe,Indígena,Kichwa,kichwa-Amazonia,38.0,2.0,19.0
ORELLANA,LORETO,PUERTO MURIALDO,   VIA GACELA COMUNIDAD AGUA COLORADA,22B00034,CECIB ALEJANDRO TAPUY,Fiscal,Sierra,Intercultural Bilingüe,Indígena,Kichwa,kichwa-Amazonia,29.0,1.0,29.0
ORELLANA,LORETO,PUERTO MURIALDO,   VIA GACELA LORETO COMUNIDAD  BAJO HUINO CALLE 5 DE JUNIO Y ALFREDO SHIGUANGO,22B00135,JOSE MARIA TANDALIA,Fiscal,Sierra,Intercultural Bilingüe,Indígena,Kichwa,kichwa-Amazonia,251.0,14.0,17.93
ORELLANA,LORETO,SAN JOSE DE DAHUANO,   COMUNIDAD 24 DE MAYO  VIA HOLLIN LORETO COCA MARGEN DERECHO KM 67,22B00147,AVILA,Fiscal,Sierra,Intercultural Bilingüe,Indígena,Kichwa,kichwa-Amazonia,444.0,28.0,15.86
ORELLANA,LORETO,SAN JOSE DE DAHUANO,   COMUNIDAD ALLY ALLPA VIA  LA PAZ AGUA SANTA - KM 3,22B00164,8 DE JUNIO,Fiscal,Sierra,Intercultural Bilingüe,Indígena,Kichwa,kichwa-Amazonia,122.0,5.0,24.4
ORELLANA,LORETO,SAN JOSE DE DAHUANO,   COMUNIDAD COTAPINO VIA ARAPINO,22H00424,RIO COTAPINO,Fiscomisional,Sierra,Intercultural Bilingüe,Indígena,Kichwa,kichwa-Amazonia,17.0,1.0,17.0
ORELLANA,LORETO,SAN JOSE DE DAHUANO,   COMUNIDAD SUMAK KICHWA,22B00170,CECIB ACHI YAKU,Fiscal,Sierra,Intercultural Bilingüe,Indígena,Kichwa,kichwa-Amazonia,37.0,1.0,37.0
ORELLANA,LORETO,SAN JOSE DE DAHUANO,   ENTRADA COTAPINO,22B00159,JUAN MURIALDO,Fiscal,Sierra,Intercultural Bilingüe,Indígena,Kichwa,kichwa-Amazonia,18.0,1.0,18.0
ORELLANA,LORETO,SAN JOSE DE DAHUANO,   LOCALIDAD 15 DE NOVIEMBRE,22B00146,PEDRO CERDA GREFA,Fiscal,Sierra,Intercultural Bilingüe,Indígena,Kichwa,kichwa-Amazonia,24.0,1.0,24.0
ORELLANA,LORETO,SAN JOSE DE DAHUANO,   LOCALIDAD JORGE GREFA,22B00129,ANTONIO FLORES JIJON,Fiscal,Sierra,Intercultural Bilingüe,Indígena,Kichwa,kichwa-Amazonia,23.0,1.0,23.0
ORELLANA,LORETO,SAN JOSE DE DAHUANO,   SUBCENTRO  VIA ARAPINO VIA INTEROCEANICA KM25 COMUNIDAD SUMAK KICHWA,22B00145,LEONARDO YUMBO ANDY,Fiscal,Sierra,Intercultural Bilingüe,Indígena,Kichwa,kichwa-Amazonia,19.0,1.0,19.0
ORELLANA,LORETO,SAN JOSE DE DAHUANO,VIA AGUA SANTA SARAYACU MARGEN IZQUIERDO DEL RÍO BUENO COMUNIDAD PALTACOCHA 2 VÍA SARAYAKU LORETO ,22B00178,CAPITAN PABLO VILLARRUEL FUENTES,Fiscal,Sierra,Intercultural Bilingüe,Indígena,Kichwa,kichwa-Amazonia,109.0,10.0,10.9
ORELLANA,LORETO,SAN JOSE DE DAHUANO,   VIA LORETO MARGEN IZQUIERDO A 15KM CASERIO SANTA ROSA DE ARAPINO,22B00149,VENANCIO AJÓN,Fiscal,Sierra,Intercultural Bilingüe,Indígena,Kichwa,kichwa-Amazonia,68.0,5.0,13.6
ORELLANA,LORETO,SAN JOSE DE DAHUANO,   VIA LORETO TENA MARGEN IZQUIERDO A 22 KM COMUNIDAD BANKU YAKU,22B00118,PASCUAL GREFA MUNDITI,Fiscal,Sierra,Intercultural Bilingüe,Indígena,Kichwa,kichwa-Amazonia,18.0,1.0,18.0
ORELLANA,LORETO,SAN JOSE DE PAYAMINO,   COMUNA CENTRO JUMANDY,22B00137,ELOY SIQUIHUA,Fiscal,Sierra,Intercultural Bilingüe,Indígena,Kichwa,kichwa-Amazonia,82.0,4.0,20.5
ORELLANA,LORETO,SAN JOSE DE PAYAMINO,   COMUNIDAD SAN FRANCISCO DE ASIS KM26 MAARGEN DERECHO VIA COCA-LORETO,22B00138,SAN FRANCISCO DE ASIS,Fiscal,Sierra,Intercultural Bilingüe,Indígena,Kichwa,kichwa-Amazonia,499.0,36.0,13.86
ORELLANA,LORETO,SAN JOSE DE PAYAMINO,   COMUNIDAD VERDE SUMACO,22B00142,RICARDO SHIGUANGO,Fiscal,Sierra,Intercultural Bilingüe,Indígena,Kichwa,kichwa-Amazonia,160.0,6.0,26.67
ORELLANA,LORETO,SAN JOSE DE PAYAMINO,   VIA LORETO COMUNIDAD RESERVA JUAN PIO KM 10 MARGEN DERECHO,22B00117,CECIB ABDON PADILLA,Fiscal,Sierra,Intercultural Bilingüe,Indígena,Kichwa,kichwa-Amazonia,51.0,2.0,25.5
ORELLANA,LORETO,SAN JOSE DE PAYAMINO,   VIA LORETO MARGEN IZQUIERDO A 25 KM LOCALIDAD RESERVA JUMANDY,22B00119,JUAN  ALVARADO SHIGUANGO,Fiscal,Sierra,Intercultural Bilingüe,Indígena,Kichwa,kichwa-Amazonia,15.0,1.0,15.0
ORELLANA,LORETO,SAN VICENTE DE HUATICOCHA,"   COMUNIDAD PAUSHIYACU DE RIO PUCUNO, LORETO TENA, MARGEN IZQUIERDO 6KM",22B00150,LIAWKANA URKU,Fiscal,Sierra,Intercultural Bilingüe,Indígena,Kichwa,kichwa-Amazonia,31.0,2.0,15.5
ORELLANA,LORETO,SAN VICENTE DE HUATICOCHA,   ENTRADA NUEVA ESPERANZA BARRIO FLORESTA,22B00158,CECIB WAMAK URKU,Fiscal,Sierra,Intercultural Bilingüe,Indígena,Kichwa,kichwa-Amazonia,32.0,1.0,32.0
ORELLANA,ORELLANA,ALEJANDRO LABAKA,COMUNIDAD GUIYERO VIA REPSOL KM   TREINTA DOS RIO TITUTINI 1 COMUNIDAD GUIYERO ,22B00179,CECIB IKA,Fiscal,Sierra,Intercultural Bilingüe,Mestiza,Mestiza,Mestiza,31.0,2.0,15.5
ORELLANA,ORELLANA,ALEJANDRO LABAKA,   COMUNIDAD KICHWA AÑANGU RIVERAS DEL RIO NAPO ABAJO  MARGEN DERECHO,22B00005,VICENTE MAMALLACTA,Fiscal,Sierra,Intercultural Bilingüe,Indígena,Kichwa,kichwa-Amazonia,112.0,12.0,9.33
ORELLANA,ORELLANA,ALEJANDRO LABAKA,   NUEVA PROVIDENCIA COMUNIDADRIO INDI LLAMA,22B00074,CECIB SHIPATY,Fiscal,Sierra,Intercultural Bilingüe,Indígena,Kichwa,kichwa-Amazonia,17.0,1.0,17.0
ORELLANA,ORELLANA,ALEJANDRO LABAKA,   POMPEYA,22B00075,AMAWTA SAMAY,Fiscal,Sierra,Intercultural Bilingüe,Indígena,Kichwa,kichwa-Amazonia,417.0,21.0,19.86
ORELLANA,ORELLANA,ALEJANDRO LABAKA,   RIO INDILLAMA,22B00070,SIMON BOLIVAR COQUINCHE NOTENO,Fiscal,Sierra,Intercultural Bilingüe,Indígena,Kichwa,kichwa-Amazonia,19.0,1.0,19.0
ORELLANA,ORELLANA,DAYUMA,COMUNIDAD EL TRIUNFO KM TERCERA LINEA H TERCERA LINEA ,22B00184,CENTRO EDUCATIVO COMUNITARIO INTERCULTURAL BILINGÜE DE EDUCACION BASICA FISCOMISIONAL MONSEÑOR LUIS ALBERTO LUNA ,Fiscomisional,Sierra,Intercultural Bilingüe,Indígena,Shuar,Shuar,22.0,2.0,11.0
ORELLANA,ORELLANA,DAYUMA,   COMUNIDAD LA LIBERTAD KM43 VIA AUCA MARGEN DERECHO PUMA ESFUERZO,22B00022,JUAN CHUINT,Fiscal,Sierra,Intercultural Bilingüe,Indígena,Shuar,Shuar,6.0,1.0,6.0
ORELLANA,ORELLANA,DAYUMA,   COMUNIDAD MANDARI PANKA,22B00046,MODESTO JORDAN  ILLANES VARGAS,Fiscal,Sierra,Intercultural Bilingüe,Indígena,Kichwa,kichwa-Amazonia,58.0,3.0,19.33
ORELLANA,ORELLANA,DAYUMA,   COMUNIDAD NANTIP,22B00047,CECIB TUNTIAK,Fiscal,Sierra,Intercultural Bilingüe,Indígena,Shuar,Shuar,16.0,1.0,16.0
ORELLANA,ORELLANA,DAYUMA,   COMUNIDAD RIO TIPUTINI,22B00053,NUEVA FRONTERA,Fiscal,Sierra,Intercultural Bilingüe,Indígena,Kichwa,kichwa-Amazonia,95.0,5.0,19.0
ORELLANA,ORELLANA,DAYUMA,   COMUNIDAD SAAR ENTSA KM 51,22B00065,SAGRADO CORAZON DE JESUS,Fiscal,Sierra,Intercultural Bilingüe,Indígena,Shuar,Shuar,52.0,4.0,13.0
ORELLANA,ORELLANA,DAYUMA,   COMUNIDAD TIWIRAM VIA AUCA KM 48,22B00057,DOMINGO SABIO,Fiscal,Sierra,Intercultural Bilingüe,Indígena,Shuar,kitukara,18.0,1.0,18.0
ORELLANA,ORELLANA,DAYUMA,   DAYUMA,22B00049,12 DE FEBRERO,Fiscal,Sierra,Intercultural Bilingüe,Indígena,Kichwa,kichwa-Amazonia,166.0,9.0,18.44
ORELLANA,ORELLANA,DAYUMA,   MIWAGUNO,22B00066,CECIB PEGO,Fiscal,Sierra,Intercultural Bilingüe,Indígena,Waorani,Huaorani,58.0,3.0,19.33
ORELLANA,ORELLANA,DAYUMA,   RECINTO,22B00055,BAY ENOMENGA,Fiscal,Sierra,Intercultural Bilingüe,Indígena,Kichwa,kichwa-Amazonia,36.0,2.0,18.0
ORELLANA,ORELLANA,DAYUMA,   TIGUANO,22B00067,YAMPUNA,Fiscal,Sierra,Intercultural Bilingüe,Indígena,Shuar,Shuar,36.0,1.0,36.0
ORELLANA,ORELLANA,DAYUMA,   VIA LOS ZORROS COMUNIDAD SAN ANTONIO KM70 4 LINEA,22B00056,CENTRO EDUCATIVO INTERCULTURAL BILINGUE 1 DE MAYO,Fiscal,Sierra,Intercultural Bilingüe,Indígena,Shuar,Kanelo-Kichwa,11.0,1.0,11.0
ORELLANA,ORELLANA,DAYUMA,   VIA PINDO COMUNIDAD SAN JUAN DE RIO TIPUTINI KM 85,22B00052,CECIB PUMA,Fiscal,Sierra,Intercultural Bilingüe,Indígena,Kichwa,kichwa-Amazonia,22.0,1.0,22.0
ORELLANA,ORELLANA,EL DORADO,VIA AUCA KM   MAEGEN IZQUIERDO SEGUNDA LINEA LINEA 1 VIA TERRESTRE ,22B00171,CECIB RENACER,Fiscal,Sierra,Intercultural Bilingüe,Indígena,Shuar,Shuar,5.0,1.0,5.0
ORELLANA,ORELLANA,EL EDEN,   COMUNA KICHWA SAN ROQUE,22B00036,JOSE BONIFACIO AJON CAPINOA,Fiscal,Sierra,Intercultural Bilingüe,Indígena,Kichwa,kichwa-Amazonia,15.0,1.0,15.0
ORELLANA,ORELLANA,EL EDEN,   COMUNA SAN ROQUE,22B00033,BLAS TOMAS JIPA AVILES,Fiscal,Sierra,Intercultural Bilingüe,Indígena,Kichwa,kichwa-Amazonia,14.0,1.0,14.0
ORELLANA,ORELLANA,EL EDEN,   EL EDEN,22B00010,EL EDEN,Fiscal,Sierra,Intercultural Bilingüe,Indígena,Kichwa,kichwa-Amazonia,191.0,13.0,14.69
ORELLANA,ORELLANA,EL EDEN,   ORILLA  DEL  RIO  NAPO  MARGEN  DERECHA,22B00162,SILVERIO TAPUY,Fiscal,Sierra,Intercultural Bilingüe,Indígena,Kichwa,kichwa-Amazonia,85.0,6.0,14.17
ORELLANA,ORELLANA,EL EDEN,   RIVERA DEL RIO NAPO A 150 KM  COMUNA EDEN   ALTO,22B00163,CECIB RUMI YAKU,Fiscal,Sierra,Intercultural Bilingüe,Indígena,Kichwa,kichwa-Amazonia,39.0,2.0,19.5
ORELLANA,ORELLANA,GARCIA MORENO,   LOBO 4,22B00032,JUAN ANDY,Fiscal,Sierra,Intercultural Bilingüe,Indígena,Kichwa,kichwa-Amazonia,28.0,1.0,28.0
ORELLANA,ORELLANA,GARCIA MORENO,   PUERTO COLON,22B00008,HERMANO QUIRINO GRANZIERA,Fiscal,Sierra,Intercultural Bilingüe,Indígena,Kichwa,kichwa-Amazonia,27.0,1.0,27.0
ORELLANA,ORELLANA,INES ARANGO (CAB. EN WESTERN),   COMUNIDAD DIKAPARE VIA AUCA TIGUINO MARGEN IZQUIERDO KM 78,22B00063,14 DE SEPTIEMBRE,Fiscal,Sierra,Intercultural Bilingüe,Indígena,Waorani,Huaorani,9.0,1.0,9.0
ORELLANA,ORELLANA,INES ARANGO (CAB. EN WESTERN),   COMUNIDAD KUNKUK,22B00061,CECIB SAN LUIS,Fiscal,Sierra,Intercultural Bilingüe,Indígena,Shuar,Shuar,49.0,4.0,12.25
ORELLANA,ORELLANA,INES ARANGO (CAB. EN WESTERN),   COMUNIDAD ORGANIZACION SAN MARTIN - VIA AUCA TIGUINO KM 91 MARGEN DERECHO 2DA LINEA,22B00014,CECIB 16 DE AGOSTO,Fiscal,Sierra,Intercultural Bilingüe,Indígena,Shuar,Kanelo-Kichwa,9.0,1.0,9.0
ORELLANA,ORELLANA,INES ARANGO (CAB. EN WESTERN),   JUWA,22B00012,SAN VICENTE,Fiscal,Sierra,Intercultural Bilingüe,Indígena,Shuar,Shuar,11.0,1.0,11.0
ORELLANA,ORELLANA,LA BELLEZA,   COMUNA PALMA ROJA VIA LOZ ZORROS KM20,22B00037,PRISCILA BAER,Fiscal,Sierra,Intercultural Bilingüe,Indígena,Kichwa,kichwa-Amazonia,137.0,10.0,13.7
ORELLANA,ORELLANA,LA BELLEZA,   COMUNA RIO TUCAN,22B00002,CECIB 9 DE OCTUBRE,Fiscal,Sierra,Intercultural Bilingüe,Indígena,Kichwa,kichwa-Amazonia,23.0,1.0,23.0
ORELLANA,ORELLANA,LA BELLEZA,"   COMUNIDAD 15 DE JULIO, VIA LOS ZORROS MARGEN DERECHO KM 27",22B00013,CARLOS CANELOS,Fiscal,Sierra,Intercultural Bilingüe,Indígena,Shuar,Shuar,17.0,1.0,17.0
ORELLANA,ORELLANA,LA BELLEZA,   COMUNIDAD ALTO SAN MIGUEL VIA SECUNDARIA,22B00023,CECOIBEB MELCHOR DOMINGO HUATATOCA,Fiscal,Sierra,Intercultural Bilingüe,Indígena,Kichwa,kichwa-Amazonia,38.0,2.0,19.0
ORELLANA,ORELLANA,LA BELLEZA,   COMUNIDAD CABERNAS JUMANDY,22B00064,JOSE PASCUAL ALVARADO,Fiscal,Sierra,Intercultural Bilingüe,Indígena,Kichwa,kichwa-Amazonia,8.0,1.0,8.0
ORELLANA,ORELLANA,LA BELLEZA,   COMUNIDAD INGAURCU KM45 VIA LOS ZORROS AL FRONTINO,22B00035,CECIB JOSE CAMILO TAPUY,Fiscal,Sierra,Intercultural Bilingüe,Indígena,Kichwa,kichwa-Amazonia,36.0,1.0,36.0
ORELLANA,ORELLANA,LA BELLEZA,"   COMUNIDAD SAN JOSE DE CHIMBORAZO, VIA LOS ZORROS, MARGEN IZQUIERDO, KM 10",22B00017,PITIUR,Fiscal,Sierra,Intercultural Bilingüe,Indígena,Kichwa,kichwa-Amazonia,15.0,1.0,15.0
ORELLANA,ORELLANA,LA BELLEZA,   COMUNIDAD WAYRA PAKCHA,22B00001,ANTONIO TAPUY,Fiscal,Sierra,Intercultural Bilingüe,Indígena,Kichwa,kichwa-Amazonia,22.0,1.0,22.0
ORELLANA,ORELLANA,LA BELLEZA,   SAN JUSTO,22B00009,MAXIMILIANO ALVARADO,Fiscal,Sierra,Intercultural Bilingüe,Indígena,Kichwa,kichwa-Amazonia,7.0,1.0,7.0
ORELLANA,ORELLANA,LA BELLEZA,   VIA LOS ZORROS BELLEZA COMUNIDAD AYURUNO,22B00038,10 DE MARZO,Fiscal,Sierra,Intercultural Bilingüe,Indígena,Kichwa,kichwa-Amazonia,11.0,1.0,11.0
ORELLANA,ORELLANA,LA BELLEZA,   VIA LOS ZORROS KM 64 1 LINEA VIA PRINCIPAL COMUNIDAD CACIQUE JUMANDY,22B00031,UNIDAD EDUCATIVA COMUNITARIA INTERCULTURAL BILINGÜE ANDRES ALVARADO ,Fiscal,Sierra,Intercultural Bilingüe,Indígena,Kichwa,kichwa-Amazonia,175.0,13.0,13.46
ORELLANA,ORELLANA,LA BELLEZA,   VIA ZORROS MARGEN IZQUIERDO A 6KM. RECINTO SANTA ROSA DE MANGUILA,22B00020,AWA,Fiscal,Sierra,Intercultural Bilingüe,Indígena,Kichwa,kichwa-Amazonia,12.0,1.0,12.0
ORELLANA,ORELLANA,NUEVO PARAISO (CAB. EN UNION ),   COMUNIDAD CORAZON DEL ORIENTE,22B00024,GABRIEL TANGUILA,Fiscal,Sierra,Intercultural Bilingüe,Indígena,Kichwa,kichwa-Amazonia,72.0,3.0,24.0
ORELLANA,ORELLANA,NUEVO PARAISO (CAB. EN UNION ),   COMUNIDAD JUAN PABLO II,22B00051,CECIB GABRIEL AGUSTO CALAPUCHA,Fiscal,Sierra,Intercultural Bilingüe,Indígena,Kichwa,kichwa-Amazonia,37.0,2.0,18.5
ORELLANA,ORELLANA,NUEVO PARAISO (CAB. EN UNION ),   PARROQUIA NUEVO PARAISO,22B00042,KURY YAKU,Fiscal,Sierra,Intercultural Bilingüe,Indígena,Kichwa,kichwa-Amazonia,10.0,1.0,10.0
ORELLANA,ORELLANA,NUEVO PARAISO (CAB. EN UNION ),   RURAL,22B00160,JUAN MANUEL CALAPUCHA AGUINDA,Fiscal,Sierra,Intercultural Bilingüe,Indígena,Kichwa,kichwa-Amazonia,17.0,1.0,17.0
ORELLANA,ORELLANA,NUEVO PARAISO (CAB. EN UNION ),   SUBCENTRO WAKRA YAKU,22B00018,CECIB CHAMBIRA URKU,Fiscal,Sierra,Intercultural Bilingüe,Indígena,Kichwa,kichwa-Amazonia,7.0,1.0,7.0
ORELLANA,ORELLANA,NUEVO PARAISO (CAB. EN UNION ),   VIA LAGO AGRIO - GUAYUSA - PALMAR DEL RIO - KM 40 LOCALIDAD COMUNA  SAN LORENZO SAN LORENZO,22B00011,CECIB  RIO ACORANO,Fiscal,Sierra,Intercultural Bilingüe,Indígena,Kichwa,kichwa-Amazonia,125.0,8.0,15.62
ORELLANA,ORELLANA,NUEVO PARAISO (CAB. EN UNION ),   VIA LAGO AGRIO MARGEN DERECHA KM SEIS LOCALIDAD MUSHU LLAKTA,22B00027,CECIB JORGE NOTENO,Fiscal,Sierra,Intercultural Bilingüe,Indígena,Kichwa,kichwa-Amazonia,23.0,1.0,23.0
ORELLANA,ORELLANA,NUEVO PARAISO (CAB. EN UNION ),   VIA LAGO AGRIO MARGEN IZQUIERDO A 30 KM.,22B00028,PITA URKU,Fiscal,Sierra,Intercultural Bilingüe,Indígena,Kichwa,kichwa-Amazonia,19.0,1.0,19.0
ORELLANA,ORELLANA,PUERTO FRANCISCO DE ORELLANA (EL COCA),   CASERIO AMARUM  MESA KM 5 VIA FLUVIAL,22B00109,MANABI,Fiscal,Sierra,Intercultural Bilingüe,Indígena,Kichwa,kichwa-Amazonia,220.0,14.0,15.71
ORELLANA,ORELLANA,PUERTO FRANCISCO DE ORELLANA (EL COCA),JOSE FELICIANO  ZARUMA ,22B00016,CECIB ÑUKANCHI WASI,Fiscal,Sierra,Intercultural Bilingüe,Indígena,Kichwa,kichwa-Amazonia,120.0,10.0,12.0
ORELLANA,ORELLANA,PUERTO FRANCISCO DE ORELLANA (EL COCA),   SAN JOSE DE COCA,22B00006,CECIB RIO COCA,Fiscal,Sierra,Intercultural Bilingüe,Indígena,Kichwa,kichwa-Amazonia,104.0,3.0,34.67
ORELLANA,ORELLANA,PUERTO FRANCISCO DE ORELLANA (EL COCA),   VIA LAGO AGRIO KM 16 MARGEN DERECHO COMUNIDAD DOMINGO PLAYA,22B00026,LUIS FERNANDO VIVERO,Fiscal,Sierra,Intercultural Bilingüe,Indígena,Kichwa,kichwa-Amazonia,61.0,3.0,20.33
ORELLANA,ORELLANA,PUERTO FRANCISCO DE ORELLANA (EL COCA),   VIA LORETO - BARRIO NUEVO COCA  - SECTOR  MUSHUK AYLLU,22B00054,UNIDAD EDUCATIVA COMUNITARIA INTERCULTURAL BILINGÜE GUARDIANAS DE LA LENGUA Y DE LOS SABERES MUSHUK AYLLU,Fiscal,Sierra,Intercultural Bilingüe,Mestiza,Mestiza,Mestiza,930.0,42.0,22.14
ORELLANA,ORELLANA,SAN JOSE DE GUAYUSA,   COMUNIDAD 10 DE AGOSTO KM 64 VIA PUCUNA MADERO,22B00062,CECIB INTI PAKARI,Fiscal,Sierra,Intercultural Bilingüe,Indígena,Kichwa,kichwa-Amazonia,22.0,1.0,22.0
ORELLANA,ORELLANA,SAN JOSE DE GUAYUSA,   GUAYUSA COMUNIDAD ATACAPI,22B00041,CECIBEB WAYRA PAMBA,Fiscal,Sierra,Intercultural Bilingüe,Indígena,Kichwa,kichwa-Amazonia,39.0,2.0,19.5
ORELLANA,ORELLANA,SAN JOSE DE GUAYUSA,   MARGEN IZQUIERDO COMUNIDAD KICHWA LUMUCHA,22B00045,CECIBEB JOSE YUMBO SAMUNA,Fiscal,Sierra,Intercultural Bilingüe,Indígena,Kichwa,kichwa-Amazonia,41.0,2.0,20.5
ORELLANA,ORELLANA,SAN JOSE DE GUAYUSA,   VIA COCA HUAYUSA COMUNA HUAYUSA,22B00039,UNIDAD EDUCATIVA COMUNITARIA INTERCULTURAL BILINGÜE WAYUSA,Fiscal,Sierra,Intercultural Bilingüe,Indígena,Kichwa,kichwa-Amazonia,412.0,15.0,27.47
ORELLANA,ORELLANA,SAN JOSE DE GUAYUSA,   VIA LUMBAQUI ALTO SUBCENTRO SARDINA KUNTUR PAKCHA,22B00161,KUNTUR PAKCHA,Fiscal,Sierra,Intercultural Bilingüe,Indígena,Kichwa,kichwa-Amazonia,15.0,1.0,15.0
ORELLANA,ORELLANA,SAN JOSE DE GUAYUSA,   VIA PALMAR DEL RIO,22B00167,CECIB MUNDITI URKU,Fiscal,Sierra,Intercultural Bilingüe,Indígena,Kichwa,kichwa-Amazonia,22.0,1.0,22.0
ORELLANA,ORELLANA,SAN JOSE DE GUAYUSA,   VIA PUCUNA SUBCENTRO SARDINAS,22B00060,CECIB 27 DE FEBRERO,Fiscal,Sierra,Intercultural Bilingüe,Indígena,Kichwa,kichwa-Amazonia,43.0,2.0,21.5
ORELLANA,ORELLANA,SAN LUIS DE ARMENIA,   ALTO MANDURU COMUNIDAD,22B00048,ANDRES MAMALLACTA,Fiscal,Sierra,Intercultural Bilingüe,Indígena,Kichwa,kichwa-Amazonia,172.0,10.0,17.2
ORELLANA,ORELLANA,SAN LUIS DE ARMENIA,   CASERIO,22B00029,CECIB DIONISIO SHIGUANGO,Fiscal,Sierra,Intercultural Bilingüe,Indígena,Kichwa,kichwa-Amazonia,34.0,1.0,34.0
ORELLANA,ORELLANA,SAN LUIS DE ARMENIA,   CENTRO RIO NAPO,22B00007,CECIB 15 DE ENERO,Fiscal,Sierra,Intercultural Bilingüe,Indígena,Kichwa,kichwa-Amazonia,11.0,1.0,11.0
ORELLANA,ORELLANA,SAN LUIS DE ARMENIA,   COMUNA MANDURO YAKU KM 10 VIA PUERTO MURIALDO,22B00059,CECIB PEDRO ALVARADO TANGUILA,Fiscal,Sierra,Intercultural Bilingüe,Indígena,Kichwa,kichwa-Amazonia,32.0,2.0,16.0
ORELLANA,ORELLANA,SAN LUIS DE ARMENIA,   COMUNIDAD ESTRELLA YACU,22B00025,CECIB 10 DE JULIO,Fiscal,Sierra,Intercultural Bilingüe,Indígena,Kichwa,kichwa-Amazonia,31.0,2.0,15.5
ORELLANA,ORELLANA,SAN LUIS DE ARMENIA,   COMUNIDAD PATAS YACU VIA LORETO KM8 MARGEN IZQUIERDO 2 LINEA,22B00004,CENTRO INTERCULTURAL BILINGUE CLEMENTE PIZANGO,Fiscal,Sierra,Intercultural Bilingüe,Indígena,Kichwa,Kanelo-Kichwa,101.0,3.0,33.67
ORELLANA,ORELLANA,SAN LUIS DE ARMENIA,   COMUNIDAD SAN LUIS DE ARMENIA,22B00003,CENTRO COMUNITARIO INTERCULTURAL BILINGUE RAMON ANDY,Fiscal,Sierra,Intercultural Bilingüe,Indígena,Kichwa,kichwa-Amazonia,156.0,11.0,14.18
ORELLANA,ORELLANA,SAN LUIS DE ARMENIA,   LOCALIDAD ESTRELLA YACU VIA LORETO KM18 ENTRADA PACO PLAYA,22B00030,HUMBERTO ANDY DEL AGUILA,Fiscal,Sierra,Intercultural Bilingüe,Indígena,Kichwa,kichwa-Amazonia,9.0,1.0,9.0
ORELLANA,ORELLANA,SAN LUIS DE ARMENIA,   RECINTO LOS LAURELES,22B00019,CECIB CHASKI,Fiscal,Sierra,Intercultural Bilingüe,Indígena,Kichwa,kichwa-Amazonia,21.0,1.0,21.0
ORELLANA,ORELLANA,SAN LUIS DE ARMENIA,VIA LORETO 18 VIA LORETO ,22B00172,BARTOLO NOTENO,Fiscal,Sierra,Intercultural Bilingüe,Indígena,Kichwa,kichwa-Amazonia,15.0,1.0,15.0
ORELLANA,ORELLANA,SAN LUIS DE ARMENIA,   VIA LORETO KM 8 COMUNIDAD VIA LORETO,22B00050,CENTRO INTERCULTURAL BILINGUE ELIAS ANDY,Fiscal,Sierra,Intercultural Bilingüe,Indígena,Kichwa,kichwa-Amazonia,17.0,1.0,17.0
ORELLANA,ORELLANA,TARACOA (NUEVA ESPERANZA: YUCA),   SAN CARLOS VIA TARACOA MARGEN IZQUIERDO KM 21,22B00076,CECIB HUAMANI,Fiscal,Sierra,Intercultural Bilingüe,Indígena,Kichwa,kichwa-Amazonia,48.0,2.0,24.0
ORELLANA,ORELLANA,TARACOA (NUEVA ESPERANZA: YUCA),   SAN  FCO CHICTA,22B00153,ROMULO FRNCISCO PELILEO PAPA,Fiscal,Sierra,Intercultural Bilingüe,Indígena,Kichwa,kichwa-Amazonia,14.0,1.0,14.0
ORELLANA,ORELLANA,TARACOA (NUEVA ESPERANZA: YUCA),   VIA AL YUCA  POZO PRIMAVER NUMERO UNO KM 35 COMUNIDAD PAMIWA KUCHA,22B00072,CECIB 25 DE SEPTIEMBRE,Fiscal,Sierra,Intercultural Bilingüe,Indígena,Kichwa,kichwa-Amazonia,56.0,2.0,28.0
PASTAZA,ARAJUNO,ARAJUNO,AV. CURARAY  JUAN AGUINDA ,16B00150,UNIDAD EDUCATIVA INTERCULTURAL BILINGUE GABRIEL LOPEZ,Fiscal,Sierra,Intercultural Bilingüe,Indígena,Kichwa,kichwa-Amazonia,717.0,40.0,17.92
PASTAZA,ARAJUNO,ARAJUNO,   CENTRO DE LA COMUNIDAD LIQUINO,16H00192,UNIDAD EDUCATIVA INTERCULTURAL BILINGUE LIKINO,Fiscal,Sierra,Intercultural Bilingüe,Indígena,Kichwa,kichwa-Amazonia,104.0,9.0,11.56
PASTAZA,ARAJUNO,ARAJUNO,   COMUNIDAD 10 DE JULIO  A 3  KM DE LA VIA PRINCIPAL A SHIWAKUCHA,15B00092,CENTRO EDUCATIVO COMUNITARIO INTERCULTURAL BILINGUE SILVERIO ANDI CERDA,Fiscal,Sierra,Intercultural Bilingüe,Indígena,Kichwa,kichwa-Amazonia,9.0,1.0,9.0
PASTAZA,ARAJUNO,ARAJUNO,   COMUNIDAD 20 DE MARZO,16B00148,CENTRO EDUCATIVO COMUNITARIO INTERCULTURAL BILINGUE DE EDUCACIÓN BÁSICA 20 DE MARZO,Fiscal,Sierra,Intercultural Bilingüe,Indígena,Kichwa,kichwa-Amazonia,54.0,7.0,7.71
PASTAZA,ARAJUNO,ARAJUNO,   COMUNIDAD ASAWANCHU,16B00198,CENTRO EDUCATIVO COMUNITARIO INTERCULTURAL BILINGUE VICENTE ANDI,Fiscal,Sierra,Intercultural Bilingüe,Indígena,Kichwa,kichwa-Amazonia,3.0,1.0,3.0
PASTAZA,ARAJUNO,ARAJUNO,   COMUNIDAD CHILLY URKU,16B00157,CENTRO EDUCATIVO COMUNITARIO INTERCULTURAL BILINGUE CAMILO VARGAS,Fiscal,Sierra,Intercultural Bilingüe,Indígena,Kichwa,kichwa-Amazonia,3.0,1.0,3.0
PASTAZA,ARAJUNO,ARAJUNO,   COMUNIDAD DE PAMPA YAKU,16B00003,CENTRO EDUCATIVO COMUNITARIO INTERCULTURAL BILINGUE CAROLINA URKU,Fiscal,Sierra,Intercultural Bilingüe,Indígena,Kichwa,kichwa-Amazonia,16.0,1.0,16.0
PASTAZA,ARAJUNO,ARAJUNO,   COMUNIDAD ITUK YAKU,16B00153,CENTRO EDUCATIVO COMUNITARIO INTERCULTURAL BILINGUE DOMINGO CHIMBO,Fiscal,Sierra,Intercultural Bilingüe,Indígena,Kichwa,kichwa-Amazonia,9.0,1.0,9.0
PASTAZA,ARAJUNO,ARAJUNO,   Comunidad Juan Vicente,16B00151,CENTRO EDUCATIVO COMUNITARIO INTERCULTURAL BILINGUE DE EDUCACIÓN BÁSICA YAVISUNO ALTO,Fiscal,Sierra,Intercultural Bilingüe,Indígena,Kichwa,kichwa-Amazonia,15.0,1.0,15.0
PASTAZA,ARAJUNO,ARAJUNO,   COMUNIDAD PAMPAYAKU,16B00158,CENTRO EDUVATIVO COMUNITARIO INTERCULTURAL BILINGUE PAMPAYAKU,Fiscal,Sierra,Intercultural Bilingüe,Indígena,Kichwa,kichwa-Amazonia,16.0,1.0,16.0
PASTAZA,ARAJUNO,ARAJUNO,   COMUNIDAD PITACOCHA,16H00193,UNIDAD EDUCATIVA INTERCULTURAL BILINGUE PITACOCHA,Fiscal,Sierra,Intercultural Bilingüe,Indígena,Kichwa,kichwa-Amazonia,158.0,15.0,10.53
PASTAZA,ARAJUNO,ARAJUNO,   COMUNIDAD SHIKULIN,16B00162,CENTRO EDUCATIVO COMUNITARIO INTERCULRUTAL BILINGUE GUSTAVO CORNEJO,Fiscal,Sierra,Intercultural Bilingüe,Indígena,Kichwa,kichwa-Amazonia,32.0,3.0,10.67
PASTAZA,ARAJUNO,ARAJUNO,   COMUNIDAD SHIWAKUCHA,16B00152,CENTRO EDUCATIVO COMUNITARIO INTERCULTURAL BILINGUE RIO AGUARICO,Fiscal,Sierra,Intercultural Bilingüe,Indígena,Kichwa,kichwa-Amazonia,23.0,2.0,11.5
PASTAZA,ARAJUNO,ARAJUNO,   NINGUNA,16B00226,CENTRO EDUCATIVO COMUNITARIO INTERCULTURAL BILINGUE RIO ARAJUNO,Fiscal,Sierra,Intercultural Bilingüe,Indígena,Kichwa,kichwa-Amazonia,2.0,1.0,2.0
PASTAZA,ARAJUNO,ARAJUNO,   RECINTO SAN MARIANO,16B00007,CENTRO EDUCATIVO COMUNITARIO INTERCULTURAL BILINGUE SAN MARIANO WAPUNO,Fiscal,Sierra,Intercultural Bilingüe,Indígena,Kichwa,kichwa-Amazonia,53.0,2.0,26.5
PASTAZA,ARAJUNO,ARAJUNO,   SAN JOSE WAPUNO,16B00189,CENTRO EDUCATIVO COMUNITARIO INTERCULTURAL BILINGUE CELSO GUERRA,Fiscal,Sierra,Intercultural Bilingüe,Indígena,Kichwa,kichwa-Amazonia,25.0,2.0,12.5
PASTAZA,ARAJUNO,ARAJUNO,   VÍA ARAJUNO    SHIWAKUCHA,16B00161,CENTRO EDUCATIVO COMUNITARIO INTERCULTURAL BILINGUE CHILLI URKU,Fiscal,Sierra,Intercultural Bilingüe,Indígena,Kichwa,kichwa-Amazonia,44.0,3.0,14.67
PASTAZA,ARAJUNO,ARAJUNO,   VIA KURARAY KM. 9 DESDE ARAJUNO,16B00160,CENTRO EDUCATIVO COMUNITARIO INTERCULTURAL BILINGUE SANTA CATALINA DE NUSHINO,Fiscal,Sierra,Intercultural Bilingüe,Indígena,Kichwa,kichwa-Amazonia,4.0,1.0,4.0
PASTAZA,ARAJUNO,CURARAY,   COMUNIDAD AKARO,16B00173,CENTRO EDUCATIVO COMUNITARIO INTERCULTURAL BILINGUE AKARO,Fiscal,Sierra,Intercultural Bilingüe,Indígena,Waorani,Waranka,4.0,1.0,4.0
PASTAZA,ARAJUNO,CURARAY,   Comunidad Bataboro,16B00167,TAREMO,Fiscal,Sierra,Intercultural Bilingüe,Indígena,Waorani,Huaorani,40.0,1.0,40.0
PASTAZA,ARAJUNO,CURARAY,   COMUNIDAD BELLAVISTA,16B00164,CENTRO EDUCATIVO COMUNITARIO INTERCULTURAL BILINGUE RIO VILLANO,Fiscal,Sierra,Intercultural Bilingüe,Indígena,Shuar,Shuar,13.0,1.0,13.0
PASTAZA,ARAJUNO,CURARAY,   COMUNIDAD CHUVA KACHI,16B00210,CENTRO EDUCATIVO COMUNITARIO INTERCULTURAL BILINGUE CHUVA KACHI,Fiscal,Sierra,Intercultural Bilingüe,Indígena,Kichwa,kichwa-Amazonia,20.0,1.0,20.0
PASTAZA,ARAJUNO,CURARAY,   COMUNIDAD CONONACO BAMENO,16B00194,CENTRO EDUCATIVO COMUNITARIO INTERCULTURAL BILINGUE WANE,Fiscal,Sierra,Intercultural Bilingüe,Indígena,Waorani,Huaorani,33.0,1.0,33.0
PASTAZA,ARAJUNO,CURARAY,   Comunidad Damointaro,16B00165,CENTRO EDUCATIVO COMUNITARIO INTERCULTURAL BILINGÜE  NAMPA KENTO,Fiscal,Sierra,Intercultural Bilingüe,Indígena,Waorani,Huaorani,11.0,1.0,11.0
PASTAZA,ARAJUNO,CURARAY,   COMUNIDAD ELENA DE VILLANO,16B00163,CENTRO EDUCATIVO COMUNITARIO INTERCULTUTAL BILINGUE  ELENA DE VILLANO,Fiscal,Sierra,Intercultural Bilingüe,Indígena,Kichwa,kichwa-Amazonia,15.0,1.0,15.0
PASTAZA,ARAJUNO,CURARAY,   COMUNIDAD HUITO,16H00210,MIRUSHAN,Fiscal,Sierra,Intercultural Bilingüe,Indígena,Kichwa,kichwa-Amazonia,14.0,1.0,14.0
PASTAZA,ARAJUNO,CURARAY,   COMUNIDAD ILIPI - VIA VILLANO,16B00229,CENTRO EDUCATIVO COMUNITARIO INTERCULTURAL BILINGUE ILIPI,Fiscal,Sierra,Intercultural Bilingüe,Indígena,Kichwa,kichwa-Amazonia,49.0,3.0,16.33
PASTAZA,ARAJUNO,CURARAY,   COMUNIDAD KENAWENO,16B00178,CENTRO EDUCATIVO COMUNITARIO INTERCULTURAL BILINGUE DAYUMA,Fiscal,Sierra,Intercultural Bilingüe,Indígena,Waorani,Huaorani,10.0,1.0,10.0
PASTAZA,ARAJUNO,CURARAY,   COMUNIDAD KEWEIDI ONO,16B00242,UNIDAD EDUCATIVA INTERCULTURAL BILINGUE NOGUI TOGORO,Fiscal,Sierra,Intercultural Bilingüe,Indígena,Waorani,Huaorani,50.0,3.0,16.67
PASTAZA,ARAJUNO,CURARAY,   Comunidad kiwaro,16B00179,CENTRO EDUCATIVO COMUNITARIO INTERCULTURAL BILINGUE  PEGONCA,Fiscal,Sierra,Intercultural Bilingüe,Indígena,Waorani,Huaorani,8.0,1.0,8.0
PASTAZA,ARAJUNO,CURARAY,   COMUNIDAD KUCHAKINKU,16B00184,CENTRO EDUCATIVO COMUNITARIO INTERCULTURAL BILINGUE KUCHAKINKU,Fiscal,Sierra,Intercultural Bilingüe,Indígena,Kichwa,kichwa-Amazonia,15.0,1.0,15.0
PASTAZA,ARAJUNO,CURARAY,   COMUNIDAD KURINTSA,16B00186,CENTRO EDUCATIVO COMUNITARIO INTERCULTURAL BILINGUE COANGOS,Fiscal,Sierra,Intercultural Bilingüe,Indígena,Shuar,Shuar,3.0,1.0,3.0
PASTAZA,ARAJUNO,CURARAY,   COMUNIDAD MEÑEPARE,16B00172,CENTRO EDUCATIVO COMUNITARIO INTERCULTURAL BILINGUE DAIME,Fiscal,Sierra,Intercultural Bilingüe,Indígena,Waorani,Huaorani,21.0,1.0,21.0
PASTAZA,ARAJUNO,CURARAY,   COMUNIDAD NEMOMPARE,16B00190,CENTRO EDUCATIVO COMUNITARIO INTERCULTURAL BILINGUE KAREWA,Fiscal,Sierra,Intercultural Bilingüe,Indígena,Waorani,Huaorani,4.0,1.0,4.0
PASTAZA,ARAJUNO,CURARAY,   COMUNIDAD NENQUEPARE,16B00175,CENTRO EDUCATIVO COMUNITARIO INTERCULTURAL BILINGUE ÑAME,Fiscal,Sierra,Intercultural Bilingüe,Indígena,Waorani,No Aplica,5.0,1.0,5.0
PASTAZA,ARAJUNO,CURARAY,   COMUNIDAD PAPARAWA,16H00198,UNIDAD EDUCATIVA INTERCULTURAL BILINGUE MONTE SINAI,Fiscal,Sierra,Intercultural Bilingüe,Indígena,Kichwa,kichwa-Amazonia,185.0,13.0,14.23
PASTAZA,ARAJUNO,CURARAY,   COMUNIDAD SAN SANTONIIO,16B00159,CENTRO EDUCATIVO COMUNITARIO INTERCULTURAL BILINGUE JOSE ANTONIO PAUCHI,Fiscal,Sierra,Intercultural Bilingüe,Indígena,Kichwa,kichwa-Amazonia,20.0,2.0,10.0
PASTAZA,ARAJUNO,CURARAY,   COMUNIDAD SANTA CECILIA DE VILLANO,16H00204,CENTRO EDUCATIVO COMUNITARIO INTERCULTURAL BILINGUE DE EDUCACIÓN  BASICA PALATI,Fiscal,Sierra,Intercultural Bilingüe,Indígena,Kichwa,kichwa-Amazonia,205.0,12.0,17.08
PASTAZA,ARAJUNO,CURARAY,   COMUNIDAD SISA,16B00230,CENTRO EDUCATIVO COMUNITARIO INTERCULTURAL BILINGÜE DE EDUCACION BASICA SISA,Fiscal,Sierra,Intercultural Bilingüe,Indígena,Kichwa,kichwa-Amazonia,22.0,1.0,22.0
PASTAZA,ARAJUNO,CURARAY,   COMUNIDAD TEPAPARE,16B00177,CENTRO EDUCATIVO COMUNITARIO INTERCULTURAL BILINGUE NANKA,Fiscal,Sierra,Intercultural Bilingüe,Indígena,Waorani,Huaorani,7.0,1.0,7.0
PASTAZA,ARAJUNO,CURARAY,   COMUNIDAD TIWENO,16B00193,CENTRO EDUCATIVO COMUNITARIO INTERCULTURAL BILINGUE  REINO DE QUITO,Fiscal,Sierra,Intercultural Bilingüe,Indígena,Waorani,Waranka,6.0,1.0,6.0
PASTAZA,ARAJUNO,CURARAY,   COMUNIDAD  TIWINO WAORANI,16B00168,UNIDAD EDUCATIVA INTERCULTURAL BILINGUE GAITA WENO,Fiscal,Sierra,Intercultural Bilingüe,Indígena,Waorani,Kanelo-Kichwa,144.0,9.0,16.0
PASTAZA,ARAJUNO,CURARAY,   COMUNIDAD TOÑAMPARI,16B00176,UNIDAD EDUCATIVA DEL MILENIO INTERCULTURAL BILINGÜE TOÑE,Fiscal,Sierra,Intercultural Bilingüe,Indígena,Waorani,Huaorani,121.0,8.0,15.12
PASTAZA,ARAJUNO,CURARAY,   COMUNIDAD TZAPINO,16B00180,CENTRO EDUCATIVO COMUNITARIO INTERCULTURAL BILINGUE WAREKA,Fiscal,Sierra,Intercultural Bilingüe,Indígena,Waorani,Huaorani,5.0,1.0,5.0
PASTAZA,ARAJUNO,CURARAY,   COMUNIDAD WITA WAYA,16B00199,CENTRO EDUCATIVO COMUNITARIO INTERCULTURAL BILINGUE YANA RUMI,Fiscal,Sierra,Intercultural Bilingüe,Indígena,Kichwa,kichwa-Amazonia,13.0,1.0,13.0
PASTAZA,ARAJUNO,CURARAY,   Curaray,16B00187,UNIDAD EDUCATIVA INTERCULTURAL BILINGUE SAN JOSÉ,Fiscal,Sierra,Intercultural Bilingüe,Indígena,Kichwa,kichwa-Amazonia,202.0,10.0,20.2
PASTAZA,ARAJUNO,CURARAY,   FLUVIAL 3 HORAS VIAJES,16B00214,CENTRO EDUCATIVO COMUNITARIO INTERCULTURAL BILINGUE KALLANA YAKU,Fiscal,Sierra,Intercultural Bilingüe,Indígena,Kichwa,kichwa-Amazonia,20.0,1.0,20.0
PASTAZA,ARAJUNO,CURARAY,   JAIME ROLDOS,16B00182,UNIDAD EDUCATIVA INTERCULTURAL BILINGUE CACIQUE JUMANDY,Fiscal,Sierra,Intercultural Bilingüe,Indígena,Kichwa,kichwa-Amazonia,82.0,8.0,10.25
PASTAZA,ARAJUNO,CURARAY,   JESUS COCHA,16B00185,CENTRO EDUCATIVO COMUNITARIO INTERCULTURAL BILINGUE SAN VICENTE FERRER,Fiscal,Sierra,Intercultural Bilingüe,Indígena,Kichwa,kichwa-Amazonia,25.0,1.0,25.0
PASTAZA,ARAJUNO,CURARAY,   KILLUALPA,16B00219,CENTRO EDUCATIVO CUMUNITARIO INTERCULTURAL BILINGUE PADRE CESAR RICCI,Fiscal,Sierra,Intercultural Bilingüe,Indígena,Kichwa,kichwa-Amazonia,21.0,1.0,21.0
PASTAZA,ARAJUNO,CURARAY,LORO KACHI 118 LORO KACHI ,16B00279,LORO KACHI,Fiscal,Sierra,Intercultural Bilingüe,Indígena,Kichwa,kichwa-Amazonia,94.0,6.0,15.67
PASTAZA,ARAJUNO,CURARAY,   NUEVO SAN JOSE,16B00197,UNIDAD EDUCATIVA INTERCULTURAL BILINGUE NUEVO SAN JOSÉ,Fiscal,Sierra,Intercultural Bilingüe,Indígena,Kichwa,kichwa-Amazonia,102.0,9.0,11.33
PASTAZA,ARAJUNO,CURARAY,   SHIWACOCHA,16B00196,CENTRO EDUVATIVO COMUNITARIO INTERCULTURAL BILINGUE ATAHUALPA,Fiscal,Sierra,Intercultural Bilingüe,Indígena,Kichwa,kichwa-Amazonia,39.0,2.0,19.5
PASTAZA,ARAJUNO,CURARAY,   UNA HORA DE TRNSPORTE AEREO Y  CUATRO HORAS POR VIA FLUVIAL,16B00233,CENTRO EDUCATIVO COMUNITARIO INTERCULTURAL BILINGÜE DE EDUCACION BASICA HATUN PLAYA,Fiscal,Sierra,Intercultural Bilingüe,Indígena,Kichwa,kichwa-Amazonia,8.0,1.0,8.0
PASTAZA,ARAJUNO,CURARAY,   Wakamaya,16B00181,CENTRO EDUCATIVO COMUNITARIO INTERCULTURAL BILINGUE WAKAMAYA,Fiscal,Sierra,Intercultural Bilingüe,Indígena,Kichwa,kichwa-Amazonia,8.0,1.0,8.0
PASTAZA,MERA,MADRE TIERRA,   KM 14  VIA PUERTO SANTANA,16B00206,CECIB DE EDUCACION BASICA GUILLERMO SANTI,Fiscal,Sierra,Intercultural Bilingüe,Indígena,Kichwa,kichwa-Amazonia,25.0,1.0,25.0
PASTAZA,MERA,MADRE TIERRA,   MADRE TIERRA,16B00134,CENTRO EDUCATIVO COMUNITARIO INTERCULTURAL BILINGÜE DE EDUCACION BASICA GENERAL CALICUCHIMA,Fiscal,Sierra,Intercultural Bilingüe,Indígena,Kichwa,kichwa-Amazonia,36.0,2.0,18.0
PASTAZA,MERA,MADRE TIERRA,   RECINTO PUERTO SANTA ANA,16B00136,CENTRO EDUCATIVO COMUNITARIO INTERCULTURAL BILINGÜE DE EDUCACION BASICA PRINCESA TOA,Fiscal,Sierra,Intercultural Bilingüe,Indígena,Kichwa,kichwa-Amazonia,42.0,5.0,8.4
PASTAZA,MERA,MADRE TIERRA,   VIA PUYO TARQUI LA ENCAÑADA KM 20  COMUNIDAD NUEVA VIDA,16B00137,UNIDAD EDUCATIVA COMUNITARIA INTERCULTURAL BILINGÜE SAN JACINTO,Fiscal,Sierra,Intercultural Bilingüe,Indígena,Kichwa,kichwa-Amazonia,176.0,15.0,11.73
PASTAZA,MERA,SHELL,   REGISTRO OFICIAL,16B00138,UNIDAD EDUCATIVA COMUNITARIA INTERCULTURAL BILINGÜE EMAUS,Fiscal,Sierra,Intercultural Bilingüe,Indígena,Kichwa,kichwa-Amazonia,268.0,15.0,17.87
PASTAZA,PASTAZA,CANELOS,   BARRIO PALIMBE,16B00016,CENTRO EDUCATIVO COMUNITARIO INTERCULTURAL BILINGÜE DE EDUCACION BASICA ATAKAPI,Fiscal,Sierra,Intercultural Bilingüe,Indígena,Kichwa,kichwa-Amazonia,36.0,4.0,9.0
PASTAZA,PASTAZA,CANELOS,   COMUNIDAD CHAPETON,16B00008,CENTRO EDUCATIVO COMUNITARIO INTERCULTURAL BILINGÜE DE EDUCACION BASICA GUILLERMO TANCHIMA,Fiscal,Sierra,Intercultural Bilingüe,Indígena,Kichwa,kichwa-Amazonia,21.0,2.0,10.5
PASTAZA,PASTAZA,CANELOS,   KM 6 VIA  CANELOS,16B00218,ESCUELA DE EDUCACION BASICA INTERCULTURAL BILINGUE SAN EUSEBIO,Fiscal,Sierra,Intercultural Bilingüe,Indígena,Kichwa,kichwa-Amazonia,18.0,1.0,18.0
PASTAZA,PASTAZA,CANELOS,   LA CUYA,16B00012,CENTRO EDUCATIVO COMUNITARIO INTERCULTURAL BILINGÜE DE EDUCACION BASICA EUGENIO ESPEJO,Fiscal,Sierra,Intercultural Bilingüe,Indígena,Kichwa,kichwa-Amazonia,21.0,2.0,10.5
PASTAZA,PASTAZA,CANELOS,   SIN REFERENCIA,16B00010,CENTRO EDUCATIVO COMUNITARIO INTERCULTURAL BILINGÜE DE EDUCACION BASICA PAVAYACU,Fiscal,Sierra,Intercultural Bilingüe,Indígena,Kichwa,Kanelo-Kichwa,12.0,1.0,12.0
PASTAZA,PASTAZA,CANELOS,   VIA A LA CUYA  CASERIO,16B00011,CENTRO EDUCATIVO COMUNITARIO INTERCULTURAL BILINGÜE DE EDUCACION BASICA SARAYACU PUERTO,Fiscal,Sierra,Intercultural Bilingüe,Indígena,Kichwa,kichwa-Amazonia,10.0,1.0,10.0
PASTAZA,PASTAZA,DIEZ DE AGOSTO,   VIA DIEZ  DE AGOSTO -TENA -  ALTERNA   KM 20 COMUNIDAD SAN  RAMÓN,16B00017,UNIDAD EDUCATIVA COMUNITARIA INTERCULTURAL BILINGÜE SAN RAMON,Fiscal,Sierra,Intercultural Bilingüe,Indígena,Kichwa,kichwa-Amazonia,99.0,10.0,9.9
PASTAZA,PASTAZA,MONTALVO (ANDOAS),   CASERIO NUMBAIMI (CECIB NUMBAIMI),16B00038,ESCUELA DE EDUCACION BASICA INTERCULTURAL BILINGÜE NUMBAIMI,Fiscal,Sierra,Intercultural Bilingüe,Indígena,Achuar,Achuar,19.0,1.0,19.0
PASTAZA,PASTAZA,MONTALVO (ANDOAS),   COMUNIDAD ACHUAR CHARAPACOCHA,16B00048,PEAS,Fiscal,Sierra,Intercultural Bilingüe,Indígena,Achuar,Achuar,165.0,10.0,16.5
PASTAZA,PASTAZA,MONTALVO (ANDOAS),   COMUNIDAD ACHUAR CHICHIRAT,16B00032,CENTRO EDUCATIVO COMUNITARIO INTERCULTURAL BILINGÜE DE EDUCACION BASICA CHICHIRAT,Fiscal,Sierra,Intercultural Bilingüe,Indígena,Achuar,Achuar,32.0,1.0,32.0
PASTAZA,PASTAZA,MONTALVO (ANDOAS),   COMUNIDAD ACHUAR ECOLOGICO MUITS-ENTSA,16B00024,CENTRO EDUCATIVO COMUNITARIO INTERCULTURAL BILINGÜE DE EDUCACION BASICA MUITSENTSA,Fiscal,Sierra,Intercultural Bilingüe,Indígena,Achuar,Achuar,9.0,1.0,9.0
PASTAZA,PASTAZA,MONTALVO (ANDOAS),   COMUNIDAD ACHUAR  KAPAWARI,16B00030,CENTRO EDUCATIVO COMUNITARIO INTERCULTURAL BILINGÜE DE EDUCACION BASICA VICENTE ANDA AGUIRRE,Fiscal,Sierra,Intercultural Bilingüe,Indígena,Achuar,Achuar,18.0,2.0,9.0
PASTAZA,PASTAZA,MONTALVO (ANDOAS),   COMUNIDAD ACHUAR KAPAWI,16B00041,UNIDAD EDUCATIVA COMUNITARIA INTERCULTURAL BILINGÜE TUNA,Fiscomisional,Sierra,Intercultural Bilingüe,Indígena,Achuar,Achuar,131.0,9.0,14.56
PASTAZA,PASTAZA,MONTALVO (ANDOAS),   COMUNIDAD ACHUAR MASHIENT,16B00253,CECIB DE EDUCACION BASICA ENTSAKUA,Fiscal,Sierra,Intercultural Bilingüe,Indígena,Achuar,Achuar,60.0,3.0,20.0
PASTAZA,PASTAZA,MONTALVO (ANDOAS),   COMUNIDAD ACHUAR PUKUAN,16B00035,CECIB DE EDUCACION BASICA CHUMPI,Fiscal,Sierra,Intercultural Bilingüe,Indígena,Achuar,Achuar,26.0,2.0,13.0
PASTAZA,PASTAZA,MONTALVO (ANDOAS),   COMUNIDAD ACHUAR SUWA,16B00023,CENTRO EDUCATIVO COMUNITARIO INTERCULTURAL BILINGÜE DE EDUCACION BASICA IRAR SUWA,Fiscal,Sierra,Intercultural Bilingüe,Indígena,Achuar,Achuar,21.0,1.0,21.0
PASTAZA,PASTAZA,MONTALVO (ANDOAS),   COMUNIDAD ACHUAR TSEMPUNTSA,16B00043,CENTRO EDUCATIVO COMUNITARIO INTERCULTURAL BILINGÜE DE EDUCACION BASICA TSEMPUNTSA,Fiscal,Sierra,Intercultural Bilingüe,Indígena,Achuar,Achuar,22.0,1.0,22.0
PASTAZA,PASTAZA,MONTALVO (ANDOAS),   COMUNIDAD DE BOBERAS,16B00021,CECIB DE EDUCACION BASICA ECUADOR,Fiscal,Sierra,Intercultural Bilingüe,Indígena,Kichwa,Kanelo-Kichwa,45.0,3.0,15.0
PASTAZA,PASTAZA,MONTALVO (ANDOAS),   COMUNIDAD GUARANI,16B00046,CECIB DE EDUCACION BASICA GUARANI,Fiscal,Sierra,Intercultural Bilingüe,Indígena,Achuar,Achuar,60.0,3.0,20.0
PASTAZA,PASTAZA,MONTALVO (ANDOAS),   COMUNIDAD KURINTSA,16B00055,UNIDAD EDUCATIVA COMUNITARIA INTERCULTURAL BILINGÜE KURINTSA,Fiscal,Sierra,Intercultural Bilingüe,Indígena,Shiwiar,Kanelo-Kichwa,133.0,12.0,11.08
PASTAZA,PASTAZA,MONTALVO (ANDOAS),   COMUNIDAD KUSUTKAU,16B00028,CENTRO EDUCATIVO COMUNITARIO INTERCULTURAL BILINGÜE DE EDUCACION BASICA ANTIK,Fiscal,Sierra,Intercultural Bilingüe,Indígena,Achuar,Achuar,48.0,2.0,24.0
PASTAZA,PASTAZA,MONTALVO (ANDOAS),   COMUNIDAD MORETE PLAYA  MONTALVO ANDOAS,16B00262,CENTRO EDUCATIVO COMUNITARIO INTERCULTURAL BILINGÜE DE EDUCACION BASICA GENERAL MIGUEL ITURALDE,Fiscal,Sierra,Intercultural Bilingüe,Indígena,Kichwa,kichwa-Amazonia,17.0,1.0,17.0
PASTAZA,PASTAZA,MONTALVO (ANDOAS),   COMUNIDAD MURU PISHI,16B00220,CENTRO EDUCATIVO COMUNITARIO INTERCULTURAL BILINGÜE DE EDUCACION BASICA INGARU URKU,Fiscal,Sierra,Intercultural Bilingüe,Indígena,Kichwa,kichwa-Amazonia,26.0,1.0,26.0
PASTAZA,PASTAZA,MONTALVO (ANDOAS),   COMUNIDAD PUKAYAKU,16B00261,UNIDAD EDUCATIVA INTERCULTURAL BILINGUE NOSHKYA MOAKA,Fiscal,Sierra,Intercultural Bilingüe,Indígena,Kichwa,kichwa-Amazonia,151.0,14.0,10.79
PASTAZA,PASTAZA,MONTALVO (ANDOAS),   COMUNIDAD SHARAM ENTSA,16B00042,UNIDAD EDUCATIVA COMUNITARIA INTERCULTURAL BILINGUE RIO PASTAZA,Fiscal,Sierra,Intercultural Bilingüe,Indígena,Achuar,Achuar,64.0,4.0,16.0
PASTAZA,PASTAZA,MONTALVO (ANDOAS),   COMUNIDAD WAYUS ENTSA,16B00045,CENTRO EDUCATIVO COMUNITARIO INTERCULTURAL BILINGÜE DE EDUCACION BASICA SAANT,Fiscal,Sierra,Intercultural Bilingüe,Indígena,Achuar,kichwa-Amazonia,63.0,2.0,31.5
PASTAZA,PASTAZA,MONTALVO (ANDOAS),   JUNTO AL RIO BOBONAZA,16B00259,KAPIRNA,Fiscal,Sierra,Intercultural Bilingüe,Indígena,Shiwiar,Shiwiar,77.0,5.0,15.4
PASTAZA,PASTAZA,MONTALVO (ANDOAS),   MONTALVO  PLAZA PRINCIPAL,16B00044,RIO BOBONAZA,Fiscal,Sierra,Intercultural Bilingüe,Indígena,Kichwa,kichwa-Amazonia,163.0,11.0,14.82
PASTAZA,PASTAZA,MONTALVO (ANDOAS),   PLAYAS -MONTALVO,16B00224,CENTRO EDUCATIVO COMUNITARIO INTERCULTURAL BILINGÜE DE EDUCACION BASICA AHUIRITO DAHUA,Fiscal,Sierra,Intercultural Bilingüe,Indígena,Kichwa,kichwa-Amazonia,37.0,3.0,12.33
PASTAZA,PASTAZA,MONTALVO (ANDOAS),   RURAL,16B00209,ESCUELA DE EDUCACION BASICA INTERCULTURAL BILINGUE MANKU URKU,Fiscal,Sierra,Intercultural Bilingüe,Indígena,Kichwa,kichwa-Amazonia,85.0,4.0,21.25
PASTAZA,PASTAZA,PUYO,AV GONZALES SUAREZ 8 C GONZALO PIZARRO ,16B00208,UNIDAD EDUCATIVA INTERCULTURAL BILINGÜE AMAUTA ÑANPI,Fiscomisional,Sierra,Intercultural Bilingüe,Indígena,Kichwa,kichwa-Amazonia,513.0,29.0,17.69
PASTAZA,PASTAZA,PUYO,LEONIDAS PROAÑO Y FRANCISCO CERDA  Barrio Sto Domingo ,16B00002,"CENTRO EDUCATIVO COMUNITARIO INTERCULTURAL BILINGÜE DE EDUCACION BASICA  ""ÑUKANCHIK ALLPA""",Fiscal,Sierra,Intercultural Bilingüe,Indígena,Kichwa,kichwa-Amazonia,118.0,7.0,16.86
PASTAZA,PASTAZA,PUYO,   UNION BASE,16B00221,CENTRO EDUCATIVO COMUNITARIO INTERCULTURAL BILINGÜE DE EDUCACION BASICA JUAN MONTALVO,Fiscal,Sierra,Intercultural Bilingüe,Indígena,Kichwa,kichwa-Amazonia,26.0,2.0,13.0
PASTAZA,PASTAZA,RIO CORRIENTES,   CASERIO BUFEO,16B00258,ESCUELA DE EDUCACION BASICA INTERCULTURAL BILINGÜE GENERAL PINTAG,Fiscal,Sierra,Intercultural Bilingüe,Indígena,Shiwiar,Shiwiar,38.0,3.0,12.67
PASTAZA,PASTAZA,RIO CORRIENTES,   CASERIO CHUINTSA,16B00063,CENTRO EDUCATIVO COMUNITARIO INTERCULTURAL BILINGÜE DE EDUCACION BASICA CUIDAD DE ZAMORA,Fiscal,Sierra,Intercultural Bilingüe,Indígena,Shiwiar,Shiwiar,17.0,1.0,17.0
PASTAZA,PASTAZA,RIO CORRIENTES,   CASERIO KAMBANTSA,16B00053,CENTRO EDUCATIVO COMUNITARIO INTERCULTURAL BILINGÜE DE EDUCACION BASICA KAMBANTSA,Fiscal,Sierra,Intercultural Bilingüe,Indígena,Shiwiar,Shiwiar,4.0,1.0,4.0
PASTAZA,PASTAZA,RIO CORRIENTES,   CASERIO TANGUNTSA,16B00049,CENTRO EDUCATIVO COMUNITARIO INTERCULTURAL BILINGÜE DE EDUCACION BASICA TANGUNTSA,Fiscal,Sierra,Intercultural Bilingüe,Indígena,Shiwiar,Shiwiar,9.0,1.0,9.0
PASTAZA,PASTAZA,RIO CORRIENTES,   CASERIO TUNGUINTSA,16B00052,CECIB DE EDUCACION BASICA ELADIO VILLAMARIN,Fiscal,Sierra,Intercultural Bilingüe,Indígena,Shiwiar,Shiwiar,12.0,1.0,12.0
PASTAZA,PASTAZA,RIO CORRIENTES,   COMUNIDAD ACHUAR MAKUSAR,16B00040,CENTRO EDUCATIVO COMUNITARIO INTERCULTURAL BILINGÜE DE EDUCACION BASICA MAKUSAR,Fiscal,Sierra,Intercultural Bilingüe,Indígena,Achuar,Achuar,34.0,4.0,8.5
PASTAZA,PASTAZA,RIO CORRIENTES,   COMUNIDAD ACHUAR MASHUENTSA A UNA DISTANCIA DE DOCE HORAS DE CAMINO  DE YUTSUNTSA,16B00227,CENTRO EDUCATIVO COMUNITARIO INTERCULTURAL BILINGÜE DE EDUCACION BASICA TENTETS,Fiscal,Sierra,Intercultural Bilingüe,Indígena,Achuar,Achuar,3.0,1.0,3.0
PASTAZA,PASTAZA,RIO CORRIENTES,   COMUNIDAD ACHUAR TIINKIAS,16B00034,CECIB DE EDUCACION BASICA TIINKIAS,Fiscal,Sierra,Intercultural Bilingüe,Indígena,Achuar,Achuar,13.0,1.0,13.0
PASTAZA,PASTAZA,RIO CORRIENTES,COMUNIDAD INIAK  COMUNIDAD INIAK PARROQUIA RíO CORRIENTES ,16B00290,CENTRO EDUCATIVO COMUNITARIO INTERCULTURAL BILINGÜE DE EDUCACION BASICA INIAK,Fiscal,Sierra,Intercultural Bilingüe,Indígena,Achuar,Achuar,22.0,1.0,22.0
PASTAZA,PASTAZA,RIO CORRIENTES,   COMUNIDAD JUYUINTSA,16B00051,CENTRO EDUCATIVO COMUNITARIO INTERCULTURAL BILINGÜE DE EDUCACION BASICA MASHINKIASH,Fiscal,Sierra,Intercultural Bilingüe,Indígena,Shiwiar,Shiwiar,11.0,1.0,11.0
PASTAZA,PASTAZA,RIO CORRIENTES,   COMUNIDAD NUEVO CORRIENTES,16B00054,CENTRO EDUCATIVO COMUNITARIO INTERCULTURAL BILINGÜE DE EDUCACION BASICA PEDRO FERMIN CEVALLOS,Fiscal,Sierra,Intercultural Bilingüe,Indígena,Shiwiar,Shiwiar,15.0,1.0,15.0
PASTAZA,PASTAZA,RIO CORRIENTES,   COMUNIDAD YUTSUNTSA,16B00029,CENTRO EDUCATIVO COMUNITARIO INTERCULTURAL BILINGÜE DE EDUCACION BASICA YUTSUNTSA,Fiscal,Sierra,Intercultural Bilingüe,Indígena,Achuar,Achuar,50.0,2.0,25.0
PASTAZA,PASTAZA,RIO CORRIENTES,RURAL  PIENTSA ,16B00278,CENTRO EDUCATIVO COMUNITARIO INTERCULTURAL BILINGÜE DE EDUCACION BASICA PIENTSA,Fiscal,Sierra,Intercultural Bilingüe,Indígena,Shiwiar,Shiwiar,10.0,1.0,10.0
PASTAZA,PASTAZA,RIO CORRIENTES,YANDANAENTSA  DERECHA ,16B00294,YANDANAENTSA,Fiscal,Sierra,Intercultural Bilingüe,Indígena,Shiwiar,Shiwiar,12.0,1.0,12.0
PASTAZA,PASTAZA,RIO TIGRE,   CASERIO PINDO YAKU,16B00062,CENTRO EDUCATIVO COMUNITARIO INTERCULTURAL BILINGÜE DE EDUCACION BASICA CABO MINACHO,Fiscal,Sierra,Intercultural Bilingüe,Indígena,Zapara,Zapara,27.0,3.0,9.0
PASTAZA,PASTAZA,RIO TIGRE,   COMUNIDAD CUYACOCHA,16B00057,CENTRO EDUCATIVO COMUNITARIO INTERCULTURAL BILINGÜE DE EDUCACION BASICA CUYACOCHA,Fiscal,Sierra,Intercultural Bilingüe,Indígena,Zapara,Zapara,13.0,2.0,6.5
PASTAZA,PASTAZA,RIO TIGRE,   COMUNIDAD IMATIÑA RIVERA DEL RIO CONAMBO,16B00059,CENTRO EDUCATIVO COMUNITARIO INTERCULTURAL BILINGÜE DE EDUCACION BASICA IMATIÑA KATERIKA,Fiscal,Sierra,Intercultural Bilingüe,Indígena,Zapara,Zapara,8.0,1.0,8.0
PASTAZA,PASTAZA,RIO TIGRE,   COMUNIDAD NINA AMARUN,16B00195,CENTRO EDUCATIVO COMUNITARIO INTERCULTURAL BILINGÜE DE EDUCACION BASICA NINA AMARUM,Fiscal,Sierra,Intercultural Bilingüe,Indígena,Kichwa,kichwa-Amazonia,12.0,1.0,12.0
PASTAZA,PASTAZA,RIO TIGRE,   COMUNIDAD SHIONA,16B00064,CENTRO EDUCATIVO COMUNITARIO INTERCULTURAL BILINGÜE DE EDUCACION BASICA SHIONA,Fiscal,Sierra,Intercultural Bilingüe,Indígena,Zapara,Kanelo-Kichwa,20.0,2.0,10.0
PASTAZA,PASTAZA,RIO TIGRE,   COMUNIDAD TIKIRIKA SURAKA,16B00056,ESCUELA DE EDUCACION BASICA DE EDUCACION INTERCULTURAL TIKIRIKA SURAKA,Fiscal,Sierra,Intercultural Bilingüe,Indígena,Zapara,Waranka,13.0,1.0,13.0
PASTAZA,PASTAZA,RIO TIGRE,   COMUNIDAD VALLE HERMOSO,16B00202,ESCUELA DE EDUCACION BASICA INTERCULTURAL BILINGUE PAVACACHI,Fiscal,Sierra,Intercultural Bilingüe,Indígena,Kichwa,kichwa-Amazonia,13.0,1.0,13.0
PASTAZA,PASTAZA,RIO TIGRE,   COMUNIDAD WIRIRIMA,16B00060,CENTRO EDUCATIVO COMUNITARIO INTERCULTURAL BILINGÜE DE EDUCACION BASICA WIRIRIMA,Fiscal,Sierra,Intercultural Bilingüe,Indígena,Zapara,Zapara,31.0,2.0,15.5
PASTAZA,PASTAZA,RIO TIGRE,YANA YAKU 15 COMUNIDAD YANA YAKU ,16B00292,ESCUELA DE EDUCACION BASICA INTERCULTURAL BILINGUE YANA YAKU,Fiscal,Sierra,Intercultural Bilingüe,Indígena,Kichwa,kichwa-Amazonia,8.0,1.0,8.0
PASTAZA,PASTAZA,SARAYACU,   CASERIO JANDIA YAKU,16B00083,CENTRO EDUCATIVO COMUNITARIO INTERCULTURAL BILINGÜE DE EDUCACION BASICA MURICHA ARIMAMU,Fiscal,Sierra,Intercultural Bilingüe,Indígena,Zapara,Zapara,20.0,1.0,20.0
PASTAZA,PASTAZA,SARAYACU,   CASERIO MASARAMU,16B00237,CENTRO EDUCATIVO COMUNITARIO INTERCULTURAL BILINGÜE DE EDUCACION BASICA MASARAKA,Fiscal,Sierra,Intercultural Bilingüe,Indígena,Zapara,Zapara,25.0,2.0,12.5
PASTAZA,PASTAZA,SARAYACU,   COMUNIDAD ACHUAR,16B00080,ACHUAR,Fiscal,Sierra,Intercultural Bilingüe,Indígena,Achuar,Achuar,39.0,3.0,13.0
PASTAZA,PASTAZA,SARAYACU,   COMUNIDAD ACHUAR KUANKUA,16B00033,CECIB DE EDUCACION BASICA KUANKUA,Fiscal,Sierra,Intercultural Bilingüe,Indígena,Achuar,Achuar,32.0,3.0,10.67
PASTAZA,PASTAZA,SARAYACU,COMUNIDAD ACHUAR MASURASH  COMUNIDAD ACHUAR MASURASH ,16B00293,CENTRO EDUCATIVO COMUNITARIO INTERCULTURAL BILINGÜE DE EDUCACION BASICA MASURASH,Fiscal,Sierra,Intercultural Bilingüe,Indígena,Achuar,Achuar,12.0,1.0,12.0
PASTAZA,PASTAZA,SARAYACU,   COMUNIDAD ACHUAR SANTIAK,16B00047,CENTRO EDUCATIVO COMUNITARIO INTERCULTURAL BILINGÜE DE EDUCACION BASICA SANTIAK,Fiscal,Sierra,Intercultural Bilingüe,Indígena,Achuar,Achuar,80.0,3.0,26.67
PASTAZA,PASTAZA,SARAYACU,   COMUNIDAD ACHUAR SHAIMI,16B00069,CENTRO EDUCATIVO COMUNITARIO INTERCULTURAL BILINGÜE DE EDUCACION BASICA JORGE KAJEKUI,Fiscal,Sierra,Intercultural Bilingüe,Indígena,Achuar,Achuar,19.0,1.0,19.0
PASTAZA,PASTAZA,SARAYACU,   COMUNIDAD CHUNTAYACU,16B00071,CECIB DE EDUCACION BASICA MUSHUK YACHANA WASI,Fiscal,Sierra,Intercultural Bilingüe,Indígena,Kichwa,kichwa-Amazonia,22.0,1.0,22.0
PASTAZA,PASTAZA,SARAYACU,   COMUNIDAD KALIKALI,16B00068,CENTRO EDUCATIVO COMUNITARIO INTERCULTURAL BILINGÜE DE EDUCACION BASICA SOLDADO QUIROZ,Fiscal,Sierra,Intercultural Bilingüe,Indígena,Kichwa,kichwa-Amazonia,42.0,3.0,14.0
PASTAZA,PASTAZA,SARAYACU,   COMUNIDAD KINTIUK,16B00082,CENTRO EDUCATIVO COMUNITARIO INTERCULTURAL BILINGÜE DE EDUCACION BASICA KINTIUK,Fiscal,Sierra,Intercultural Bilingüe,Indígena,Achuar,Achuar,6.0,1.0,6.0
PASTAZA,PASTAZA,SARAYACU,   COMUNIDAD LIPUNU,16B00079,CENTRO EDUCATIVO COMUNITARIO INTERCULTURAL BILINGUE LIPUNO,Fiscal,Sierra,Intercultural Bilingüe,Indígena,Kichwa,kichwa-Amazonia,23.0,1.0,23.0
PASTAZA,PASTAZA,SARAYACU,   COMUNIDAD LLANCHAMACOCHA,16B00067,CENTRO EDUCATIVO COMUNITARIO INTERCULTURAL BILINGÜE DE EDUCACION BASICA RIO CENEPA,Fiscal,Sierra,Intercultural Bilingüe,Indígena,Zapara,Zapara,27.0,1.0,27.0
PASTAZA,PASTAZA,SARAYACU,   COMUNIDAD PIWIRI,16B00171,CENTRO EDUCATIVO COMUNITARIO INTERCULTURAL BILINGUE PIWIRI,Fiscal,Sierra,Intercultural Bilingüe,Indígena,Kichwa,kichwa-Amazonia,16.0,1.0,16.0
PASTAZA,PASTAZA,SARAYACU,   COMUNIDAD SARAYACU,16B00077,CENTRO EDUCATIVO COMUNITARIO INTERCULTURAL BILINGÜE DE EDUCACION BASICA RIO BOBONAZA,Fiscal,Sierra,Intercultural Bilingüe,Indígena,Kichwa,kichwa-Amazonia,39.0,2.0,19.5
PASTAZA,PASTAZA,SARAYACU,   COMUNIDAD SARAYACU FRENTE A LA PISTA DE ATERRIZAJE 25 MINUTOS VIA AREA,16B00073,SARAYAKU,Fiscal,Sierra,Intercultural Bilingüe,Indígena,Kichwa,kichwa-Amazonia,342.0,19.0,18.0
PASTAZA,PASTAZA,SARAYACU,   COMUNIDAD TARAPOTO,16B00066,CENTRO EDUCATIVO COMUNITARIO INTERCULTURAL BILINGUE TARAPOTO,Fiscal,Sierra,Intercultural Bilingüe,Indígena,Kichwa,kichwa-Amazonia,34.0,1.0,34.0
PASTAZA,PASTAZA,SARAYACU,   COMUNIDAD WITUK YAKU,16B00072,CENTRO EDUCATIVO COMUNITARIO INTERCULTURAL BILINGÜE DE EDUCACION BASICA WITUK YAKU,Fiscal,Sierra,Intercultural Bilingüe,Indígena,Kichwa,kichwa-Amazonia,85.0,4.0,21.25
PASTAZA,PASTAZA,SARAYACU,   PAKAYAKU,16B00075,UNIDAD EDUCATIVA COMUNITARIA INTERCULTURAL BILINGÜE PAKAYAKU,Fiscal,Sierra,Intercultural Bilingüe,Indígena,Kichwa,kichwa-Amazonia,408.0,19.0,21.47
PASTAZA,PASTAZA,SARAYACU,   SARAYACU,16B00065,CENTRO EDUCATIVO COMUNITARIO INTERCULTURAL BILINGÜE DE EDUCACION BASICA SANTIAGO GUALINGA,Fiscal,Sierra,Intercultural Bilingüe,Indígena,Kichwa,kichwa-Amazonia,37.0,2.0,18.5
PASTAZA,PASTAZA,SIMON BOLIVAR (CAB. EN MUSHULLACTA),   CACERIO EL CONSUELO,16B00091,CENTRO EDUCATIVO COMUNITARIO INTERCULTURAL BILINGÜE DE EDUCACION BASICA JUA SHARUPI,Fiscal,Sierra,Intercultural Bilingüe,Indígena,Shuar,Shuar,22.0,2.0,11.0
PASTAZA,PASTAZA,SIMON BOLIVAR (CAB. EN MUSHULLACTA),   CAMINO,16B00234,CENTRO EDUCATIVO COMUNITARIO INTERCULTURAL BILINGÜE DE EDUCACION BASICA SAN ALFONSO,Fiscal,Sierra,Intercultural Bilingüe,Indígena,Kichwa,kichwa-Amazonia,12.0,1.0,12.0
PASTAZA,PASTAZA,SIMON BOLIVAR (CAB. EN MUSHULLACTA),   CASERIO YUU,16B00095,ESCUELA DE EDUCACION BASICA INTERCULTURAL BILINGUE 24 DE MAYO,Fiscal,Sierra,Intercultural Bilingüe,Indígena,Shuar,Shuar,31.0,2.0,15.5
PASTAZA,PASTAZA,SIMON BOLIVAR (CAB. EN MUSHULLACTA),   CENTRO ACHUAR COPATAZA,16B00271,CENTRO EDUCATIVO COMUNITARIO INTERCULTURAL BILINGÜE DE EDUCACION BASICA YAPAN,Fiscal,Sierra,Intercultural Bilingüe,Indígena,Achuar,Waranka,122.0,6.0,20.33
PASTAZA,PASTAZA,SIMON BOLIVAR (CAB. EN MUSHULLACTA),   CENTRO SHUAR SAN RAMON KM 53 VIA MACAS,16B00129,CHARIP,Fiscal,Sierra,Intercultural Bilingüe,Indígena,Shuar,No Aplica,64.0,2.0,32.0
PASTAZA,PASTAZA,SIMON BOLIVAR (CAB. EN MUSHULLACTA),   COMUNIDAD ACHUAR IWIA,16B00117,PASUCA,Fiscal,Sierra,Intercultural Bilingüe,Indígena,Achuar,Achuar,112.0,10.0,11.2
PASTAZA,PASTAZA,SIMON BOLIVAR (CAB. EN MUSHULLACTA),   COMUNIDAD CHAPINTS,16B00239,UNIDAD EDUCATIVA COMUNITARIA INTERCULTURAL BILINGÜE CHAPINTS,Fiscal,Sierra,Intercultural Bilingüe,Indígena,Shuar,Shuar,263.0,18.0,14.61
PASTAZA,PASTAZA,SIMON BOLIVAR (CAB. EN MUSHULLACTA),   COMUNIDAD CHICO COPATAZA,16B00097,CENTRO EDUCATIVO COMUNITARIO INTERCULTURAL BILINGÜE DE EDUCACION BASICA MANUEL J CALLE,Fiscal,Sierra,Intercultural Bilingüe,Indígena,Kichwa,kichwa-Amazonia,18.0,1.0,18.0
PASTAZA,PASTAZA,SIMON BOLIVAR (CAB. EN MUSHULLACTA),   COMUNIDAD   CHUMPI,16B00250,CENTRO EDUCATIVO COMUNITARIO INTERCULTURAL BILINGÜE DE EDUCACION BASICA SUNTI,Fiscal,Sierra,Intercultural Bilingüe,Indígena,Achuar,Achuar,30.0,3.0,10.0
PASTAZA,PASTAZA,SIMON BOLIVAR (CAB. EN MUSHULLACTA),   Comunidad Kawa,16B00102,ROBERTO PEAS,Fiscal,Sierra,Intercultural Bilingüe,Indígena,Shuar,Shuar,108.0,6.0,18.0
PASTAZA,PASTAZA,SIMON BOLIVAR (CAB. EN MUSHULLACTA),   Comunidad Kuakash,16B00100,UNIDAD EDUCATIVA COMUNITARIA INTERCULTURAL BILINGÜE KUAKASH,Fiscal,Sierra,Intercultural Bilingüe,Indígena,Shuar,No Aplica,93.0,6.0,15.5
PASTAZA,PASTAZA,SIMON BOLIVAR (CAB. EN MUSHULLACTA),   COMUNIDAD KUNKUK,16B00092,CENTRO EDUCATIVO COMUNITARIO INTERCULTURAL BILINGÜE DE EDUCACION BASICA BOLIVAR FEICAN PALACIOS,Fiscal,Sierra,Intercultural Bilingüe,Indígena,Shuar,Shuar,22.0,2.0,11.0
PASTAZA,PASTAZA,SIMON BOLIVAR (CAB. EN MUSHULLACTA),   COMUNIDAD MUKUCHAM,16B00104,CENTRO EDUCATIVO COMUNITARIO INTERCULTURAL BILINGÜE DE EDUCACION BASICA MUKUCHAM,Fiscal,Sierra,Intercultural Bilingüe,Indígena,Shuar,Kanelo-Kichwa,6.0,1.0,6.0
PASTAZA,PASTAZA,SIMON BOLIVAR (CAB. EN MUSHULLACTA),   COMUNIDAD NANKAI,16B00094,CENTRO EDUCATIVO COMUNITARIO INTERCULTURAL BILINGÜE DE EDUCACION BASICA NANKAI,Fiscal,Sierra,Intercultural Bilingüe,Indígena,Shuar,Waranka,8.0,1.0,8.0
PASTAZA,PASTAZA,SIMON BOLIVAR (CAB. EN MUSHULLACTA),   COMUNIDAD PEAS,16B00089,CENTRO EDUCATIVO COMUNITARIO INTERCULTURAL BILINGÜE DE EDUCACION BASICA VALLE DEL RIO PASTAZA,Fiscal,Sierra,Intercultural Bilingüe,Indígena,Shuar,Shuar,11.0,1.0,11.0
PASTAZA,PASTAZA,SIMON BOLIVAR (CAB. EN MUSHULLACTA),   COMUNIDAD PISTA GUALINO,16B00103,CENTRO EDUCATIVO COMUNITARIO INTERCULTURAL BILINGÜE DE EDUCACION BASICA MIGUEL DE CERVANTES,Fiscal,Sierra,Intercultural Bilingüe,Indígena,Kichwa,Waranka,5.0,1.0,5.0
PASTAZA,PASTAZA,SIMON BOLIVAR (CAB. EN MUSHULLACTA),   COMUNIDAD SAN JOSE,16B00238,MURUSHI,Fiscal,Sierra,Intercultural Bilingüe,Indígena,Shuar,Shuar,97.0,5.0,19.4
PASTAZA,PASTAZA,SIMON BOLIVAR (CAB. EN MUSHULLACTA),   COMUNIDAD SAN RAFAEL,16B00106,CENTRO EDUCATIVO COMUNITARIO INTERCULTURAL BILINGÜE DE EDUCACION BASICA SAN RAFAEL,Fiscal,Sierra,Intercultural Bilingüe,Indígena,Shuar,Shuar,5.0,1.0,5.0
PASTAZA,PASTAZA,SIMON BOLIVAR (CAB. EN MUSHULLACTA),   COMUNIDAD SHAKAI,16B00112,CENTRO EDUCATIVO COMUNITARIO INTERCULTURAL BILINGÜE DE EDUCACION BASICA SHAKAI,Fiscal,Sierra,Intercultural Bilingüe,Indígena,Shuar,Shuar,8.0,1.0,8.0
PASTAZA,PASTAZA,SIMON BOLIVAR (CAB. EN MUSHULLACTA),   COMUNIDAD SHAKAP,16B00105,CENTRO EDUCATIVO COMUNITARIO INTERCULTURAL BILINGÜE DE EDUCACION BASICA SHAKAP,Fiscal,Sierra,Intercultural Bilingüe,Indígena,Shuar,Shuar,36.0,2.0,18.0
PASTAZA,PASTAZA,SIMON BOLIVAR (CAB. EN MUSHULLACTA),   COMUNIDAD SHARUP,16B00110,CENTRO EDUCATIVO COMUNITARIO INTERCULTURAL BILINGÜE DE EDUCACION BASICA SHARUP,Fiscal,Sierra,Intercultural Bilingüe,Indígena,Shuar,Shuar,41.0,3.0,13.67
PASTAZA,PASTAZA,SIMON BOLIVAR (CAB. EN MUSHULLACTA),   COMUNIDAD SHAUK,16B00111,CENTRO EDUCATIVO COMUNITARIO INTERCULTURAL BILINGÜE DE EDUCACION BASICA NAPURAK,Fiscal,Sierra,Intercultural Bilingüe,Indígena,Shuar,Shuar,6.0,1.0,6.0
PASTAZA,PASTAZA,SIMON BOLIVAR (CAB. EN MUSHULLACTA),   COMUNIDAD SHIRAM PUPUNAS,16B00085,CENTRO EDUCATIVO COMUNITARIO INTERCULTURAL BILINGÜE DE EDUCACION BASICA SHIRAM PUPUNAS,Fiscal,Sierra,Intercultural Bilingüe,Indígena,Shuar,Shuar,10.0,1.0,10.0
PASTAZA,PASTAZA,SIMON BOLIVAR (CAB. EN MUSHULLACTA),   COMUNIDAD SHUAR ANKUASH,16B00114,CENTRO EDUCATIVO COMUNITARIO INTERCULTURAL BILINGÜE DE EDUCACION BASICA CESAR YUMA,Fiscal,Sierra,Intercultural Bilingüe,Indígena,Shuar,Shuar,44.0,4.0,11.0
PASTAZA,PASTAZA,SIMON BOLIVAR (CAB. EN MUSHULLACTA),   COMUNIDAD SHUAR KAJEKAI,16B00213,CENTRO EDUCATIVO COMUNITARIO INTERCULTURAL BILINGÜE DE EDUCACION BASICA KAJEKAI,Fiscal,Sierra,Intercultural Bilingüe,Indígena,Shuar,Shuar,29.0,1.0,29.0
PASTAZA,PASTAZA,SIMON BOLIVAR (CAB. EN MUSHULLACTA),   COMUNIDAD SHUAR NAMAK,16B00109,CENTRO EDUCATIVO COMUNITARIO INTERCULTURAL BILINGÜE DE EDUCACION BASICA NAMAK,Fiscal,Sierra,Intercultural Bilingüe,Indígena,Shuar,Shuar,9.0,1.0,9.0
PASTAZA,PASTAZA,SIMON BOLIVAR (CAB. EN MUSHULLACTA),   COMUNIDAD SHUAR UUNT PAASTAS,16B00113,CENTRO EDUCATIVO COMUNITARIO INTERCULTURAL BILINGÜE DE EDUCACION BASICA ETSA,Fiscal,Sierra,Intercultural Bilingüe,Indígena,Shuar,Shuar,17.0,1.0,17.0
PASTAZA,PASTAZA,SIMON BOLIVAR (CAB. EN MUSHULLACTA),   COMUNIDAD TIMIAS,16B00108,CENTRO EDUCATIVO COMUNITARIO INTERCULTURAL BILINGÜE DE EDUCACION BASICA TIMIAS,Fiscal,Sierra,Intercultural Bilingüe,Indígena,Shuar,Shuar,15.0,1.0,15.0
PASTAZA,PASTAZA,SIMON BOLIVAR (CAB. EN MUSHULLACTA),   COMUNIDAD  UYUIMI,16B00099,CENTRO EDUCATIVO COMUNITARIO INTERCULTURAL BILINGÜE DE EDUCACION BASICA CAMILO PONCE ENRIQUEZ,Fiscal,Sierra,Intercultural Bilingüe,Indígena,Kichwa,kichwa-Amazonia,27.0,2.0,13.5
PASTAZA,PASTAZA,SIMON BOLIVAR (CAB. EN MUSHULLACTA),   COMUNIDAD VILLAFLORA,16B00107,UNIDAD EDUCATIVA COMUNITARIA INTERCULTURAL BILINGÜE KAWSAK RUMI ,Fiscal,Sierra,Intercultural Bilingüe,Indígena,Kichwa,kichwa-Amazonia,190.0,15.0,12.67
PASTAZA,PASTAZA,SIMON BOLIVAR (CAB. EN MUSHULLACTA),   COMUNIDAD WASHINTSA,16B00267,CENTRO EDUCATIVO COMUNITARIO INTERCULTURAL BILINGÜE DE EDUCACION BASICA ECUADOR AMAZONICO,Fiscal,Sierra,Intercultural Bilingüe,Indígena,Shuar,Kanelo-Kichwa,31.0,2.0,15.5
PASTAZA,PASTAZA,SIMON BOLIVAR (CAB. EN MUSHULLACTA),   COMUNIDAD YAMARAM JINTIA,16B00116,CENTRO EDUCATIVO COMUNITARIO INTERCULTURAL BILINGÜE DE EDUCACION BASICA TAYU,Fiscal,Sierra,Intercultural Bilingüe,Indígena,Shuar,Shuar,7.0,1.0,7.0
PASTAZA,PASTAZA,SIMON BOLIVAR (CAB. EN MUSHULLACTA),   COMUNIDAD YAMPIS,16B00101,CENTRO EDUCATIVO COMUNITARIO INTERCULTURAL BILINGÜE DE EDUCACION BASICA YAMPIS,Fiscal,Sierra,Intercultural Bilingüe,Indígena,Shuar,Kanelo-Kichwa,23.0,1.0,23.0
PASTAZA,PASTAZA,SIMON BOLIVAR (CAB. EN MUSHULLACTA),   COMUNIDAD YANKUAM,16B00086,CENTRO EDUCATIVO COMUNITARIO INTERCULTURAL BILINGÜE DE EDUCACION BASICA YANKUAM,Fiscal,Sierra,Intercultural Bilingüe,Indígena,Shuar,Shuar,5.0,1.0,5.0
PASTAZA,PASTAZA,SIMON BOLIVAR (CAB. EN MUSHULLACTA),   KUMAY,16B00222,UNIDAD EDUCATIVA COMUNITARIA INTERCULTURAL BILINGÜE KUMAY,Fiscal,Sierra,Intercultural Bilingüe,Indígena,Shuar,Shuar,224.0,14.0,16.0
PASTAZA,PASTAZA,SIMON BOLIVAR (CAB. EN MUSHULLACTA),   PARROQUIA SIMON BOLIVAR CECIB SIMON BOLIVAR,16B00200,CENTRO EDUCATIVO COMUNITARIO INTERCULTURAL BILINGÜE DE EDUCACION BASICA FIDEL HUALINO,Fiscal,Sierra,Intercultural Bilingüe,Indígena,Kichwa,kichwa-Amazonia,14.0,1.0,14.0
PASTAZA,PASTAZA,SIMON BOLIVAR (CAB. EN MUSHULLACTA),   RECINTO SIMON BOLIVAR,16B00096,CENTRO EDUCATIVO COMUNITARIO INTERCULTURAL BILINGÜE DE EDUCACION BASICA JORGE GUZMAN RUEDA,Fiscal,Sierra,Intercultural Bilingüe,Indígena,Shuar,Shuar,27.0,2.0,13.5
PASTAZA,PASTAZA,SIMON BOLIVAR (CAB. EN MUSHULLACTA),   RECINTO YANTANA,16B00087,CENTRO EDUCATIVO COMUNITARIO INTERCULTURAL BILINGÜE DE EDUCACION BASICA YANTANA,Fiscal,Sierra,Intercultural Bilingüe,Indígena,Shuar,Shuar,58.0,5.0,11.6
PASTAZA,PASTAZA,SIMON BOLIVAR (CAB. EN MUSHULLACTA),VIA PUYO MACAS KM42 COMUNIDAD SHUAR ETSA ,16B00280,ESCUELA DE EDUCACION BASICA INTERCULTURAL BILINGUE SHUAR ETSA,Fiscal,Sierra,Intercultural Bilingüe,Indígena,Shuar,Shuar,16.0,1.0,16.0
PASTAZA,PASTAZA,SIMON BOLIVAR (CAB. EN MUSHULLACTA),   VIA PUYO MACAS Km. 51 MARGEN DERECHO,16B00088,UNIDAD EDUCATIVA COMUNITARIA INTERCULTURAL BILINGÜE TSANTSA,Fiscal,Sierra,Intercultural Bilingüe,Indígena,Shuar,Waranka,261.0,17.0,15.35
PASTAZA,PASTAZA,SIMON BOLIVAR (CAB. EN MUSHULLACTA),VIA PUYO  MACAS KM TREINTA Y DOS MARGUEN ISQUIERDO VIA BOLIVARENSE  COMUNIDAD SELVA ALEGRE ,16B00269,ESCUELA DE EDUCACION BASICA INTERCULTURAL BILINGUE SELVA ALEGRE,Fiscal,Sierra,Intercultural Bilingüe,Indígena,Kichwa,kichwa-Amazonia,6.0,1.0,6.0
PASTAZA,PASTAZA,TARQUI,   CENTRO DEL POBLADO,16B00127,CENTRO EDUCATIVO COMUNITARIO INTERCULTURAL BILINGÜE DE EDUCACION BASICA RIO PUYO,Fiscal,Sierra,Intercultural Bilingüe,Indígena,Kichwa,kichwa-Amazonia,8.0,1.0,8.0
PASTAZA,PASTAZA,TARQUI,   Comunidad Dos Rios,16B00123,CENTRO EDUCATIVO COMUNITARIO INTERCULTURAL BILINGÜE DE EDUCACION BASICA KURI YAKU,Fiscal,Sierra,Intercultural Bilingüe,Indígena,Kichwa,kichwa-Amazonia,24.0,1.0,24.0
PASTAZA,PASTAZA,TARQUI,   COMUNIDAD PUTUIMI,16B00124,CENTRO EDUCATIVO COMUNITARIO INTERCULTURAL BILINGÜE DE EDUCACION BASICA SEIS DE DICIEMBRE,Fiscal,Sierra,Intercultural Bilingüe,Indígena,Kichwa,kichwa-Amazonia,37.0,2.0,18.5
PASTAZA,PASTAZA,TARQUI,   COMUNIDAD VENCEDORES KM NUEVE VIA POMONA,16B00119,CENTRO EDUCATIVO COMUNITARIO INTERCULTURAL BILINGÜE DE EDUCACION BASICA VENCEDORES,Fiscal,Sierra,Intercultural Bilingüe,Indígena,Kichwa,Kanelo-Kichwa,22.0,1.0,22.0
PASTAZA,PASTAZA,TARQUI,   COMUNIDAD WAMAK URKU,16B00122,CENTRO EDUCATIVO COMUNITARIO INTERCULTURAL BILINGÜE DE EDUCACION BASICA WAMAK URKU,Fiscal,Sierra,Intercultural Bilingüe,Indígena,Kichwa,kichwa-Amazonia,10.0,1.0,10.0
PASTAZA,PASTAZA,TARQUI,   ENTRADA COOPERATIVA CARLOS LUIS PLAZA ARAY,16B00120,CARLOS PLAZA ARAY,Fiscal,Sierra,Intercultural Bilingüe,Indígena,Kichwa,kichwa-Amazonia,182.0,9.0,20.22
PASTAZA,PASTAZA,TARQUI,   Recinto San Pedro,16B00121,CENTRO EDUCATIVO COMUNITARIO INTERCULTURAL BILINGÜE DE EDUCACION BASICA SAN PEDRO,Fiscal,Sierra,Intercultural Bilingüe,Indígena,Kichwa,kichwa-Amazonia,36.0,4.0,9.0
PASTAZA,PASTAZA,TARQUI,   VIA TARQUI,16B00231,UNIDAD EDUCATIVA COMUNITARIA INTERCULTURAL PCEI CARLOS LUIS PLAZA ARAY,Fiscal,Sierra,Intercultural Bilingüe,Indígena,Kichwa,kichwa-Amazonia,72.0,4.0,18.0
PASTAZA,PASTAZA,TENIENTE HUGO ORTIZ,   COMUNIDAD SAN PABLO DE ALLICHUNGO,16B00128,CENTRO EDUCATIVO COMUNITARIO INTERCULTURAL BILINGÜE DE EDUCACION BASICA SAN PABLO DE ALLISHUNGO,Fiscal,Sierra,Intercultural Bilingüe,Indígena,Kichwa,kichwa-Amazonia,28.0,2.0,14.0
PASTAZA,PASTAZA,VERACRUZ (INDILLAMA) (CAB. EN INDILLAMA),   CASERIO UNION NACIONAL,16B00132,CENTRO EDUCATIVO COMUNITARIO INTERCULTURAL BILINGÜE DE EDUCACION BASICA UNION NACIONAL,Fiscal,Sierra,Intercultural Bilingüe,Indígena,Kichwa,Kanelo-Kichwa,3.0,1.0,3.0
PASTAZA,SANTA CLARA,SANTA CLARA,   COMUNIDAD ISHKAY YAKU,16B00146,CENTRO EDUCATIVO COMUNITARIO INTERCULTURAL BILINGÜE DE EDUCACION BASICA ISHKAY YAKU,Fiscal,Sierra,Intercultural Bilingüe,Indígena,Kichwa,kichwa-Amazonia,40.0,2.0,20.0
PASTAZA,SANTA CLARA,SANTA CLARA,   COMUNIDAD SAN JUAN DE PIATUA,16B00143,CENTRO EDUCATIVO COMUNITARIO INTERCULTURAL BILINGÜE DE EDUCACION BASICA PROCER JUAN DE SALINAS,Fiscal,Sierra,Intercultural Bilingüe,Indígena,Kichwa,kichwa-Amazonia,10.0,1.0,10.0
PASTAZA,SANTA CLARA,SANTA CLARA,VIA PUYO  NAPO 4 SANTA CLARA  SAN RAFAEL ,16B00270,CENTRO EDUCATIVO COMUNITARIO INTERCULTURAL BILINGÜE DE EDUCACION BASICA RUBEN DARIO,Fiscal,Sierra,Intercultural Bilingüe,Indígena,Kichwa,kichwa-Amazonia,8.0,1.0,8.0
PASTAZA,SANTA CLARA,SANTA CLARA,   VIA PUYO - TENA ENTRADA  A  LAS MINAS,16B00141,UNIDAD EDUCATIVA COMUNITARIA INTERCULTURAL BILINGÜE CAMILO HUATATOCA,Fiscal,Sierra,Intercultural Bilingüe,Indígena,Kichwa,kichwa-Amazonia,455.0,27.0,16.85
PICHINCHA,CAYAMBE,CANGAHUA,   CHUMILLOS ALTOS,17B00154,INTI PAKARI,Fiscal,Sierra,Intercultural Bilingüe,Indígena,Kichwa,kayambi,11.0,3.0,3.67
PICHINCHA,CAYAMBE,CANGAHUA,   COMUNA PUCARA,17B00150,PADRE JUAN DE VELASCO,Fiscal,Sierra,Intercultural Bilingüe,Indígena,Kichwa,kayambi,301.0,20.0,15.05
PICHINCHA,CAYAMBE,CANGAHUA,   COMUNIDAD CARRERA SECTOR  HACIENDA,17B00156,AQUILES PEREZ TAMAYO,Fiscal,Sierra,Intercultural Bilingüe,Indígena,Kichwa,kayambi,325.0,19.0,17.11
PICHINCHA,CAYAMBE,CANGAHUA,   COMUNIDAD COCHAPAMBA VIA A OYACACHI,17B00158,DOLORES CACUANGO,Fiscal,Sierra,Intercultural Bilingüe,Indígena,Kichwa,kayambi,351.0,22.0,15.95
PICHINCHA,CAYAMBE,CANGAHUA,   COMUNIDAD COMPANIA LOTE 2,17B00153,GUSTAVO ADOLFO BECQUER,Fiscal,Sierra,Intercultural Bilingüe,Indígena,Kichwa,kayambi,232.0,19.0,12.21
PICHINCHA,CAYAMBE,CANGAHUA,   COMUNIDAD LA CANDELARIA,17B00157,ISLA SANTA MARIA,Fiscal,Sierra,Intercultural Bilingüe,Indígena,Kichwa,kayambi,202.0,18.0,11.22
PICHINCHA,CAYAMBE,CANGAHUA,   COMUNIDAD LA CONCEPCION,17B00163,RAFAEL CORREA DELGADO,Fiscal,Sierra,Intercultural Bilingüe,Indígena,Kichwa,kayambi,69.0,5.0,13.8
PICHINCHA,CAYAMBE,CANGAHUA,   COMUNIDAD SAN ANTONIO VIA OYACACHI,17B00213,29 DE OCTUBRE,Fiscal,Sierra,Intercultural Bilingüe,Indígena,Kichwa,kayambi,451.0,22.0,20.5
PICHINCHA,CAYAMBE,CANGAHUA,   COMUNIDAD SANTA ROSA DE PACCHA,17B00152,MANUEL AGUILAR,Fiscal,Sierra,Intercultural Bilingüe,Indígena,Kichwa,kayambi,147.0,17.0,8.65
PICHINCHA,CAYAMBE,CANGAHUA,   LA COMPAÑÍA PACTO CUARTO LOTE  IGLESIA EVANGÉLICA LA NUEVA JERUSALÉN,17B00160,JOSE FRANCISCO AIGAJE,Fiscal,Sierra,Intercultural Bilingüe,Indígena,Kichwa,kayambi,87.0,6.0,14.5
PICHINCHA,CAYAMBE,CANGAHUA,   PANAMERICANA VÍA A CANGAHUA,17B00149,LUIS HUMBERTO SALGADO,Fiscal,Sierra,Intercultural Bilingüe,Indígena,Kichwa,kayambi,202.0,16.0,12.62
PICHINCHA,CAYAMBE,CANGAHUA,   VIA EL HATO NEVADO CAYAMBE KM 18  COMUNIDAD PISAMBILLA,17B00151,GENERAL ANTONIO ELIZALDE,Fiscal,Sierra,Intercultural Bilingüe,Indígena,Kichwa,kayambi,292.0,18.0,16.22
PICHINCHA,CAYAMBE,JUAN MONTALVO,   CASERIO EL VERDE VIA AL REFUGIO,17B00143,SARAURCO,Fiscal,Sierra,Intercultural Bilingüe,Indígena,Kichwa,kayambi,13.0,3.0,4.33
PICHINCHA,CAYAMBE,JUAN MONTALVO,   COMUNIDAD EL HATO ESPIGA DE ORO VIA AL REFUGIO DEL CAYAMBE KM 7,17B00211,MANUEL ALBAN,Fiscal,Sierra,Intercultural Bilingüe,Mestiza,Mestiza,Mestiza,255.0,17.0,15.0
PICHINCHA,CAYAMBE,JUAN MONTALVO,   COMUNIDAD MONJAS ALTO,17B00144,ABELARDO NUNEZ ACOSTA,Fiscal,Sierra,Intercultural Bilingüe,Indígena,Kichwa,kayambi,41.0,5.0,8.2
PICHINCHA,CAYAMBE,JUAN MONTALVO,   CONVALESCENCIA VÍA A MONJAS KM 5 MARGEN IZQUIERDO,17B00252,CAYAMBE,Fiscal,Sierra,Intercultural Bilingüe,Mestiza,Mestiza,Mestiza,64.0,8.0,8.0
PICHINCHA,CAYAMBE,JUAN MONTALVO,   DE CAYAMBE SUBIENDO POR PUNTIATZIL PASANDO LA HACIENDA ANCHOLAG,17B00210,DAVID MANANGON,Fiscal,Sierra,Intercultural Bilingüe,Mestiza,Mestiza,Mestiza,19.0,4.0,4.75
PICHINCHA,CAYAMBE,JUAN MONTALVO,   HATO CHAUPILOMA,17B00145,GUSTAVO JARRIN JARAMILLO,Fiscal,Sierra,Intercultural Bilingüe,Mestiza,Mestiza,Mestiza,2.0,1.0,2.0
PICHINCHA,CAYAMBE,JUAN MONTALVO,   VIA AL REFUGIO DEL CAYAMBE KM 15 PIE MONTE,17B00146,ORLANDO PERON,Fiscal,Sierra,Intercultural Bilingüe,Indígena,Kichwa,kayambi,17.0,3.0,5.67
PICHINCHA,CAYAMBE,OLMEDO (PESILLO),AV IMBABURA SN ESPAÑA ,17H03659,UNIDAD EDUCATIVA OLMEDO PESILLO,Fiscal,Sierra,Intercultural,Mestiza,Mestiza,Mestiza,568.0,29.0,19.59
PICHINCHA,CAYAMBE,OLMEDO (PESILLO),   COMUNIDAD  MUYURCO,17B00176,ARTURO BORJA,Fiscal,Sierra,Intercultural Bilingüe,Mestiza,Mestiza,Mestiza,193.0,19.0,10.16
PICHINCHA,CAYAMBE,OLMEDO (PESILLO),   COMUNIDAD SAN PABLO URCO,17B00177,HUMBERTO FIERRO,Fiscal,Sierra,Intercultural Bilingüe,Indígena,Kichwa,kayambi,57.0,7.0,8.14
PICHINCHA,CAYAMBE,SAN JOSE DE AYORA,   CASERIO SAN ISIDRO DE CAJAS,17B00138,CECIB EB MARIO COBO BARONA,Fiscal,Sierra,Intercultural Bilingüe,Mestiza,Mestiza,Mestiza,36.0,5.0,7.2
PICHINCHA,CAYAMBE,SAN JOSE DE AYORA,   CASERIO SAN MIGUEL DEL PRADO,17B00136,JUAN VICENTE MORALES,Fiscal,Sierra,Intercultural Bilingüe,Indígena,Kichwa,kayambi,37.0,5.0,7.4
PICHINCHA,CAYAMBE,SAN JOSE DE AYORA,   COMUNA SANTO DOMINGO NRO 2,17B00134,SIMON BOLIVAR,Fiscal,Sierra,Intercultural Bilingüe,Mestiza,Mestiza,Mestiza,22.0,3.0,7.33
PICHINCHA,CAYAMBE,SAN JOSE DE AYORA,   COMUNIDAD PAQUIESTANCIA,17B00135,RAFAEL AVILES MONCAYO,Fiscal,Sierra,Intercultural Bilingüe,Mestiza,Mestiza,Mestiza,28.0,4.0,7.0
PICHINCHA,CAYAMBE,SAN JOSE DE AYORA,   COMUNIDAD SANTA ROSA DE LA COMPAÑÍA  - AYORA,17B00131,MARCO RODRIGUEZ DIAZ,Fiscal,Sierra,Intercultural Bilingüe,Mestiza,Mestiza,Mestiza,13.0,4.0,3.25
PICHINCHA,CAYAMBE,SAN JOSE DE AYORA,   COMUNIDAD SANTO DOMINGO N1,17B00172,MARISCAL SUCRE,Fiscal,Sierra,Intercultural Bilingüe,Mestiza,Mestiza,Mestiza,50.0,4.0,12.5
PICHINCHA,CAYAMBE,SAN JOSE DE AYORA,   VIA LA CHIMBA,17B00137,LUIS NAPOLEON DILLON,Fiscal,Sierra,Intercultural Bilingüe,Indígena,Kichwa,kayambi,197.0,19.0,10.37
PICHINCHA,PEDRO MONCAYO,TABACUNDO,   CALLE LOS CEREZOS Y VIA SAN JOSE GRANDE COMUNIDAD  SAN JOSE GRANDE,17B00184,FRANCISCO ROBLES,Fiscal,Sierra,Intercultural Bilingüe,Mestiza,Mestiza,Mestiza,80.0,8.0,10.0
PICHINCHA,PEDRO MONCAYO,TABACUNDO,   COMUNIDAD  JURIDICA SAN JOSE CHICO,17B00183,CECIB EB PEDRO BEDON,Fiscal,Sierra,Intercultural Bilingüe,Mestiza,Mestiza,Mestiza,41.0,3.0,13.67
PICHINCHA,PEDRO MONCAYO,TABACUNDO,PANAMERICANA NORTE VIA CAYAMBE  TABACUNDO  CALLE VEINTE Y NUEVE DE JUNIO ,17B00215,CARLOS FREILE ZALDUMBIDE,Fiscal,Sierra,Intercultural Bilingüe,Mestiza,Mestiza,Mestiza,400.0,20.0,20.0
PICHINCHA,PEDRO MONCAYO,TUPIGACHI,   COMUNA LOMA GORDA,17B00193,SANTA ROSA,Fiscal,Sierra,Intercultural Bilingüe,Indígena,Kichwa,kayambi,117.0,8.0,14.62
PICHINCHA,PEDRO MONCAYO,TUPIGACHI,   COMUNIDAD CHAUPILOMA CASA COMUNAL,17B00195,ATAHUALPA,Fiscal,Sierra,Intercultural Bilingüe,Indígena,Kichwa,kayambi,60.0,5.0,12.0
PICHINCHA,PEDRO MONCAYO,TUPIGACHI,   COMUNIDAD ÑAÑOLOMA,17B00217,MISION ANDINA,Fiscal,Sierra,Intercultural Bilingüe,Mestiza,Mestiza,Mestiza,467.0,28.0,16.68
PICHINCHA,PEDRO MONCAYO,TUPIGACHI,   COMUNIDAD SAN JUAN LOMA,17B00192,NINO MANUEL,Fiscal,Sierra,Intercultural Bilingüe,Indígena,Kichwa,kayambi,59.0,8.0,7.38
PICHINCHA,PEDRO MONCAYO,TUPIGACHI,   COMUNIDAD SANTA MONICA,17B00197,CECIB EB PATRICIA BROWN,Fiscal,Sierra,Intercultural Bilingüe,Mestiza,Mestiza,Mestiza,83.0,6.0,13.83
PICHINCHA,PEDRO MONCAYO,TUPIGACHI,   SAN PABLITO DE AGUALONGO,17B00190,CEIFC AGUALONGO,Fiscal,Sierra,Intercultural Bilingüe,Indígena,Kichwa,kayambi,24.0,2.0,12.0
PICHINCHA,PEDRO MONCAYO,TUPIGACHI,   SECTOR CAJAS PANAMERICANA NORTE,17B00196,MARIETA DE VEINTIMILLA,Fiscal,Sierra,Intercultural Bilingüe,Mestiza,Mestiza,Mestiza,234.0,19.0,12.32
PICHINCHA,QUITO,CALDERON (CARAPUNGO),   BARRIO ZABALA - CALLE ALONDRAS N3 Y ALBATROS,17B00095,UNIDAD EDUCATIVA COMUNITARIA INTERCULTURAL BILINGÜE FISCAL KITUKARA,Fiscal,Sierra,Intercultural Bilingüe,Mestiza,Mestiza,Mestiza,766.0,29.0,26.41
PICHINCHA,QUITO,CALDERON (CARAPUNGO),   PASAJE ISRAEL OE7399 Y CALIXTO MUZO LLANO GRANDE,17B00101,POR LA PAZ,Fiscomisional,Sierra,Intercultural Bilingüe,Indígena,Kichwa,kitukara,158.0,6.0,26.33
PICHINCHA,QUITO,CALDERON (CARAPUNGO),   SAN MIGUEL DEL COMUN SECTOR EL TABLON PANAMERICANA NORTE KM2,17B00098,MUSHUK PAKARI,Fiscal,Sierra,Intercultural Bilingüe,Indígena,Kichwa,kitukara,614.0,38.0,16.16
PICHINCHA,QUITO,CALDERON (CARAPUNGO),   SECTOR SAN JOSE MORAN DEL PARQUE CENTRAL IZQUIERDA PAVIMENTADA,17H01558,LUZ Y VIDA,Fiscal,Sierra,Intercultural,Negra,Negra,Negra,1169.0,18.0,64.94
PICHINCHA,QUITO,CENTRO HISTORICO,AV ANTONIO JOSÉ DE SUCRE OE9-176 LOJA ,17B00058,UNIDAD EDUCATIVA  COMUNITARIA INTERCULTURAL BILINGÜE AMAWTA RIKCHARI,Fiscal,Sierra,Intercultural Bilingüe,Indígena,Kichwa,Puruhá,178.0,18.0,9.89
PICHINCHA,QUITO,CONOCOTO,   BARRIO SAN MIGUEL DE CONOCOTO,17B00220,SAN MIGUEL DE CONOCOTO,Fiscal,Sierra,Intercultural Bilingüe,Indígena,Kichwa,Chibuleo,59.0,4.0,14.75
PICHINCHA,QUITO,EL CONDADO,CALLE CESAR ANDRADE 574 CALLE SEIS BARRIO SANTA MARIA ,17B00005,UNIDAD EDUCATIVA COMUNITARIA INTERCULTURAL BILINGÜE MUSHUK YACHAY,Fiscal,Sierra,Intercultural Bilingüe,Mestiza,Mestiza,Mestiza,407.0,19.0,21.42
PICHINCHA,QUITO,GUAMANI,CALLE M OE5-185 CALLE J ,17B00221,UNIDAD EDUCATIVA COMUNITARIO INTERCULTURAL BILINGUE MUYU KAWSAY,Fiscal,Sierra,Intercultural Bilingüe,Mestiza,Mestiza,Mestiza,1306.0,55.0,23.75
PICHINCHA,QUITO,GUAMANI,   CHILLOGALLO - CAMAL METROPOLITANO - SANTOS PAMBA  BARRIO TEPEYAC,17B00037,UNIDAD EDUCATIVA COMUNITARIA INTERCULTURAL BILINGUE TINKU YACHAY,Fiscal,Sierra,Intercultural Bilingüe,Indígena,Kichwa,Panzaleo,336.0,21.0,16.0
PICHINCHA,QUITO,LA ECUATORIANA,CALLE S Oe10-52 CALLE PEDRO CASTILLóN Y PSAJE 1-18 Y A-18 ,17B00035,CENTRO EDUCATIVO COMUNITARIO INTERCULTURAL BILINGUE SUMAK KAWSAY,Fiscal,Sierra,Intercultural Bilingüe,Mestiza,Mestiza,Mestiza,897.0,38.0,23.61
PICHINCHA,QUITO,PINTAG,   BARRIO CHACHIL,17B00117,MUSHUK NINA,Fiscal,Sierra,Intercultural Bilingüe,Indígena,Kichwa,kitukara,30.0,3.0,10.0
PICHINCHA,QUITO,PUENGASI,FRANCISCO MATIS E14-265 JOSE XIRONZA ,17B00219,CECIB DE EDUCACION BASICA YACHAY WASI,Fiscomisional,Sierra,Intercultural Bilingüe,Indígena,Kichwa,Panzaleo,61.0,5.0,12.2
PICHINCHA,QUITO,SAN JOSE DE MINAS,   COMUNIDAD MOTILON CHUPA,10B00129,ESCUELA DE EDUCACION BASICA GENERAL QUIS QUIS,Fiscal,Sierra,Intercultural Bilingüe,Indígena,Kichwa,Otavalo,8.0,1.0,8.0
PICHINCHA,QUITO,SAN JOSE DE MINAS,   COMUNIDAD PADRE CHUPA,10B00111,ESCUELA DE EDUCACION BASICA PROVINCIA DE TUNGURAHUA,Fiscal,Sierra,Intercultural Bilingüe,Indígena,Kichwa,Otavalo,10.0,1.0,10.0
PICHINCHA,QUITO,SOLANDA,INTERIOR DEL MERCADO MAYORISTA  AV TENIENTE HUGO ORTIZ Y AYAPAMBA ,17B00040,TRANSITO AMAGUAÑA,Particular Laico,Sierra,Intercultural Bilingüe,Indígena,Kichwa,Panzaleo,79.0,6.0,13.17
PICHINCHA,QUITO,TABABELA,   VIA INTEROCEANICA TABABELA KM 24 200M ANTES DE LA ENTRADA A  TABABELA,17B00027,UNIVERSAL MISIONERA CEUM,Fiscomisional,Sierra,Intercultural Bilingüe,Mestiza,Mestiza,Mestiza,33.0,5.0,6.6
PICHINCHA,QUITO,TUMBACO,   OLALLA,17B00222,ILALO,Fiscal,Sierra,Intercultural Bilingüe,Mestiza,Mestiza,Mestiza,23.0,3.0,7.67
PICHINCHA,RUMIÑAHUI,RUMIPAMBA,   RUMIPAMBA  LAGO AGRIO VIA COCA KM 19 MARG DER LINEA 7,21B00027,RUMIPAMBA,Fiscal,Sierra,Intercultural Bilingüe,Indígena,Kichwa,kichwa-Amazonia,285.0,20.0,14.25
SUCUMBIOS,CASCALES,EL DORADO DE CASCALES,   14 KICHWAS VIA CASCALES - LA TRONCAL KM 13 MARG IZQ LINEA 10,21B00162,DIONICIO ANDY,Fiscal,Sierra,Intercultural Bilingüe,Indígena,Kichwa,kichwa-Amazonia,67.0,3.0,22.33
SUCUMBIOS,CASCALES,EL DORADO DE CASCALES,   CHUNCHO  VIA LA TRONCAL-EL ENO KM 9 MARG DER,21B00131,CLEMENTE VARGAS GREFA,Fiscal,Sierra,Intercultural Bilingüe,Indígena,Kichwa,Kanelo-Kichwa,23.0,1.0,23.0
SUCUMBIOS,CASCALES,EL DORADO DE CASCALES,   COMUNA JESUS DEL GRAN PODER VIA LAGO AGRIO QUITO KM 43 MARG IZQDO RIO AGUARICO MUSHUK KAWSAY KUYLLYS,21B00132,ISHKAY YAKU,Fiscal,Sierra,Intercultural Bilingüe,Indígena,Kichwa,kichwa-Amazonia,21.0,1.0,21.0
SUCUMBIOS,CASCALES,EL DORADO DE CASCALES,   COMUNA KICHWA ANTISUYU,21B00147,KUILLUR,Fiscal,Sierra,Intercultural Bilingüe,Indígena,Kichwa,kichwa-Amazonia,21.0,1.0,21.0
SUCUMBIOS,CASCALES,EL DORADO DE CASCALES,   COMUNA KICHWA SAN FRANCISCO,21B00128,RUMIÑAHUI,Fiscal,Sierra,Intercultural Bilingüe,Indígena,Kichwa,kichwa-Amazonia,17.0,1.0,17.0
SUCUMBIOS,CASCALES,EL DORADO DE CASCALES,   COMUNIDAD ETSA,21B00149,TUNA,Fiscal,Sierra,Intercultural Bilingüe,Indígena,Shuar,Shuar,16.0,1.0,16.0
SUCUMBIOS,CASCALES,EL DORADO DE CASCALES,   KICHWA DUMBIKI  VIA LUMBAQUI-LA  TRONCAL KM 15  MARG IZQ,21B00151,DUMBIKI,Fiscal,Sierra,Intercultural Bilingüe,Indígena,Kichwa,Kanelo-Kichwa,13.0,1.0,13.0
SUCUMBIOS,CASCALES,EL DORADO DE CASCALES,   KUYLLIS VIA SAN JOSE-LA TRONCAL KM 8 MARG IZQ LINEA 12,21B00044,DOMINGO ALBERTO,Fiscal,Sierra,Intercultural Bilingüe,Indígena,Kichwa,kichwa-Amazonia,43.0,2.0,21.5
SUCUMBIOS,CASCALES,EL DORADO DE CASCALES,   MUSHUK KAWSAY VIA LAGO AGRIO-QUITO KM 43 MARG IZQ LINEA 3,21B00134,MUSHUK KAWSAY,Fiscal,Sierra,Intercultural Bilingüe,Indígena,Kichwa,Kanelo-Kichwa,154.0,13.0,11.85
SUCUMBIOS,CASCALES,EL DORADO DE CASCALES,   PACHAKUTIK VIA SAN JOSE-LA TRONCAL KM 13 MARG IZQ LINEA 2,21B00130,PACHAKUTIK,Fiscal,Sierra,Intercultural Bilingüe,Indígena,Kichwa,kichwa-Amazonia,50.0,3.0,16.67
SUCUMBIOS,CASCALES,EL DORADO DE CASCALES,   PAPAYU VIA LA TRONCAL-EL ENO 5 MARG DER LINEA 2,21B00141,PAPAYU,Fiscal,Sierra,Intercultural Bilingüe,Indígena,Kichwa,kichwa-Amazonia,26.0,1.0,26.0
SUCUMBIOS,CASCALES,EL DORADO DE CASCALES,   PASTAZA VIA CASCALES - LA TRONCAL KM 15 MARG IZQ,21B00140,MURITI KUCHA,Fiscal,Sierra,Intercultural Bilingüe,Indígena,Kichwa,kichwa-Amazonia,29.0,1.0,29.0
SUCUMBIOS,CASCALES,EL DORADO DE CASCALES,   SAN JOSE VIA LAGO AGRIO- QUITO KM 43 MARGEN IZQUIERDO,21B00156,VICENTE RAMON ROCA,Fiscal,Sierra,Intercultural Bilingüe,Indígena,Kichwa,kichwa-Amazonia,50.0,3.0,16.67
SUCUMBIOS,CASCALES,EL DORADO DE CASCALES,SIN CALLE 1 SIN CALLE ,21B00150,CASIMIRO ALVARADO,Fiscal,Sierra,Intercultural Bilingüe,Indígena,Ai Kofan,Ai Cofan,5.0,1.0,5.0
SUCUMBIOS,CASCALES,EL DORADO DE CASCALES,   TARUKA,21B00154,JUAN LUIS ENTSAKUA NAJARAIP,Fiscal,Sierra,Intercultural Bilingüe,Indígena,Shuar,Shuar,75.0,4.0,18.75
SUCUMBIOS,CASCALES,EL DORADO DE CASCALES,VIA COCA KM  DOCE A VIA LA TRONCAL SECTOR KUYLLIS A TERCERA LINEA SECTOR JOSÉ CLEMENTE 000 SECTOR JOSÉ CLEMENTE ,21B00225,PASHPANCHU,Fiscal,Sierra,Intercultural Bilingüe,Indígena,Kichwa,kichwa-Amazonia,23.0,1.0,23.0
SUCUMBIOS,CASCALES,EL DORADO DE CASCALES,   VIA QUITO KM 43 MARGAEN IZQUIERDO - VIA LA TRONCAL  - COMUNIDAD COFAN DUVUNO,21B00165,GREGORIO QUENAMA,Fiscal,Sierra,Intercultural Bilingüe,Indígena,Ai Kofan,Ai Cofan,44.0,2.0,22.0
SUCUMBIOS,CASCALES,EL DORADO DE CASCALES,   VIA QUITO KM 46 MARGEN DERECHO-CAMPO BERMEJO  6TA LÍNEA COMUNIDAD SAN ANTONIO,21B00184,HILARIO KIRIK,Fiscal,Sierra,Intercultural Bilingüe,Indígena,Shuar,Shuar,7.0,1.0,7.0
SUCUMBIOS,CASCALES,SEVILLA,   ALLISHUNKU VIA LAGO A - QUITO KM 32 MARG IZQ,21B00164,ALLISHUNKU,Fiscal,Sierra,Intercultural Bilingüe,Indígena,Kichwa,kichwa-Amazonia,33.0,2.0,16.5
SUCUMBIOS,CUYABENO,AGUAS NEGRAS,   TARABEAYA VIA AGUAS NEGRAS - TIPISHCA KM 17 RIBERAS DEL CUYABENO MARG DER,21B00170,CECIB  ARITSIAYA,Fiscal,Sierra,Intercultural Bilingüe,Indígena,Siona,Siona,15.0,1.0,15.0
SUCUMBIOS,CUYABENO,CUYABENO,   COMUNIDAD SECOYA POOKOYA - RIBERAS DEL RIO AGUARICO,21B00171,CECIB DE EDUCACIÓN BÁSICA POOKOYA,Fiscal,Sierra,Intercultural Bilingüe,Indígena,Secoya,Secoya,13.0,1.0,13.0
SUCUMBIOS,CUYABENO,CUYABENO,   PLAYAS DE CUYABENO - COMUNIDAD,21B00173,UNIDAD EDUCATIVA DEL MILENIO INTERCULTURAL BILINGUE  VICTOR DAVALOS,Fiscal,Sierra,Intercultural Bilingüe,Indígena,Kichwa,kichwa-Amazonia,180.0,14.0,12.86
SUCUMBIOS,CUYABENO,CUYABENO,   SABALO VIA FLUVIAL DURENO-PLAYAS DEL CUYABENO KM 120 MARG IZQ,21B00172,CECIB DE EDUCACIÓN BÁSICA CRISTOBAL TAPUY,Fiscal,Sierra,Intercultural Bilingüe,Indígena,Ai Kofan,Ai Cofan,9.0,2.0,4.5
SUCUMBIOS,CUYABENO,TARAPOA,   CHARAP VIA FLUVIAL TIERRAS - ORIENTALES KM 30 RIVERA DEL RIO AGUARICO MARG IZQ,21B00168,SAN JOSE,Fiscal,Sierra,Intercultural Bilingüe,Indígena,Shuar,Shuar,16.0,1.0,16.0
SUCUMBIOS,CUYABENO,TARAPOA,   COMUNIDAD TAIKIUA  RIO AGUARICO,21B00169,UNIDAD EDUCATIVA INTERCULTURAL BILINGUE SAN PEDRO,Fiscal,Sierra,Intercultural Bilingüe,Indígena,Shuar,Shuar,68.0,5.0,13.6
SUCUMBIOS,CUYABENO,TARAPOA,   ENO SIECOPAI VIA PAZ Y BIEN POZA HONDA KM 13- MARG IZQ RIV RIO AGUARICO,21B00166,CECIB DE EDUCACION BASICA MIGUEL TANKAMASH,Fiscal,Sierra,Intercultural Bilingüe,Indígena,Kichwa,kichwa-Amazonia,13.0,1.0,13.0
SUCUMBIOS,CUYABENO,TARAPOA,RIVERAS DEL RIO AGUARICO  RECINTO COTINGA  VIA FLUVIAL RECINTO LOS ANGELES KM  RIO AGUARICO ,21B00228,CECIB DE EDUCACIÓN BÁSICA ËCOWARI,Fiscal,Sierra,Intercultural Bilingüe,Indígena,Secoya,Secoya,8.0,1.0,8.0
SUCUMBIOS,CUYABENO,TARAPOA,   SOTOTSIAYA VIA TARAPOA-CENTRO UNION KM 15 MARG DER RIV RIO AGUARICO,21B00167,CECIB DE EDUCACIÓN BÁSICA HUAJOCONE,Fiscal,Sierra,Intercultural Bilingüe,Indígena,Siona,Siona,46.0,2.0,23.0
SUCUMBIOS,CUYABENO,TARAPOA,   VIA TARAPOA - PERLAS DEL ORIENTE - COMUNIDAD WAIYA - RIBERAS DEL RIO AGUARICO,21B00177,CECIB DE EDUCACIÓN BÁSICA WAIYA,Fiscal,Sierra,Intercultural Bilingüe,Indígena,Secoya,Secoya,9.0,1.0,9.0
SUCUMBIOS,GONZALO PIZARRO,EL REVENTADOR,   SAN PEDRO DEL CHACO VIA QUITO KM 65 MARG DER DECIMA TERCERA LINEA,21B00050,PROVINCIA DE COTOPAXI,Fiscal,Sierra,Intercultural Bilingüe,Indígena,Kichwa,kichwa-Amazonia,3.0,1.0,3.0
SUCUMBIOS,GONZALO PIZARRO,GONZALO PIZARRO,   COMUNA CHUSKUYAKU 5TA LINEA VIA QUITO LAGO AGRIO KM 65,21B00054,PROVINCIA DE LOS RIOS,Fiscal,Sierra,Intercultural Bilingüe,Indígena,Kichwa,kichwa-Amazonia,19.0,1.0,19.0
SUCUMBIOS,GONZALO PIZARRO,GONZALO PIZARRO,   DASHINO PANDUYACU VIA LAGO AGRIO - QUITO KM 64 MARG IZQ LINEA 6,21B00060,RIO DASHINO,Fiscal,Sierra,Intercultural Bilingüe,Indígena,Kichwa,kichwa-Amazonia,113.0,11.0,10.27
SUCUMBIOS,GONZALO PIZARRO,GONZALO PIZARRO,   PANDUYACU VIA LAGO AGRIO-QUITO KM 64 MARG IZQ LINEA 5,21B00053,CORONEL JACINTO BEJARANO,Fiscal,Sierra,Intercultural Bilingüe,Indígena,Kichwa,kichwa-Amazonia,143.0,7.0,20.43
SUCUMBIOS,GONZALO PIZARRO,GONZALO PIZARRO,   PLAYAS DEL RIO COCA VIA AMAZONAS-DASHIÑO KM 17,21B00052,SEBASTIAN HUATATOCA,Fiscal,Sierra,Intercultural Bilingüe,Indígena,Kichwa,kichwa-Amazonia,30.0,2.0,15.0
SUCUMBIOS,GONZALO PIZARRO,GONZALO PIZARRO,   PLAYAS DEL RIO TIGRE VIA AMAZONAS-DASHINO KM 10 MARG DER,21B00059,PUMAYAKU,Fiscal,Sierra,Intercultural Bilingüe,Indígena,Kichwa,kichwa-Amazonia,20.0,1.0,20.0
SUCUMBIOS,GONZALO PIZARRO,GONZALO PIZARRO,   SHIWA KUCHA VIA AMAZONAS-PANDUYACU KM 10 MARG IZQ,21B00057,JUAN VICENTE,Fiscal,Sierra,Intercultural Bilingüe,Indígena,Kichwa,kichwa-Amazonia,73.0,3.0,24.33
SUCUMBIOS,GONZALO PIZARRO,GONZALO PIZARRO,   VIA QUITO RECINTO AMAZONAS-DASHINO KM 10 MARG IZQUIERDA 5TA LINEA,21B00061,FRAY JODOCO RICKE,Fiscal,Sierra,Intercultural Bilingüe,Indígena,Kichwa,kichwa-Amazonia,166.0,10.0,16.6
SUCUMBIOS,GONZALO PIZARRO,LUMBAQUI,   KASHA YAKU VIA LUMBAQUI -  LA TRONCAL KM 10 MARG IZQ LINEA 3,21B00153,KASHA YAKU,Fiscal,Sierra,Intercultural Bilingüe,Indígena,Kichwa,kichwa-Amazonia,21.0,1.0,21.0
SUCUMBIOS,GONZALO PIZARRO,PUERTO LIBRE,   VIA INTEROCEANICA KM 21 MARG OZQ LINEA 2 COMUNIDAD SINANGOE,21B00065,RIO COFANES,Fiscal,Sierra,Intercultural Bilingüe,Indígena,Ai Kofan,Ai Cofan,52.0,3.0,17.33
SUCUMBIOS,LAGO AGRIO,DURENO,   COMUNIDAD COFAN DEL MILENIO VIA LAGO AGRIO-TARAPOA KM 23 MARG DERECHA RIO AGUARICO,21B00010,GUILLERMO QUENAMA,Fiscal,Sierra,Intercultural Bilingüe,Indígena,Ai Kofan,Ai Cofan,103.0,7.0,14.71
SUCUMBIOS,LAGO AGRIO,DURENO,   VIA TARAPOA - CASERIO UKAVATI,21B00013,MA`ÑONE,Fiscal,Sierra,Intercultural Bilingüe,Indígena,Ai Kofan,Ai Cofan,10.0,1.0,10.0
SUCUMBIOS,LAGO AGRIO,DURENO,   VIA TARAPOA KM 25 - RIBERAS DEL RIO AGUARICO - COMUNIDAD COFAN UPIRITU,21B00192,CANJANSIE,Fiscal,Sierra,Intercultural Bilingüe,Indígena,Ai Kofan,Ai Cofan,12.0,1.0,12.0
SUCUMBIOS,LAGO AGRIO,EL ENO,   AWKAYAKU VIA LAGO AGRIO-COCA KM 12 MARG DER LINEA 5,21B00025,RICARDO CERDA TAPUY,Fiscal,Sierra,Intercultural Bilingüe,Indígena,Kichwa,kichwa-Amazonia,223.0,16.0,13.94
SUCUMBIOS,LAGO AGRIO,EL ENO,   KM 12 MARGEN DERECHO 3ERA LINEA COMUNIDAD YANAYACU,21B00007,UNIDAD EDUCATIVA DEL MILENIO INTERCULTURAL BILINGUE HATUN SACHA,Fiscal,Sierra,Intercultural Bilingüe,Indígena,Kichwa,kichwa-Amazonia,1084.0,50.0,21.68
SUCUMBIOS,LAGO AGRIO,EL ENO,   PISURIE KANKHE VIA LAGO A-GUANTA KM 25,21B00012,LOS LAURELES,Fiscal,Sierra,Intercultural Bilingüe,Indígena,Ai Kofan,Ai Cofan,9.0,1.0,9.0
SUCUMBIOS,LAGO AGRIO,EL ENO,   RIO PUSINO VIA  EL ENO-LA TRONCAL KM 21 MARG DER LINEA 4,21B00021,SAN JOSE DEL RIO PUSINO,Fiscal,Sierra,Intercultural Bilingüe,Indígena,Kichwa,kichwa-Amazonia,53.0,2.0,26.5
SUCUMBIOS,LAGO AGRIO,EL ENO,   SAN BARTOLO VIA LAGO AGRIO-COCA KM 15 MARG IZQ,21B00018,REPUBLICA DE ISRAEL,Fiscal,Sierra,Intercultural Bilingüe,Indígena,Kichwa,kichwa-Amazonia,10.0,1.0,10.0
SUCUMBIOS,LAGO AGRIO,EL ENO,   SHINCHI URKU  VIA SHUSHUFINDI - GUANTA KM 28 MARG DER,21B00087,LUIS MONTALUISA,Fiscal,Sierra,Intercultural Bilingüe,Indígena,Kichwa,kichwa-Amazonia,58.0,3.0,19.33
SUCUMBIOS,LAGO AGRIO,JAMBELI,   5 DE AGOSTO VIA LAGO AGRIO-QUITO KM 19 MARG IZQ,21B00037,JOSE MEJIA LEQUERICA,Fiscal,Sierra,Intercultural Bilingüe,Indígena,Kichwa,kichwa-Amazonia,73.0,3.0,24.33
SUCUMBIOS,LAGO AGRIO,JAMBELI,   GRAN SUMACO VIA LAGO AGRIO-QUITO KM 23  MARG DER LINEA  6,21B00036,GRAN SUMACO,Fiscal,Sierra,Intercultural Bilingüe,Indígena,Kichwa,kichwa-Amazonia,25.0,1.0,25.0
SUCUMBIOS,LAGO AGRIO,JAMBELI,   KURI YAKU - VIA SEVILLA - SANTA ROSA  LINEA 7,21B00158,TUPAK YUPANKI,Fiscal,Sierra,Intercultural Bilingüe,Indígena,Kichwa,kichwa-Amazonia,36.0,2.0,18.0
SUCUMBIOS,LAGO AGRIO,JAMBELI,RIO BETANO  RIO BETANO VIA LAGO AGRIO DIEZ DE AGOSTO KM CUARENTA Y UNO LINEA NUEVE ,21B00226,PUMA URKU,Fiscal,Sierra,Intercultural Bilingüe,Indígena,Kichwa,kichwa-Amazonia,15.0,1.0,15.0
SUCUMBIOS,LAGO AGRIO,JAMBELI,   VÍA QUITO KM 29 MARGEN DERECHA DECIMA QUINTA LINEA  BARRANCA BERMEJA,21B00157,ARUTAM,Fiscal,Sierra,Intercultural Bilingüe,Indígena,Shuar,Shuar,7.0,1.0,7.0
SUCUMBIOS,LAGO AGRIO,JAMBELI,   YAMARAM NANKAIS VIA SEVILLA-BARRANCA BERMEJA KM 20 MARG IZQ LINEA 2,21B00159,JUAN ALFONSO CORDOVA,Fiscal,Sierra,Intercultural Bilingüe,Indígena,Shuar,Shuar,20.0,1.0,20.0
SUCUMBIOS,LAGO AGRIO,NUEVA LOJA,AV   QUITO KM DOS Y MEDIO 1 BARRIO PABLO ALVERCA ,21B00002,INTI PAKARI,Fiscal,Sierra,Intercultural Bilingüe,Indígena,Kichwa,kichwa-Amazonia,592.0,27.0,21.93
SUCUMBIOS,LAGO AGRIO,NUEVA LOJA,   COMUNIDAD RUMI URKU,21B00003,PASCUAL HUMBERTO ANDY TAPUY,Fiscal,Sierra,Intercultural Bilingüe,Indígena,Kichwa,kichwa-Amazonia,10.0,1.0,10.0
SUCUMBIOS,LAGO AGRIO,NUEVA LOJA,   PUYUPUNKU VIA COCA KM 2 MARG IZQ LINEA 3,21B00180,CIUDAD DE SALINAS,Fiscal,Sierra,Intercultural Bilingüe,Indígena,Kichwa,kichwa-Amazonia,66.0,4.0,16.5
SUCUMBIOS,LAGO AGRIO,PACAYACU,   PACAYACU VIA PICHINCHA SHUARA 8 MARGEN DERECHO 3RA LINEA COMUNIDAD LA FLORESTA,21B00033,ACHKA SACHA,Fiscal,Sierra,Intercultural Bilingüe,Indígena,Kichwa,kichwa-Amazonia,5.0,1.0,5.0
SUCUMBIOS,LAGO AGRIO,PACAYACU,   TIGRE PLAYA VIA CANTA GALLO RIVERA RIO SAN MIGUEL MARG IZQ,21B00032,CASIMIRO BEGAY PAPA,Fiscal,Sierra,Intercultural Bilingüe,Indígena,Kichwa,kichwa-Amazonia,8.0,1.0,8.0
SUCUMBIOS,LAGO AGRIO,PACAYACU,   YANA AMARUN PUERTO NUEVO RIO SAN MIGUELMARGEN DERECHA 5TA LINEA,21B00034,GALLO RUMI,Fiscal,Sierra,Intercultural Bilingüe,Indígena,Kichwa,kichwa-Amazonia,6.0,1.0,6.0
SUCUMBIOS,LAGO AGRIO,SANTA CECILIA,   COMUNIDAD MALVINAS 1 VIA -QUITO  KM 16 MARG DER LINEA 5,21B00186,CIUDAD DE CHIMBO,Fiscal,Sierra,Intercultural Bilingüe,Mestiza,Mestiza,Mestiza,17.0,1.0,17.0
SUCUMBIOS,LAGO AGRIO,SANTA CECILIA,   NUEVOS HORIZONTES VIA LAGO AGRIO - QUITO KM 17 MARG IZQ,21B00049,NUEVOS HORIZONTES,Fiscal,Sierra,Intercultural Bilingüe,Indígena,Kichwa,kichwa-Amazonia,250.0,21.0,11.9
SUCUMBIOS,LAGO AGRIO,SANTA CECILIA,   PLAYAS DE ORO VIA LAGO AGRIO-QUITO KM 6 MARG IZQ LINEA 3  FLUVIAL,21B00039,PLAYAS DE ORO,Fiscal,Sierra,Intercultural Bilingüe,Indígena,Kichwa,kichwa-Amazonia,23.0,1.0,23.0
SUCUMBIOS,LAGO AGRIO,SANTA CECILIA,   SECTOR CEDRO YAKU,21B00197,LUKATA PAMPA,Fiscal,Sierra,Intercultural Bilingüe,Indígena,Kichwa,kichwa-Amazonia,26.0,1.0,26.0
SUCUMBIOS,LAGO AGRIO,SANTA CECILIA,   SUR DE SATA CECILIA - COMUNA UNION HUACAMAYOS,21B00045,ISLA SANTA CRUZ,Fiscal,Sierra,Intercultural Bilingüe,Indígena,Kichwa,kichwa-Amazonia,141.0,8.0,17.62
SUCUMBIOS,LAGO AGRIO,SANTA CECILIA,   VIA COCA KM 12 MARGEN DERECHO 9 LINEA ASOCIASION AKIWARI,21B00038,LOS NAPOTOAS,Fiscal,Sierra,Intercultural Bilingüe,Indígena,Kichwa,kichwa-Amazonia,52.0,2.0,26.0
SUCUMBIOS,PUTUMAYO,PALMA ROJA,   LOROCACHI  2 VIA PUERTO EL CARMEN - Y DE TPISHCA MARG IZQ,21B00071,CECIB DE EDUCACIÓN BÁSICA DELIA HUATATOCA,Fiscal,Sierra,Intercultural Bilingüe,Indígena,Kichwa,kichwa-Amazonia,9.0,1.0,9.0
SUCUMBIOS,PUTUMAYO,PALMA ROJA,   LOROCACHI 3,21B00079,CECIB DE EDUCACIÓN BÁSICA BLANCA ANDI,Fiscal,Sierra,Intercultural Bilingüe,Indígena,Kichwa,kichwa-Amazonia,43.0,2.0,21.5
SUCUMBIOS,PUTUMAYO,PALMA ROJA,   LORO CACHI CENTRAL VIA PTO EL CARMEN-LAGO AGRIO KM 30 MARG DER LINEA 2,21B00078,CECIB DE EDUCACIÓN BÁSICA RIO SAN MIGUEL,Fiscal,Sierra,Intercultural Bilingüe,Indígena,Kichwa,kichwa-Amazonia,31.0,2.0,15.5
SUCUMBIOS,PUTUMAYO,PALMA ROJA,   RECINTO ESPIRITU NOTENO,21B00075,CECIB DE EDUCACIÓN BÁSICA AMARUN KUCHA,Fiscal,Sierra,Intercultural Bilingüe,Indígena,Kichwa,kichwa-Amazonia,30.0,2.0,15.0
SUCUMBIOS,PUTUMAYO,PALMA ROJA,RIO SINGUE 14 VIA CANTAGALLO PUETE SINGUE ,21B00230,CECIB DE EDUCACIÓN BASICA EDISON MAYANCHA,Fiscal,Sierra,Intercultural Bilingüe,Indígena,Kichwa,kichwa-Amazonia,8.0,1.0,8.0
SUCUMBIOS,PUTUMAYO,PALMA ROJA,   SANTA ROSA VIA Y DE CANTAGALLO-EL PALMAR 13 RIV RIO SAN MIGUEL,21B00070,CECIB DE EDUCACIÓN BÁSICA JUMANDY,Fiscal,Sierra,Intercultural Bilingüe,Indígena,Kichwa,kichwa-Amazonia,24.0,1.0,24.0
SUCUMBIOS,PUTUMAYO,PALMA ROJA,   SINCHE RUNA VIA TIPISHCA - SANTA ELENA KM 9 MARG DER,21B00080,CECIB DE EDUCACIÓN BÁSICA CHALLWA KUCHA,Fiscal,Sierra,Intercultural Bilingüe,Indígena,Kichwa,kichwa-Amazonia,15.0,1.0,15.0
SUCUMBIOS,PUTUMAYO,PALMA ROJA,   SINGUE CENTRAL VIA  Y DE TIPISHCA-SANTA ELENA KM 3 MARG IZQ LINEA 2 RIV RIO SAN MIGUEL,21B00081,CECIB DE EDUCACIÓN BÁSICA REMIGIO ROMERO Y CORDERO,Fiscal,Sierra,Intercultural Bilingüe,Indígena,Kichwa,kichwa-Amazonia,6.0,1.0,6.0
SUCUMBIOS,PUTUMAYO,PALMA ROJA,   TACE Y DE TISHCA-PTO EL CARMEN KM 16 MARG IZQ,21B00077,CECIB DE EDUCACIÓN BÁSICA VOLCAN CHILES,Fiscal,Sierra,Intercultural Bilingüe,Indígena,Kichwa,kichwa-Amazonia,12.0,1.0,12.0
SUCUMBIOS,PUTUMAYO,PUERTO BOLIVAR (PUERTO MONTUFAR),   VIA PUERTO EL CARMEN - RIO CUYABENO - COMUNIDAD SIONA DE PUERTO  BOLIVAR,21B00082,UNIDAD EDUCATIVA INTERCULTURAL  BILINGUE BUSU JAIRA,Fiscal,Sierra,Intercultural Bilingüe,Indígena,Siona,Siona,14.0,2.0,7.0
SUCUMBIOS,PUTUMAYO,PUERTO EL CARMEN DEL PUTUMAYO,   AGUAS BLANCAS VIA FLUVIAL PTO EL CARMEN - TRES FRONTERAS KM 7,21B00068,CECIB DE EDUCACIÓN BÁSICA  LEON FEBRES CORDERO,Fiscal,Sierra,Intercultural Bilingüe,Indígena,Kichwa,kichwa-Amazonia,13.0,1.0,13.0
SUCUMBIOS,PUTUMAYO,PUERTO EL CARMEN DEL PUTUMAYO,   NUEVA MONTEPA VIA FLUVIAL PTO EL CARMEN-STA ELENA,21B00076,CECIB ESCUELA DE EDUCACIÓN BÁSICA GUAYAS,Fiscal,Sierra,Intercultural Bilingüe,Indígena,Kichwa,kichwa-Amazonia,4.0,1.0,4.0
SUCUMBIOS,PUTUMAYO,PUERTO EL CARMEN DEL PUTUMAYO,   RIERA VIA PUERTO EL CARMEN-LAGO AGRIO KM 14 MARG IZQ,21B00067,CECIB DE EDUCACIÓN BÁSICA ROBERTO CRUZ,Fiscal,Sierra,Intercultural Bilingüe,Indígena,Kichwa,kichwa-Amazonia,4.0,1.0,4.0
SUCUMBIOS,PUTUMAYO,PUERTO EL CARMEN DEL PUTUMAYO,   SANDI YAKU VIA FLUVIAL RIO PUTUMAYO BAJO MARG DER,21B00069,CECIB DE EDUCACIÓN BÁSICA EL PROGRESO,Fiscal,Sierra,Intercultural Bilingüe,Indígena,Kichwa,kichwa-Amazonia,9.0,1.0,9.0
SUCUMBIOS,PUTUMAYO,PUERTO EL CARMEN DEL PUTUMAYO,   SILVAYACU VIA PTO EL CARMEN - LAGO A KM 17 MARG IZQ,21B00073,UNIDAD EDUCATIVA INTERCULTURAL Y BILINGUE ORIENTE ECUATORIANO,Fiscal,Sierra,Intercultural Bilingüe,Indígena,Kichwa,kichwa-Amazonia,142.0,13.0,10.92
SUCUMBIOS,PUTUMAYO,PUERTO RODRIGUEZ,   ALTO RODRIGUEZ VIA FLUVIAL PTO EL CARMEN-PTO RODRIGUEZ KM 70 MARG DER,21B00194,CECIB DE EDUCACIÓN BASICA SIMON BOLIVAR,Fiscal,Sierra,Intercultural Bilingüe,Indígena,Kichwa,kichwa-Amazonia,20.0,1.0,20.0
SUCUMBIOS,PUTUMAYO,PUERTO RODRIGUEZ,   BAJO RODRIGUEZ VIA FLUVIAL PTO EL CARMEN-TRES FRONTERAS RIV RIO PUTUMAYO MARG DER,21B00084,CECIB DE EDUCACIÓN BÁSICA SAN FRANCISCO,Fiscal,Sierra,Intercultural Bilingüe,Indígena,Kichwa,Kanelo-Kichwa,26.0,1.0,26.0
SUCUMBIOS,PUTUMAYO,PUERTO RODRIGUEZ,   BUEN SAMARITANO VIA FLUVIAL PTO EL CARMEN-PTO RODRIGUEZ RIV RIO PUTUMAYO BAJO,21B00085,CECIB DE EDUCACIÓN BÁSICA SAN AGUSTIN,Fiscal,Sierra,Intercultural Bilingüe,Indígena,Kichwa,kichwa-Amazonia,29.0,1.0,29.0
SUCUMBIOS,PUTUMAYO,PUERTO RODRIGUEZ,   COMUNIDAD NUEVO SINAI,21B00188,CECIB DE EDUCACIÓN BÁSICA RICARDO SALAZAR,Fiscal,Sierra,Intercultural Bilingüe,Indígena,Kichwa,kichwa-Amazonia,5.0,1.0,5.0
SUCUMBIOS,PUTUMAYO,PUERTO RODRIGUEZ,   TRES FRONTERAS VIA FLUVIAL PTO EL CARMEN-TRES FRONTERAS KM 80 MARG DER,21B00083,CECIB DE EDUCACION BASICA EDUARDO SANDA,Fiscal,Sierra,Intercultural Bilingüe,Indígena,Kichwa,kichwa-Amazonia,9.0,1.0,9.0
SUCUMBIOS,PUTUMAYO,SANTA ELENA,   SAN JOSE DE WISUYA VIA Y DE CANTA GALLO-EL PALMAR RIV RIO PUTUMAYO,21B00086,CECIB DE EDUCACIÓN BÁSICA AYAWASKA,Fiscal,Sierra,Intercultural Bilingüe,Indígena,Kichwa,kichwa-Amazonia,6.0,1.0,6.0
SUCUMBIOS,SHUSHUFINDI,LIMONCOCHA,   CASERIO PILCHI,21B00112,CE COMUNITARIO  INTERCULTURAL BILINGUE TUPAK  AMARU,Fiscal,Sierra,Intercultural Bilingüe,Indígena,Kichwa,kichwa-Amazonia,52.0,3.0,17.33
SUCUMBIOS,SHUSHUFINDI,LIMONCOCHA,   COMUNA  RIO JIVINO  PLAYA YAKU VIA SHUSHUF  LIMONCOCHA KM 28 MARGE IZQ,21B00104,CECIB PLAYA YACU,Fiscal,Sierra,Intercultural Bilingüe,Indígena,Kichwa,kichwa-Amazonia,168.0,9.0,18.67
SUCUMBIOS,SHUSHUFINDI,LIMONCOCHA,"   COMUNIDAD ""ITAYA""",21B00103,UE COMUNITARIO INTERCULTURAL BILINGUE GENERAL MIRES,Fiscal,Sierra,Intercultural Bilingüe,Indígena,Kichwa,kichwa-Amazonia,88.0,6.0,14.67
SUCUMBIOS,SHUSHUFINDI,LIMONCOCHA,   COMUNIDAD WAMPUISH,21B00093,CE COMUNITARIO INTERCULTURAL BILINGUE MONSEÑOR ALEJANDRO LABAKA,Fiscal,Sierra,Intercultural Bilingüe,Indígena,Shuar,Shuar,14.0,1.0,14.0
SUCUMBIOS,SHUSHUFINDI,LIMONCOCHA,"   COMUNIDAD ""WAMPUTSAR""",21B00099,CENTRO EDUCATIVO COMUNITARIO INTERCULTURAL BILINGÜE PROVINCIA DE MORONA SANTIAGO,Fiscal,Sierra,Intercultural Bilingüe,Indígena,Shuar,Shuar,14.0,1.0,14.0
SUCUMBIOS,SHUSHUFINDI,LIMONCOCHA,   COMUNIDAD YAMARAM SUKU,21B00102,24 DE MAYO,Fiscal,Sierra,Intercultural Bilingüe,Indígena,Shuar,Shuar,62.0,5.0,12.4
SUCUMBIOS,SHUSHUFINDI,LIMONCOCHA,   KUKUSH  VIA SHUSHUFINDI-LIMONCOCHA KM 21 MARG DER LINEA 3,21B00094,CE COMUNITARIO INTERCULTURAL BILINGUE MONSENOR  LEONIDAS PROANO,Fiscal,Sierra,Intercultural Bilingüe,Indígena,Shuar,Shuar,12.0,1.0,12.0
SUCUMBIOS,SHUSHUFINDI,LIMONCOCHA,   LIMONCOCHA VIA SHUSHUFINDI-LIMONCOCHA KM 31 MARG IZQ,21B00113,UNIDAD EDUCATIVA COMUNITARIA INTERCULTURAL AB MARTHA BUCARAM DE ROLDOS,Fiscal,Sierra,Intercultural Bilingüe,Indígena,Kichwa,kichwa-Amazonia,536.0,27.0,19.85
SUCUMBIOS,SHUSHUFINDI,LIMONCOCHA,   MUSHUKLLAKTA VIA SHUSHUFINDI-LIMONCOCHA KM 24 MARG DER,21B00096,CE COMUNITARIO INTERCULTURAL BILINGUE MUSHUKLLAKTA,Fiscal,Sierra,Intercultural Bilingüe,Indígena,Kichwa,kichwa-Amazonia,27.0,1.0,27.0
SUCUMBIOS,SHUSHUFINDI,LIMONCOCHA,   NASE VIA PALMERAS-SAN ROQUE KM 38 MARG DER,21B00101,JORGE AÑAZCO,Fiscal,Sierra,Intercultural Bilingüe,Indígena,Shuar,Shuar,21.0,1.0,21.0
SUCUMBIOS,SHUSHUFINDI,LIMONCOCHA,   NUEVA PROVIDENCIA VIA YAMANUNCA-PROVIDENCIA KM 47 RIV RIO NAPO,21B00185,ABRAHAM RON,Fiscal,Sierra,Intercultural Bilingüe,Indígena,Kichwa,kichwa-Amazonia,15.0,1.0,15.0
SUCUMBIOS,SHUSHUFINDI,LIMONCOCHA,   OCHO DE SEPTIEMBRE VIA LIMONCOCHA KM 30 MARG IZQ,21B00095,CENTRO EDUCATIVO COMUNITARIO INTERCULTURAL BILINGUE VOLUNTAD DE DIOS,Fiscal,Sierra,Intercultural Bilingüe,Indígena,Shuar,Shuar,9.0,1.0,9.0
SUCUMBIOS,SHUSHUFINDI,LIMONCOCHA,   SANI ISLA VIA FLUVIAL PTO PROVIDENCIA-PAÑACOCHA KM 20,21B00109,CE COMUNITARIO INTERCULTURAL BILINGUE LORENZO DE GARAICOA,Fiscal,Sierra,Intercultural Bilingüe,Indígena,Kichwa,kichwa-Amazonia,81.0,6.0,13.5
SUCUMBIOS,SHUSHUFINDI,LIMONCOCHA,   TSANIMP VIA PALMERAS-SAN ROQUE KM 3 MARG DER LINEA 2,21B00111,CENTRO EDUCATIVO  COMUNITARIO INTERCULTRUAL BILINGUE NUNKUI,Fiscal,Sierra,Intercultural Bilingüe,Indígena,Shuar,Shuar,29.0,2.0,14.5
SUCUMBIOS,SHUSHUFINDI,LIMONCOCHA,   YAMANUNKA-VIA SHUSHUFINDI- LIMONCOCHA-KM 14-MARG DER,21B00107,UNIDAD EDUCATIVA COMUNITARIA INTERCULTURAL BILINGÜE LUIS FELIPE WAJAREI,Fiscal,Sierra,Intercultural Bilingüe,Mestiza,Mestiza,Mestiza,634.0,32.0,19.81
SUCUMBIOS,SHUSHUFINDI,PAÑACOCHA,   PUCAPEÑA VIA FLUVIAL TIERRAS ORIENTALES-PUCAPEÑA RIVERA RIO AGUARICO KM 80 MARG DER,21B00119,JESUS ISACC BARRERA QUIROZ,Fiscal,Sierra,Intercultural Bilingüe,Indígena,Kichwa,kichwa-Amazonia,43.0,2.0,21.5
SUCUMBIOS,SHUSHUFINDI,PAÑACOCHA,   TERERE  VIA FLUVIAL LIMONCOCHA-PAÑACOCHA RIV RIO NAPO MARG IZQ,21B00116,CENTRO EDUCATIVO  COMUNITARIO INTERCULTURAL BILINGUE TERERE,Fiscal,Sierra,Intercultural Bilingüe,Indígena,Kichwa,kichwa-Amazonia,59.0,4.0,14.75
SUCUMBIOS,SHUSHUFINDI,SAN ROQUE (CAB. EN SAN VICENTE),   RECINTO SAN VICENTE,21H00594,UNIDAD EDUCATIVA JUAN MONTALVO,Fiscal,Sierra,Intercultural,Mestiza,Mestiza,Mestiza,427.0,24.0,17.79
SUCUMBIOS,SHUSHUFINDI,SAN ROQUE (CAB. EN SAN VICENTE),   SIONA DE ORAHUAYA VIA SHUSHUF - LA PANTERA KM 13 MAGR DER LINEA 2,21B00126,CENTRO EDUCATIVO COMUNITARIO INTERCULTURAL BILINGUE NE EÑA,Fiscal,Sierra,Intercultural Bilingüe,Indígena,Siona,Siona,16.0,1.0,16.0
SUCUMBIOS,SHUSHUFINDI,SAN ROQUE (CAB. EN SAN VICENTE),   VIA A LAS PALMERAS - COMUNIDAD SAN PABLO DE KATËTSIAYA,21B00120,RIO AGUARICO,Fiscal,Sierra,Intercultural Bilingüe,Indígena,Secoya,Secoya,58.0,8.0,7.25
SUCUMBIOS,SHUSHUFINDI,SAN ROQUE (CAB. EN SAN VICENTE),   VIA  LA PANTERA - RIBERAS DEL RIO AGUARICO - COMUNIDAD SIONA  ABOQUEHUIRA,21B00123,ATAHUALPA,Fiscal,Sierra,Intercultural Bilingüe,Indígena,Siona,Siona,16.0,1.0,16.0
SUCUMBIOS,SHUSHUFINDI,SAN ROQUE (CAB. EN SAN VICENTE),   VIA SAN ROQUE-SAN PABLO LINEA 1 KM 3 MARG DER,21B00125,ÑE ÑEÑA,Fiscal,Sierra,Intercultural Bilingüe,Indígena,Secoya,Secoya,16.0,1.0,16.0
SUCUMBIOS,SHUSHUFINDI,SAN ROQUE (CAB. EN SAN VICENTE),   VIA TIERRAS ORIENTALES - COMUNIDAD SIEKO PAI BELLAVISTA,21B00124,WUAJOSARA,Fiscal,Sierra,Intercultural Bilingüe,Indígena,Secoya,Secoya,19.0,1.0,19.0
SUCUMBIOS,SHUSHUFINDI,SAN ROQUE (CAB. EN SAN VICENTE),   VIA TIERRAS ORIENTALES - COMUNIDAD SIEKOYA REMOLINO - RIVERAS RIO AGUARICO,21B00118,SEWAYA,Fiscal,Sierra,Intercultural Bilingüe,Indígena,Secoya,Secoya,14.0,1.0,14.0
SUCUMBIOS,SHUSHUFINDI,SAN ROQUE (CAB. EN SAN VICENTE),   YANALLPA VIA TIERRAS ORIENTALES - PLAYAS DEL CUYABENO KM 25 RIV RIO  AGUARICO,21B00121,ABEL MAYANCHI,Fiscal,Sierra,Intercultural Bilingüe,Indígena,Kichwa,kichwa-Amazonia,15.0,1.0,15.0
SUCUMBIOS,SHUSHUFINDI,SHUSHUFINDI,   CASERIO ALLY PAMBA,21B00092,RIO TOMEBAMBA,Fiscal,Sierra,Intercultural Bilingüe,Indígena,Kichwa,kichwa-Amazonia,128.0,7.0,18.29
SUCUMBIOS,SHUSHUFINDI,SHUSHUFINDI,   COMUNA GABRIEL CALAPUCHA  VIA AGUARICO TRES KM 0 MARG DER RIV RIO AGUARICO,21B00091,CE COMUNITARIO INTERCULTURAL BILINGUEDR LUIS FELIPE CORNEJO,Fiscal,Sierra,Intercultural Bilingüe,Indígena,Kichwa,kichwa-Amazonia,42.0,2.0,21.0
SUCUMBIOS,SHUSHUFINDI,SHUSHUFINDI,   ÑUKANCHI LLAKTA VIA POZA HONDA-VALLE HERMOSO NORTE RIV RIO AGUARICO,21B00088,CE INTERCULTURAL BILINGUE ÑUKANCHI LLAKTA,Fiscal,Sierra,Intercultural Bilingüe,Indígena,Kichwa,kichwa-Amazonia,61.0,3.0,20.33
TUNGURAHUA,AMBATO,AUGUSTO N. MARTINEZ (MUNDUGLEO),   CASERIO LLATANTOMA,18B00052,ESCUELA DE EDUCACION BASICA INTERCULTURAL BILINGÜE NEPTALI SANCHO JARAMILLO,Fiscal,Sierra,Intercultural Bilingüe,Indígena,Kichwa,kisapincha,24.0,3.0,8.0
TUNGURAHUA,AMBATO,AUGUSTO N. MARTINEZ (MUNDUGLEO),   SECTOR UNACANT/CASERIO CALHUA GRANDE,18B00008,UNIDAD EDUCATIVA  INTERCULTURAL BILINGÜE LUIS CHIRIBOGA,Fiscal,Sierra,Intercultural Bilingüe,Indígena,Kichwa,kisapincha,132.0,15.0,8.8
TUNGURAHUA,AMBATO,CELIANO MONGE,JOSÉ DE ANTEPARA 2 FRANCISCO MORALES Y AVENIDA VÍCTOR HUGO ,18B00001,UNIDAD EDUCATIVA INTERCULTURAL BILINGÜE PROVINCIA DE CHIMBORAZO,Fiscal,Sierra,Intercultural Bilingüe,Indígena,Kichwa,Puruhá,308.0,19.0,16.21
TUNGURAHUA,AMBATO,JUAN BENIGNO VELA,   COMUNIDAD CHIBULEO SAN FRANCISCO - SECTOR SAN JUAN,18B00011,UNIDAD EDUCATIVA DEL MILENIO INTERCULTURAL BILINGUE CHIBULEO GUARDIANA,Fiscal,Sierra,Intercultural Bilingüe,Indígena,Kichwa,Chibuleo,579.0,38.0,15.24
TUNGURAHUA,AMBATO,MATRIZ,ESPEJO 541 ROCAFUERTE ,18B00006,UNIDAD EDUCATIVA INTERCULTURAL  BILINGÜE PCEI PUCARA,Particular Laico,Sierra,Intercultural Bilingüe,Indígena,Kichwa,kisapincha,48.0,6.0,8.0
TUNGURAHUA,AMBATO,PILAGUIN (PILAHUIN),   CASERIO NUEVA VIDA  SECTOR ATAHUALPA,18B00020,ESC DE EDUC BÁSICA INTERCULTURAL BILINGUE RUNAKUNAPAK YACHANA WASI,Fiscal,Sierra,Intercultural Bilingüe,Indígena,Kichwa,Tomabela,15.0,1.0,15.0
TUNGURAHUA,AMBATO,PILAGUIN (PILAHUIN),   CASERIO RIO COLORADO VIA A GUARANDA,18B00032,ESCUELA DE EBIB DR JOSE MARIA VELASCO IBARRA,Fiscal,Sierra,Intercultural Bilingüe,Indígena,Kichwa,Tomabela,14.0,1.0,14.0
TUNGURAHUA,AMBATO,PILAGUIN (PILAHUIN),   CASERIO VERDE PUNGO,18B00029,ESCUELA DE EDUCACIÓN BÁSICA INTERCULTURAL BILINGÜE INTIPAC CHURI,Fiscal,Sierra,Intercultural Bilingüe,Indígena,Kichwa,Tomabela,71.0,7.0,10.14
TUNGURAHUA,AMBATO,PILAGUIN (PILAHUIN),   COMUNA RUMIPAMBA PACOBAMBA VIA GUARANDA,18B00053,ESCUELA DE EDUCACION BASICA INTERCULTURAL BILINGUE CASPICARA,Fiscal,Sierra,Intercultural Bilingüe,Indígena,Kichwa,Tomabela,6.0,1.0,6.0
TUNGURAHUA,AMBATO,PILAGUIN (PILAHUIN),   COMUNIDAD EL LINDERO MANDANA VIA ANTIGUA A GUARANDA,18B00031,ESCUELA DE EDUCACIÓN BÁSICA INTERCULTURAL BILINGÜE CRISTOBAL PAJUÑA,Fiscal,Sierra,Intercultural Bilingüe,Indígena,Kichwa,Tomabela,10.0,1.0,10.0
TUNGURAHUA,AMBATO,PILAGUIN (PILAHUIN),   COMUNIDAD EL SALADO LLANGAHUA,18B00027,UNIDAD EDUCATIVA INTERCULTURAL BILINGÜE LLANGAHUA,Fiscal,Sierra,Intercultural Bilingüe,Indígena,Kichwa,Tomabela,127.0,16.0,7.94
TUNGURAHUA,AMBATO,PILAGUIN (PILAHUIN),   COMUNIDAD YATZAPUTZAN CENTRO,18B00019,UNIDAD EDUCATIVA INTERCULTURAL BILINGÜE VICTOR MANUEL GARCES,Fiscal,Sierra,Intercultural Bilingüe,Indígena,Kichwa,Tomabela,372.0,18.0,20.67
TUNGURAHUA,AMBATO,PILAGUIN (PILAHUIN),   GUAGRACORRAL,18B00024,UNIDAD EDUCATIVA INTERCULTURAL BILINGÜE TAMBOLOMA,Fiscal,Sierra,Intercultural Bilingüe,Indígena,Kichwa,Tomabela,496.0,26.0,19.08
TUNGURAHUA,AMBATO,PILAGUIN (PILAHUIN),   LLANGAHUA-RIO PASTAZA,18B00056,ESCUELA DE EDUCACION BASICA INTERCULTURAL BILINGUE RIO PASTAZA,Fiscal,Sierra,Intercultural Bilingüe,Indígena,Kichwa,Tomabela,59.0,8.0,7.38
TUNGURAHUA,AMBATO,PILAGUIN (PILAHUIN),   Recinto PALUGSHA,18B00025,ESCUELA DE EDUCACIÓN BÁSICA INTERCULTURAL BILINGÜE JOSE FELIX AYALA,Fiscal,Sierra,Intercultural Bilingüe,Indígena,Kichwa,Tomabela,188.0,12.0,15.67
TUNGURAHUA,AMBATO,PILAGUIN (PILAHUIN),   RIO COLORADO ALTO,18B00014,ESCUELA DE EDUCACIÓN BÁSICA INTERCULTURAL BILINGÜE RIO COLORADO ALTO,Fiscal,Sierra,Intercultural Bilingüe,Indígena,Kichwa,Tomabela,20.0,2.0,10.0
TUNGURAHUA,AMBATO,PILAGUIN (PILAHUIN),   Sector Punguloma,18B00021,ESCUELA DE EDUCACIÓN BÁSICA INTERCULTURAL BILINGÜE NUEVA ESPERANZA,Fiscal,Sierra,Intercultural Bilingüe,Indígena,Kichwa,Tomabela,48.0,3.0,16.0
TUNGURAHUA,AMBATO,QUISAPINCHA (QUIZAPINCHA),   Calhuasig Grande,18B00037,ESCUELA DE EDUCACION BASICA  INTERCULTURAL BILINGÜE CIUDAD DE AZOGUES,Fiscal,Sierra,Intercultural Bilingüe,Indígena,Kichwa,kisapincha,107.0,12.0,8.92
TUNGURAHUA,AMBATO,QUISAPINCHA (QUIZAPINCHA),   COMUNIDAD DEL GALPON,18B00035,UNIDAD EDUCATIVA DEL MILENIO INTERCULTURAL  BILINGÜE PUEBLO KISAPINCHA,Fiscal,Sierra,Intercultural Bilingüe,Indígena,Kichwa,kisapincha,310.0,27.0,11.48
TUNGURAHUA,AMBATO,QUISAPINCHA (QUIZAPINCHA),   ILLAHUA CHICO  CASERIO,18B00002,UNIDAD EDUCATIVA INTERCULTURAL BILINGÜE CASAHUALA,Fiscal,Sierra,Intercultural Bilingüe,Indígena,Kichwa,kisapincha,148.0,16.0,9.25
TUNGURAHUA,AMBATO,SAN FERNANDO (PASA SAN FERNANDO),   CASERIO TAMBALO (COMUNIDAD),18B00061,ESCUELA DE EDUCACION BASICA INTERCULTURAL BILINGÜE REPUBLICA DE PARAGUAY,Fiscal,Sierra,Intercultural Bilingüe,Indígena,Kichwa,Tomabela,27.0,3.0,9.0
TUNGURAHUA,AMBATO,SANTA ROSA,   ANGAHUANA ALTO SAN MIGUEL,18B00063,ESCUELA DE EDUCACION BASICA INTERCULTURAL BILINGUE DR PLUTARCO NARANJO,Fiscal,Sierra,Intercultural Bilingüe,Indígena,Kichwa,Tomabela,23.0,2.0,11.5
TUNGURAHUA,AMBATO,SANTA ROSA,   CASERIO SECTOR 4 ESQUINAS VíA TISALEO Y VíA APATUG,18B00064,UNIDAD EDUCATIVA INTERCULTURAL BILINGUE HUAYNA CAPAC,Fiscal,Sierra,Intercultural Bilingüe,Indígena,Kichwa,Tomabela,510.0,29.0,17.59
TUNGURAHUA,AMBATO,SANTA ROSA,   RECINTO APATUG ALTO,18B00062,ESCUELA DE EDUCACIÓN BÁSICA INTERCULTURAL BILINGUE MUSHUC ÑAN,Fiscal,Sierra,Intercultural Bilingüe,Indígena,Kichwa,Tomabela,137.0,9.0,15.22
TUNGURAHUA,PATATE,EL TRIUNFO,   CRUZ LOMA ALTO,18B00065,CENTRO EDUCATIVO INTERCULTURLA BILINGUE DR PIO JARAMILLO ALVARADO,Fiscal,Sierra,Intercultural Bilingüe,Indígena,Kichwa,Panzaleo,20.0,1.0,20.0
TUNGURAHUA,SAN PEDRO DE PELILEO,EL ROSARIO (RUMICHACA),   COMUNIDAD CONDORAHUA,18B00044,CENTRO EDUCATIVO INTERCULTURAL BILINGUE DR.JAIME ROLDOS AGUILERA,Fiscal,Sierra,Intercultural Bilingüe,Mestiza,Mestiza,Mestiza,38.0,2.0,19.0
TUNGURAHUA,SAN PEDRO DE PELILEO,SALASACA,   COMUNIDAD SANJALOMA ALTO,18B00046,CENTRO EDUCATIVO INTERCULTURAL BILINGÜE INTIÑAN,Fiscal,Sierra,Intercultural Bilingüe,Indígena,Kichwa,Salasaca,37.0,2.0,18.5
TUNGURAHUA,SAN PEDRO DE PELILEO,SALASACA,   Manzanapanba Chico,18B00066,UNIDAD EDUCATIVA COMUNITARIA INTERCULTURAL BILINGÜE  BILINGÜE MANZANAPAMBA,Fiscal,Sierra,Intercultural Bilingüe,Indígena,Kichwa,Salasaca,169.0,15.0,11.27
ZAMORA CHINCHIPE,CENTINELA DEL CONDOR,ZUMBI,   TUNTIAK,19B00060,UNIDAD EDUCATIVA COMUNITARIA INTERCULTURAL BILINGÜE AGUSTIN TSAMAREIN CHUMAPI,Fiscal,Sierra,Intercultural Bilingüe,Indígena,Shuar,Shuar,109.0,11.0,9.91
ZAMORA CHINCHIPE,EL PANGUI,EL GUISME,   SANTIAGO PAATI,19B00056,CENTRO EDUCATIVO COMUNITARIO INTERCULTURAL BILINGUE DE EDUCACION BASICA WISUM,Fiscal,Sierra,Intercultural Bilingüe,Indígena,Shuar,Shuar,18.0,1.0,18.0
ZAMORA CHINCHIPE,EL PANGUI,EL PANGUI,   BARRIO UWENTS,19B00053,UNIDAD EDUCATIVA COMUNITARIA INTERCULTURAL BILINGUE TUTIN,Fiscal,Sierra,Intercultural Bilingüe,Indígena,Shuar,Shuar,93.0,11.0,8.45
ZAMORA CHINCHIPE,EL PANGUI,EL PANGUI,   COMUNIDAD CHARIP,19B00052,CENTRO EDUCATIVO COMUNITARIO INTERCULTURAL BILINGUE DE EDUCACION BASICA JOSE ANKUASH,Fiscal,Sierra,Intercultural Bilingüe,Indígena,Shuar,Shuar,8.0,1.0,8.0
ZAMORA CHINCHIPE,EL PANGUI,EL PANGUI,   COMUNIDAD LA ALFONSINA,19B00055,CENTRO EDUCATIVO COMUNITARIO INTERCULTURAL BILINGÜE DE EDUCACION BASICA PANKI,Fiscal,Sierra,Intercultural Bilingüe,Indígena,Shuar,Shuar,22.0,1.0,22.0
ZAMORA CHINCHIPE,EL PANGUI,EL PANGUI,   COMUNIDAD  MICHA NUNKA,19B00054,CENTRO EDUCATIVO COMUNITARIO INTERCULTURAL BILINGUE DE EDUCACION BASICA ANDRES NAYAP,Fiscal,Sierra,Intercultural Bilingüe,Indígena,Shuar,Shuar,9.0,1.0,9.0
ZAMORA CHINCHIPE,EL PANGUI,EL PANGUI,   PACHKUS,19B00079,CENTRO EDUCATIVO COMUNITARIO INTERCULTURAL BILINGUE DE EDUCACION BASICA CHUINT,Fiscal,Sierra,Intercultural Bilingüe,Indígena,Shuar,Shuar,13.0,1.0,13.0
ZAMORA CHINCHIPE,EL PANGUI,PACHICUTZA,   BARRIO ACHUNTS,19B00081,CENTRO EDUCATIVO COMUNITARIO INTERCULTURAL BILINGÜE DE EDUCACION BASICA JOAQUIN WACHAPA MAKAT,Fiscal,Sierra,Intercultural Bilingüe,Indígena,Shuar,Shuar,8.0,1.0,8.0
ZAMORA CHINCHIPE,EL PANGUI,PACHICUTZA,   BARRIO SHAKAI,19B00058,CENTRO EDUCATIVO COMUNITARIO INTERCULTURAL BILINGÜE DE EDUCACION BASICA SAANT,Fiscal,Sierra,Intercultural Bilingüe,Indígena,Shuar,Shuar,14.0,1.0,14.0
ZAMORA CHINCHIPE,NANGARITZA,GUAYZIMI,   COMUNIDAD WANKUIS,19B00008,CENTRO EDUCATIVO COMUNITARIO INTERCULTURAL BILINGÜE DE EDUCACIÓN BÁSICA FELIPE WAMPASH,Fiscal,Sierra,Intercultural Bilingüe,Indígena,Shuar,Shuar,21.0,1.0,21.0
ZAMORA CHINCHIPE,NANGARITZA,GUAYZIMI,   SAN JUAN NANTIP,19B00116,CENTRO EDUCATIVO COMUNITARIO INTERCULTURAL BILINGÜE DE EDUCACIÓN BÁSICA RAMON AUJTAKAI,Fiscal,Sierra,Intercultural Bilingüe,Indígena,Shuar,Shuar,14.0,1.0,14.0
ZAMORA CHINCHIPE,NANGARITZA,GUAYZIMI,   SANTA ROSA,19B00006,CENTRO EDUCATIVO COMUNITARIO INTERCULTURAL BILINGÜE DE EDUCACIÓN BÁSICA DOLORES CACUANGO,Fiscal,Sierra,Intercultural Bilingüe,Indígena,Kichwa,Saraguro,28.0,2.0,14.0
ZAMORA CHINCHIPE,NANGARITZA,GUAYZIMI,   TSARUNTS - NANKAIS,19B00009,UNIDAD EDUCATIVA COMUNITARIA INTERCULTURAL BILINGÜE JOSE LUIS NANTIPA,Fiscal,Sierra,Intercultural Bilingüe,Indígena,Shuar,Shuar,144.0,13.0,11.08
ZAMORA CHINCHIPE,NANGARITZA,NUEVO PARAISO,   SAAR ENTSA,19B00015,CENTRO EDUCATIVO COMUNITARIO INTERCULTURAL BILINGÜE DE EDUCACIÓN BÁSICA ARUTAM,Fiscal,Sierra,Intercultural Bilingüe,Indígena,Shuar,Shuar,30.0,1.0,30.0
ZAMORA CHINCHIPE,NANGARITZA,ZURMI,   BARRIO DOMINGO SABIO,19B00086,CENTRO EDUCATIVO COMUNITARIO INTERCULTURAL BILINGÜE DE EDUCACIÓN BÁSICA TERESA YAMPIK,Fiscal,Sierra,Intercultural Bilingüe,Indígena,Shuar,Shuar,5.0,1.0,5.0
ZAMORA CHINCHIPE,NANGARITZA,ZURMI,   BARRIO LOS ANGELES,19B00115,CENTRO EDUCATIVO COMUNITARIO INTERCULTURAL BILINGÜE DE EDUCACIÓN BÁSICA TSENKEANK,Fiscal,Sierra,Intercultural Bilingüe,Indígena,Shuar,Shuar,6.0,1.0,6.0
ZAMORA CHINCHIPE,NANGARITZA,ZURMI,   COMUNIDAD CHUMPIAS,19B00087,CENTRO EDUCATIVO COMUNITARIO INTERCULTURAL BILINGÜE DE EDUCACIÓN BÁSICA TENTETS,Fiscal,Sierra,Intercultural Bilingüe,Indígena,Shuar,Shuar,17.0,1.0,17.0
ZAMORA CHINCHIPE,NANGARITZA,ZURMI,   COMUNIDAD MIAZI,19B00010,CENTRO EDUCATIVO COMUNITARIO INTERCULTURAL BILINGÜE DE EDUCACIÓN BÁSICA YAWINTS,Fiscal,Sierra,Intercultural Bilingüe,Indígena,Shuar,Shuar,28.0,2.0,14.0
ZAMORA CHINCHIPE,NANGARITZA,ZURMI,   COMUNIDAD SHAMATAK,19B00012,CENTRO EDUCATIVO COMUNITARIO INTERCULTURAL BILINGÜE DE EDUCACIÓN BÁSICA JOSE ANTONIO,Fiscal,Sierra,Intercultural Bilingüe,Indígena,Shuar,Shuar,58.0,2.0,29.0
ZAMORA CHINCHIPE,NANGARITZA,ZURMI,   COMUNIDAD SHUAR WANTS,19B00083,CENTRO EDUCATIVO COMUNITARIO INTERCULTURAL BILINGÜE DE EDUCACIÓN BÁSICA BASE SUR,Fiscal,Sierra,Intercultural Bilingüe,Indígena,Shuar,Shuar,23.0,1.0,23.0
ZAMORA CHINCHIPE,NANGARITZA,ZURMI,   COMUNIDAD WAMPIASHUK,19B00014,CENTRO EDUCATIVO COMUNITARIO INTERCULTURAL BILINGÜE DE EDUCACIÓN BÁSICA ETSEKIAM,Fiscal,Sierra,Intercultural Bilingüe,Indígena,Shuar,Shuar,18.0,1.0,18.0
ZAMORA CHINCHIPE,NANGARITZA,ZURMI,   COMUNIDAD YAWI,19B00016,CENTRO EDUCATIVO COMUNITARIO INTERCULTURAL BILINGÜE DE EDUCACIÓN BÁSICA WAMPACH,Fiscal,Sierra,Intercultural Bilingüe,Indígena,Shuar,Shuar,62.0,4.0,15.5
ZAMORA CHINCHIPE,NANGARITZA,ZURMI,   COMUNIDAD  YAYU,19B00011,CENTRO EDUCATIVO COMUNITARIO INTERCULTURAL BILINGÜE DE EDUCACIÓN BÁSICA TIWIRAM,Fiscal,Sierra,Intercultural Bilingüe,Indígena,Shuar,Shuar,40.0,4.0,10.0
ZAMORA CHINCHIPE,NANGARITZA,ZURMI,   HEROES DEL CONDOR,19B00085,CENTRO EDUCATIVO COMUNITARIO INTERCULTURAL BILINGÜE DE EDUCACIÓN BÁSICA NUNKUI,Fiscal,Sierra,Intercultural Bilingüe,Mestiza,Mestiza,Mestiza,27.0,1.0,27.0
ZAMORA CHINCHIPE,NANGARITZA,ZURMI,   KUCHANTS,19B00134,CENTRO EDUCATIVO COMUNITARIO INTERCULTURAL BILINGÜE DE EDUCACIÓN BÁSICA JOSÉ SHARUP,Fiscal,Sierra,Intercultural Bilingüe,Indígena,Shuar,Shuar,23.0,1.0,23.0
ZAMORA CHINCHIPE,NANGARITZA,ZURMI,   PACHKIUS,19B00013,CENTRO EDUCATIVO COMUNITARIO INTERCULTURAL BILINGÜE DE EDUCACIÓN BÁSICA ISABEL WAMPASH,Fiscal,Sierra,Intercultural Bilingüe,Indígena,Shuar,Shuar,26.0,2.0,13.0
ZAMORA CHINCHIPE,NANGARITZA,ZURMI,   SHAIM,19B00084,UNIDAD EDUCATIVA COMUNITARIA INTERCULTURAL BILINGÜE JUAN CHUINDA,Fiscal,Sierra,Intercultural Bilingüe,Indígena,Shuar,Shuar,164.0,12.0,13.67
ZAMORA CHINCHIPE,NANGARITZA,ZURMI,   SUMAK YAKU,19B00072,CENTRO EDUCATIVO COMUNITARIO INTERCULTURAL BILINGÜE DE EDUCACIÓN BÁSICA SAN MARTIN DE PORRES,Fiscal,Sierra,Intercultural Bilingüe,Indígena,Kichwa,Saraguro,7.0,1.0,7.0
ZAMORA CHINCHIPE,PAQUISHA,BELLAVISTA,   COMUNIDAD CHICHIS,19B00068,CENTRO EDUCATIVO COMUNITARIO INTERCULTURAL BILINGÜE DE EDUCACIÓN BÁSICA ANTONIO CHUMAPI,Fiscal,Sierra,Intercultural Bilingüe,Indígena,Shuar,Shuar,31.0,2.0,15.5
ZAMORA CHINCHIPE,PAQUISHA,NUEVO QUITO,   BARRIO CISAM,19B00063,CENTRO EDUCATIVO COMUNITARIO INTERCULTURAL BILINGÜE DE EDUCACIÓN BÁSICA CIUDAD DE SARAGURO,Fiscal,Sierra,Intercultural Bilingüe,Indígena,Kichwa,Saraguro,31.0,2.0,15.5
ZAMORA CHINCHIPE,PAQUISHA,NUEVO QUITO,   BARRIO SAN LUIS,19B00064,CENTRO EDUCATIVO COMUNITARIO INTERCULTURAL BILINGÜE DE EDUCACIÓN BÁSICA PEDRO KASENT,Fiscal,Sierra,Intercultural Bilingüe,Indígena,Shuar,Shuar,28.0,1.0,28.0
ZAMORA CHINCHIPE,PAQUISHA,NUEVO QUITO,   COMUNIDAD DE SAN PEDRO,19B00062,CENTRO EDUCATIVO COMUNITARIO INTERCULTURAL BILINGÜE DE EDUCACIÓN BÁSICA PADRE AMABLE CARRION,Fiscal,Sierra,Intercultural Bilingüe,Indígena,Kichwa,Saraguro,5.0,1.0,5.0
ZAMORA CHINCHIPE,PAQUISHA,NUEVO QUITO,   COMUNIDAD KENKUIM,19B00066,UNIDAD EDUCATIVA COMUNITARIA INTERCULTURAL BILINGÜE EDUARDO JUANK MIIK,Fiscal,Sierra,Intercultural Bilingüe,Indígena,Shuar,Shuar,201.0,14.0,14.36
ZAMORA CHINCHIPE,PAQUISHA,PAQUISHA,AV. JAIME ROLDOS  VEINTICUATRO DE MAYO ,19B00067,UNIDAD EDUCATIVA COMUNITARIA INTERCULTURAL BILINGÜE CIUDAD DE PAQUISHA,Fiscal,Sierra,Intercultural Bilingüe,Indígena,Kichwa,Saraguro,258.0,17.0,15.18
ZAMORA CHINCHIPE,YACUAMBI,28 DE MAYO (SAN JOSE DE YACUAMBI),   BARRIO BARBASCAL,19B00017,CENTRO EDUCATIVO COMUNITARIO INTERCULTURAL BILINGUE DE EDUCACION BASICA ERNESTO GUEVARA,Fiscal,Sierra,Intercultural Bilingüe,Indígena,Kichwa,Saraguro,3.0,1.0,3.0
ZAMORA CHINCHIPE,YACUAMBI,28 DE MAYO (SAN JOSE DE YACUAMBI),   BARRIO BELLAVISTA,19B00022,CENTRO EDUCATIVO COMUNITARIO INTERCULTURAL BILINGUE DE EDUCACION BASICA JOSE MARIA URBINA,Fiscal,Sierra,Intercultural Bilingüe,Indígena,Kichwa,Saraguro,7.0,1.0,7.0
ZAMORA CHINCHIPE,YACUAMBI,28 DE MAYO (SAN JOSE DE YACUAMBI),   BARRIO CAMBANA,19B00019,CENTRO EDUCATIVO COMUNITARIO INTERCULTURAL BILINGUE DE EDUCACION BASICA FRAY ENRIQUE VACAS GALINDO,Fiscal,Sierra,Intercultural Bilingüe,Indígena,Kichwa,Saraguro,27.0,2.0,13.5
ZAMORA CHINCHIPE,YACUAMBI,28 DE MAYO (SAN JOSE DE YACUAMBI),   BARRIO CHOZAPAMPA,19B00024,CENTRO EDUCATIVO COMUNITARIO INTERCULTURAL BILINGUE DE EDUCACION BASICA WIÑAY SISA,Fiscal,Sierra,Intercultural Bilingüe,Indígena,Kichwa,Saraguro,12.0,1.0,12.0
ZAMORA CHINCHIPE,YACUAMBI,28 DE MAYO (SAN JOSE DE YACUAMBI),   BARRIO GUANDUS,19B00037,CENTRO EDUCATIVO COMUNITARIO INTERCULTURAL BILINGUE DE EDUCACION BASICA RUNA SHUNKU,Fiscal,Sierra,Intercultural Bilingüe,Indígena,Kichwa,Saraguro,9.0,1.0,9.0
ZAMORA CHINCHIPE,YACUAMBI,28 DE MAYO (SAN JOSE DE YACUAMBI),   BARRIO GUAVIDUCA,19B00025,CENTRO EDUCATIVO COMUNITARIO INTERCULTURAL BILINGUE DE EDUCACION BASICA YACHANA HUASI,Fiscal,Sierra,Intercultural Bilingüe,Indígena,Kichwa,Saraguro,6.0,1.0,6.0
ZAMORA CHINCHIPE,YACUAMBI,28 DE MAYO (SAN JOSE DE YACUAMBI),   BARRIO HUACAPAMBA,19B00028,CENTRO EDUCATIVO COMUNITARIO INTERCULTURAL BILINGUE DE EDUCACION BASICA SEBASTIAN GUAILLAS,Fiscal,Sierra,Intercultural Bilingüe,Indígena,Kichwa,Saraguro,5.0,1.0,5.0
ZAMORA CHINCHIPE,YACUAMBI,28 DE MAYO (SAN JOSE DE YACUAMBI),   BARRIO MANKA    URKU,19B00021,CENTRO EDUCATIVO COMUNITARIO INTERCULTURAL BILINGUE DE EDUCACION BASICA GENERAL QUIZQUIZ,Fiscal,Sierra,Intercultural Bilingüe,Indígena,Kichwa,Saraguro,3.0,1.0,3.0
ZAMORA CHINCHIPE,YACUAMBI,28 DE MAYO (SAN JOSE DE YACUAMBI),   BARRIO SAYUPAMBA,19B00043,CENTRO EDUCATIVO COMUNITARIO INTERCULTURAL BILINGUE DE EDUCACION BASICA JAIME ROLDOS AGUILERA,Fiscal,Sierra,Intercultural Bilingüe,Indígena,Kichwa,Saraguro,14.0,2.0,7.0
ZAMORA CHINCHIPE,YACUAMBI,28 DE MAYO (SAN JOSE DE YACUAMBI),   CHIVATO BAJO,19B00090,CENTRO EDUCATIVO COMUNITARIO INTERCULTURAL BILINGUE DE EDUCACION BASICA KUNTUR SAMANA,Fiscal,Sierra,Intercultural Bilingüe,Indígena,Kichwa,Saraguro,2.0,1.0,2.0
ZAMORA CHINCHIPE,YACUAMBI,28 DE MAYO (SAN JOSE DE YACUAMBI),   COMUNIDAD CHONTAPAMPA,19B00023,CENTRO EDUCATIVO COMUNITARIO INTERCULTURAL BILINGUE DE EDUCACION BASICA INKA SAMANA,Fiscal,Sierra,Intercultural Bilingüe,Indígena,Kichwa,Saraguro,2.0,1.0,2.0
ZAMORA CHINCHIPE,YACUAMBI,28 DE MAYO (SAN JOSE DE YACUAMBI),   COMUNIDAD MUSHUK KAWSAY - JUNTO AL ESTADIO MUNCIPAL,19B00091,UNIDAD EDUCATIVA COMUNITARIA INTERCULTURAL BILINGÜE DANIEL CHALAN,Fiscal,Sierra,Intercultural Bilingüe,Indígena,Kichwa,Saraguro,361.0,21.0,17.19
ZAMORA CHINCHIPE,YACUAMBI,28 DE MAYO (SAN JOSE DE YACUAMBI),   COMUNIDAD POMARROSA,19B00089,CENTRO EDUCATIVO COMUNITARIO INTERCULTURTAL BILINGÜE DE EDUCACION BASICA KAWSAY ÑAN,Fiscal,Sierra,Intercultural Bilingüe,Indígena,Kichwa,Saraguro,5.0,1.0,5.0
ZAMORA CHINCHIPE,YACUAMBI,LA PAZ,   BARRIO NAPURAK,19H00247,CENTRO EDUCATIVO COMUNITARIO INTERCULTURAL BILINGÜE DE EDUCACION BASICA MIGUEL IJISAM,Fiscal,Sierra,Intercultural Bilingüe,Indígena,Shuar,Shuar,6.0,1.0,6.0
ZAMORA CHINCHIPE,YACUAMBI,LA PAZ,   BARRIO SAN PEDRO,19B00030,CENTRO EDUCATIVO COMUNITARIO INTERCULTURAL BILINGUE DE EDUCACION BASICA GENERAL RUMIÑAHUI,Fiscal,Sierra,Intercultural Bilingüe,Indígena,Kichwa,Saraguro,6.0,1.0,6.0
ZAMORA CHINCHIPE,YACUAMBI,LA PAZ,   COMUNIDAD SHUAR KURINTS,19B00036,UNIDAD EDUCATIVA COMUNITARIA INTERCULTURAL BILINGUE LUIS TSUKANKA,Fiscal,Sierra,Intercultural Bilingüe,Indígena,Shuar,Shuar,136.0,14.0,9.71
ZAMORA CHINCHIPE,YACUAMBI,LA PAZ,   LA PAZ,19B00029,UNIDAD EDUCATIVA COMUNITARIA INTERCULTURAL BILINGÜE ANGEL NOLBERTO SUAREZ,Fiscal,Sierra,Intercultural Bilingüe,Indígena,Kichwa,Saraguro,158.0,13.0,12.15
ZAMORA CHINCHIPE,YACUAMBI,LA PAZ,   NAMAKUNTZA,19B00034,CENTRO EDUCATIVO COMUNITARIO INTERCULTURAL BILINGUE DE EDUCACION BASICA TUPAC AMARU,Fiscal,Sierra,Intercultural Bilingüe,Indígena,Kichwa,Saraguro,12.0,1.0,12.0
ZAMORA CHINCHIPE,YACUAMBI,LA PAZ,   NUEVO PORVENIR,19B00035,CENTRO EDUCATIVO COMUNITARIO INTERCULTURAL BILINGUE DE EDUCACION BASICA HUAYNA CAPAC,Fiscal,Sierra,Intercultural Bilingüe,Indígena,Kichwa,Chibuleo,65.0,8.0,8.12
ZAMORA CHINCHIPE,YACUAMBI,LA PAZ,   PIUNTZA ALTO,19B00033,CENTRO EDUCATIVO COMUNITARIO INTERCULTURAL BILINGUE DE EDUCACION BASICA JAIME IZQUIERDO,Fiscal,Sierra,Intercultural Bilingüe,Indígena,Kichwa,Saraguro,2.0,1.0,2.0
ZAMORA CHINCHIPE,YACUAMBI,LA PAZ,   SANTA ROSA,19B00092,CENTRO EDUCATIVO COMUNITARIO INTERCULTURAL BILINGÜE DE EDUCACION BASICA SAMI RIKCHAY,Fiscal,Sierra,Intercultural Bilingüe,Indígena,Kichwa,Saraguro,20.0,1.0,20.0
ZAMORA CHINCHIPE,YACUAMBI,TUTUPALI,   BARRIO SANTA ROSA,19B00041,CENTRO EDUCATIVO COMUNITARIO INTERCULTURAL BILINGUE DE EDUCACION BASICA INTI LLAKTA,Fiscal,Sierra,Intercultural Bilingüe,Indígena,Kichwa,Saraguro,1.0,1.0,1.0
ZAMORA CHINCHIPE,YACUAMBI,TUTUPALI,   COMUNIDAD ESPERANZA DE ORTEGA,19B00094,CENTRO EDUCATIVO COMUNITARIO INTERCULTURAL BILINGUE DE EDUCACION BASICA INCA ÑAN,Fiscal,Sierra,Intercultural Bilingüe,Indígena,Kichwa,Saraguro,12.0,1.0,12.0
ZAMORA CHINCHIPE,YACUAMBI,TUTUPALI,   ORTEGA ALTO,19B00039,CENTRO EDUCATIVO COMUNITARIO INTERCULTURAL BILINGUE DE EDUCACION BASICA NICOLAS INFANTE,Fiscal,Sierra,Intercultural Bilingüe,Indígena,Kichwa,Saraguro,17.0,1.0,17.0
ZAMORA CHINCHIPE,YACUAMBI,TUTUPALI,   ORTEGA BAJO,19B00070,CENTRO EDUCATIVO COMUNITARIO INTERCULTURAL BILINGUE DE EDUCACION BASICA EUDOFILO ALVAREZ,Fiscal,Sierra,Intercultural Bilingüe,Indígena,Kichwa,Saraguro,16.0,1.0,16.0
ZAMORA CHINCHIPE,YACUAMBI,TUTUPALI,   PARROQUIA TUTUPALI,19B00139,UNIDAD EDUCATIVA COMUNITARIA INTERCULTURAL BILINGÜE GENERAL MIRANDA,Fiscal,Sierra,Intercultural Bilingüe,Indígena,Kichwa,Saraguro,98.0,13.0,7.54
ZAMORA CHINCHIPE,YACUAMBI,TUTUPALI,   VIA YACUAMBI   SARAGURO- BARRIO LA ESPERANZA,19B00038,CENTRO EDUCATIVO COMUNITARIO INTERCULTURAL BILINGUE DE EDUCACION BASICA OTTO AROSEMENA GOMEZ,Fiscal,Sierra,Intercultural Bilingüe,Indígena,Kichwa,Saraguro,52.0,7.0,7.43
ZAMORA CHINCHIPE,YANTZAZA (YANZATZA),CHICAÑA,   BARRIO ANKUASH,19B00046,CENTRO EDUCATIVO COMUNITARIO INTERCULTURAL BILINGUE DE EDUCACION BASICA YAMPAN,Fiscal,Sierra,Intercultural Bilingüe,Indígena,Shuar,Shuar,6.0,1.0,6.0
ZAMORA CHINCHIPE,YANTZAZA (YANZATZA),CHICAÑA,   BARRIO EL PLATEADO,19B00099,CENTRO EDUCATIVO COMUNITARIO INTERCULTURAL BILINGUE DE EDUCACION BASICA SIMON RODRIGUEZ,Fiscal,Sierra,Intercultural Bilingüe,Indígena,Kichwa,Saraguro,11.0,1.0,11.0
ZAMORA CHINCHIPE,YANTZAZA (YANZATZA),CHICAÑA,   BARRIO LA UNION,19B00098,CENTRO EDUCATIVO COMUNITARIO INTERCULTURAL BILINGUE DE EDUCACION BASICA TERESA DE CEPEDA Y FUERTES,Fiscal,Sierra,Intercultural Bilingüe,Indígena,Kichwa,Saraguro,9.0,1.0,9.0
ZAMORA CHINCHIPE,YANTZAZA (YANZATZA),CHICAÑA,   BARRIO SAN JUAN,19B00045,CENTRO EDUCATIVO COMUNITARIO INTERCULTURAL BILINGÜE DE EDUCACION BASICA ANTONIO TSAMARAINT,Fiscal,Sierra,Intercultural Bilingüe,Indígena,Shuar,Waranka,5.0,1.0,5.0
ZAMORA CHINCHIPE,YANTZAZA (YANZATZA),CHICAÑA,   BARRIO SAN VICENTE DE CANEY,19B00047,CENTRO EDUCATIVO COMUNITARIO INTERCULTURAL BILINGUE DE EDUCACION BASICA CIUDAD DE AMBATO,Fiscal,Sierra,Intercultural Bilingüe,Indígena,Kichwa,Saraguro,132.0,13.0,10.15
ZAMORA CHINCHIPE,YANTZAZA (YANZATZA),CHICAÑA,   COMUNIDAD DE SAN LUIS,19B00097,CENTRO EDUCATIVO COMUNITARIO INTERCULTURAL BILINGUE DE EDUCACION BASICA ANDRES ANTUASH,Fiscal,Sierra,Intercultural Bilingüe,Indígena,Shuar,Shuar,20.0,1.0,20.0
ZAMORA CHINCHIPE,YANTZAZA (YANZATZA),YANTZAZA (YANZATZA),   LA FLORIDA,19B00135,CENTRO EDUCATIVO COMUNITARIO INTERCULTURAL BILINGÜE DE EDUCACION BASICA YAMA TSAWANT,Fiscal,Sierra,Intercultural Bilingüe,Indígena,Kichwa,Saraguro,20.0,1.0,20.0
ZAMORA CHINCHIPE,ZAMORA,GUADALUPE,   BARRIO SAN JOSE,19B00003,CENTRO EDUCATIVO COMUNITARIO INTERCULTURAL BILINGUE DE EDUCACION BASICA INTI PAKARI,Fiscal,Sierra,Intercultural Bilingüe,Indígena,Kichwa,Saraguro,16.0,1.0,16.0
ZAMORA CHINCHIPE,ZAMORA,GUADALUPE,   BARRIO SAN JUAN,19B00002,CENTRO EDUCATIVO COMUNITARIO INTERCULTURAL BILINGUE DE EDUCACION BASICA SANTA MERCEDES,Fiscal,Sierra,Intercultural Bilingüe,Indígena,Shuar,Shuar,3.0,1.0,3.0
ZAMORA CHINCHIPE,ZAMORA,GUADALUPE,   COMUNIDAD KANTSAM ALTO,19B00004,CENTRO EDUCATIVO COMUNITARIO INTERCULTURAL BILINGUE DE EDUCACION BASICA MERCEDES TSAKIMP,Fiscal,Sierra,Intercultural Bilingüe,Indígena,Shuar,Shuar,20.0,1.0,20.0
ZAMORA CHINCHIPE,ZAMORA,GUADALUPE,   EL CARMELO,19B00103,CENTRO EDUCATIVO COMUNITARIO INTERCULTURAL BILINGUE DE EDUCACION BASICA CORINA DEL PARRAL,Fiscal,Sierra,Intercultural Bilingüe,Indígena,Kichwa,Saraguro,1.0,1.0,1.0
ZAMORA CHINCHIPE,ZAMORA,IMBANA (LA VICTORIA DE IMBANA),   BARRIO EL CRISTAL,19B00104,CENTRO EDUCATIVO COMUNITARIO INTERCULTURAL BILINGUE DE EDUCACION BASICA JOSE MARIA VELASCO IBARRA,Fiscal,Sierra,Intercultural Bilingüe,Indígena,Kichwa,Saraguro,14.0,1.0,14.0
ZAMORA CHINCHIPE,ZAMORA,IMBANA (LA VICTORIA DE IMBANA),   BARRIO EL TIBIO BAJO,19B00138,UNIDAD EDUCATIVA COMUNITARIA INTERCULTURAL BILINGÜE BERNARDINO ECHEVERRIA,Fiscal,Sierra,Intercultural Bilingüe,Indígena,Kichwa,Saraguro,102.0,14.0,7.29
ZAMORA CHINCHIPE,ZAMORA,TIMBARA,   BARRIO SAKANTZA,19B00095,CENTRO EDUCATIVO COMUNITARIO INTERCULTURAL BILINGUE DE EDUCACION BASICA MONSEÑOR LEONIDAS PROAÑO,Fiscal,Sierra,Intercultural Bilingüe,Indígena,Kichwa,Saraguro,12.0,1.0,12.0
ZAMORA CHINCHIPE,ZAMORA,TIMBARA,   SANTA CECILIA,19B00071,CENTRO EDUCATIVO COMUNITARIO INTERCULTURAL BILINGUE DE EDUCACION BASICA 22 DE NOVIEMBRE,Fiscal,Sierra,Intercultural Bilingüe,Indígena,Kichwa,Saraguro,15.0,1.0,15.0
